-- CTE_Northwind_Demo.sql
-- Script estilo Northwind para SQL Server: solo estructura y datos actuales del demo CTE.
-- No incluye auditoria ni triggers; la auditoria se maneja aparte en PostgreSQL.

SET NOCOUNT ON;
GO

IF DB_ID(N'CTE_Northwind_Demo') IS NULL CREATE DATABASE [CTE_Northwind_Demo];
GO
USE [CTE_Northwind_Demo];
GO

IF OBJECT_ID(N'[Garantias]', N'U') IS NOT NULL DROP TABLE [Garantias];
IF OBJECT_ID(N'[Facturas]', N'U') IS NOT NULL DROP TABLE [Facturas];
IF OBJECT_ID(N'[Ordenes_Repuestos]', N'U') IS NOT NULL DROP TABLE [Ordenes_Repuestos];
IF OBJECT_ID(N'[Ordenes]', N'U') IS NOT NULL DROP TABLE [Ordenes];
IF OBJECT_ID(N'[Diagnosticos]', N'U') IS NOT NULL DROP TABLE [Diagnosticos];
IF OBJECT_ID(N'[Compras]', N'U') IS NOT NULL DROP TABLE [Compras];
IF OBJECT_ID(N'[Repuestos]', N'U') IS NOT NULL DROP TABLE [Repuestos];
IF OBJECT_ID(N'[Categorias_Repuestos]', N'U') IS NOT NULL DROP TABLE [Categorias_Repuestos];
IF OBJECT_ID(N'[Proveedores]', N'U') IS NOT NULL DROP TABLE [Proveedores];
IF OBJECT_ID(N'[Equipos]', N'U') IS NOT NULL DROP TABLE [Equipos];
IF OBJECT_ID(N'[Clientes]', N'U') IS NOT NULL DROP TABLE [Clientes];
IF OBJECT_ID(N'[Tecnicos]', N'U') IS NOT NULL DROP TABLE [Tecnicos];
IF OBJECT_ID(N'[Usuarios]', N'U') IS NOT NULL DROP TABLE [Usuarios];
GO

CREATE TABLE [Usuarios] (
  [id_usuario] INT NOT NULL,
  [nombre_usuario] NVARCHAR(100) NOT NULL,
  [contrasena_hash] NVARCHAR(255) NOT NULL,
  [correo_electronico] NVARCHAR(255) NULL,
  [rol] NVARCHAR(50) NOT NULL,
  [activo] BIT NOT NULL,
  [fecha_creacion] DATETIME2 NULL,
  CONSTRAINT [PK_Usuarios] PRIMARY KEY ([id_usuario])
);
GO

CREATE TABLE [Tecnicos] (
  [id_tecnico] INT NOT NULL,
  [usuario_id] INT NULL,
  [nombre] NVARCHAR(150) NOT NULL,
  [especialidad] NVARCHAR(255) NULL,
  [horario] NVARCHAR(100) NULL,
  [contacto] NVARCHAR(150) NULL,
  [activo] BIT NOT NULL,
  CONSTRAINT [PK_Tecnicos] PRIMARY KEY ([id_tecnico])
);
GO

CREATE TABLE [Clientes] (
  [id_cliente] INT NOT NULL,
  [nombre] NVARCHAR(150) NOT NULL,
  [telefono] NVARCHAR(50) NULL,
  [direccion] NVARCHAR(255) NULL,
  [correo] NVARCHAR(255) NULL,
  [contacto_secundario] NVARCHAR(100) NULL,
  [activo] BIT NOT NULL,
  CONSTRAINT [PK_Clientes] PRIMARY KEY ([id_cliente])
);
GO

CREATE TABLE [Equipos] (
  [id_equipo] INT NOT NULL,
  [cliente_id] INT NOT NULL,
  [marca] NVARCHAR(100) NULL,
  [tipo] NVARCHAR(100) NULL,
  [numero_serie] NVARCHAR(120) NULL,
  [modelo] NVARCHAR(150) NULL,
  CONSTRAINT [PK_Equipos] PRIMARY KEY ([id_equipo])
);
GO

CREATE TABLE [Proveedores] (
  [id_proveedor] INT NOT NULL,
  [nombre] NVARCHAR(150) NOT NULL,
  [telefono] NVARCHAR(50) NULL,
  [direccion] NVARCHAR(255) NULL,
  [correo] NVARCHAR(255) NULL,
  [web] NVARCHAR(255) NULL,
  [notas] NVARCHAR(MAX) NULL,
  [descontinuada] BIT NOT NULL,
  CONSTRAINT [PK_Proveedores] PRIMARY KEY ([id_proveedor])
);
GO

CREATE TABLE [Categorias_Repuestos] (
  [id_tipo_repuesto] INT NOT NULL,
  [nombre_tipo] NVARCHAR(150) NULL,
  [electronico] NVARCHAR(150) NULL,
  CONSTRAINT [PK_Categorias_Repuestos] PRIMARY KEY ([id_tipo_repuesto])
);
GO

CREATE TABLE [Repuestos] (
  [id_repuesto] INT NOT NULL,
  [tipo_repuesto_id] INT NOT NULL,
  [proveedor_id] INT NULL,
  [nombre] NVARCHAR(180) NULL,
  [descripcion] NVARCHAR(MAX) NULL,
  [costo_individual] DECIMAL(18,2) NULL,
  [porcentaje_de_ganacia] DECIMAL(18,2) NULL,
  [ganancia_cordobas] DECIMAL(18,2) NULL,
  [stock_actual] INT NOT NULL,
  [activo] BIT NOT NULL,
  [descontinuada] BIT NOT NULL,
  CONSTRAINT [PK_Repuestos] PRIMARY KEY ([id_repuesto])
);
GO

CREATE TABLE [Compras] (
  [id_compra] INT NOT NULL,
  [repuesto_id] INT NOT NULL,
  [proveedor_id] INT NOT NULL,
  [documento] NVARCHAR(100) NULL,
  [fecha_obtencion] DATETIME2 NULL,
  [cantidad] INT NULL,
  [costo_unitario] DECIMAL(18,2) NULL,
  [metodo_pago] NVARCHAR(50) NULL,
  CONSTRAINT [PK_Compras] PRIMARY KEY ([id_compra])
);
GO

CREATE TABLE [Diagnosticos] (
  [id_diagnostico] INT NOT NULL,
  [equipo_id] INT NOT NULL,
  [tecnico_id] INT NULL,
  [falla_reportada] NVARCHAR(MAX) NULL,
  [diagnostico_real] NVARCHAR(MAX) NULL,
  [presupuesto_estimado] DECIMAL(18,2) NULL,
  [prioridad] NVARCHAR(50) NULL,
  [fecha_hora] DATETIME2 NULL,
  [fecha_asignacion] DATETIME2 NULL,
  [estado_del_diagnostico] NVARCHAR(50) NOT NULL,
  [Estado_aprobacion] NVARCHAR(50) NOT NULL,
  [deja_cargador] BIT NOT NULL,
  [enciende] BIT NOT NULL,
  [usa_corriente_ac] BIT NOT NULL,
  CONSTRAINT [PK_Diagnosticos] PRIMARY KEY ([id_diagnostico])
);
GO

CREATE TABLE [Ordenes] (
  [id_orden] INT NOT NULL,
  [diagnostico_id] INT NOT NULL,
  [tecnico_id] INT NULL,
  [prioridad] NVARCHAR(50) NULL,
  [estado] NVARCHAR(50) NULL,
  [fecha_ingreso] DATETIME2 NULL,
  [resultado_final] NVARCHAR(50) NULL,
  [enciende_salida] BIT NULL,
  [usa_corriente_ac_salida] BIT NULL,
  [observacion_final] NVARCHAR(MAX) NULL,
  [fecha_cierre] DATETIME2 NULL,
  CONSTRAINT [PK_Ordenes] PRIMARY KEY ([id_orden])
);
GO

CREATE TABLE [Ordenes_Repuestos] (
  [id_detalle_repuesto] INT NOT NULL,
  [orden_id] INT NOT NULL,
  [repuesto_id] INT NULL,
  [pieza_solicitada] NVARCHAR(255) NULL,
  [cantidad_usada] INT NULL,
  [estado_aprobacion] NVARCHAR(50) NOT NULL,
  CONSTRAINT [PK_Ordenes_Repuestos] PRIMARY KEY ([id_detalle_repuesto])
);
GO

CREATE TABLE [Facturas] (
  [id_factura] INT NOT NULL,
  [orden_id] INT NOT NULL,
  [fecha_emision] DATETIME2 NULL,
  [monto_repuestos] DECIMAL(18,2) NULL,
  [mano_obra] DECIMAL(18,2) NULL,
  [subtotal] DECIMAL(18,2) NULL,
  [impuestos] DECIMAL(18,2) NULL,
  [total] DECIMAL(18,2) NULL,
  [metodo_pago] NVARCHAR(50) NULL,
  CONSTRAINT [PK_Facturas] PRIMARY KEY ([id_factura])
);
GO

CREATE TABLE [Garantias] (
  [id_garantia] INT NOT NULL,
  [factura_id] INT NOT NULL,
  [condiciones] NVARCHAR(MAX) NULL,
  [duracion_meses] INT NULL,
  [fecha_inicio] DATETIME2 NULL,
  [fecha_vencimiento] DATETIME2 NULL,
  CONSTRAINT [PK_Garantias] PRIMARY KEY ([id_garantia])
);
GO

-- Datos de Usuarios: 7 registros
INSERT INTO [Usuarios] ([id_usuario], [nombre_usuario], [contrasena_hash], [correo_electronico], [rol], [activo], [fecha_creacion]) VALUES (1, N'admin_pro', N'$2b$10$/7IaHp89gi.hRq5HyXQFfu90wgJtVAqjCG.c45nBctOBT6YFZmf9K', N'admin@cte.com', N'Administrador', 1, CONVERT(DATETIME2, '2026-05-01 03:26:37.131', 126));
INSERT INTO [Usuarios] ([id_usuario], [nombre_usuario], [contrasena_hash], [correo_electronico], [rol], [activo], [fecha_creacion]) VALUES (3, N'jefe_tecnico', N'$2b$10$/7IaHp89gi.hRq5HyXQFfu90wgJtVAqjCG.c45nBctOBT6YFZmf9K', N'jefe@cte.com', N'TecnicoJefe', 1, CONVERT(DATETIME2, '2026-05-01 03:26:37.131', 126));
INSERT INTO [Usuarios] ([id_usuario], [nombre_usuario], [contrasena_hash], [correo_electronico], [rol], [activo], [fecha_creacion]) VALUES (4, N'tecnico_juan', N'$2b$10$/7IaHp89gi.hRq5HyXQFfu90wgJtVAqjCG.c45nBctOBT6YFZmf9K', N'juan.perez@cte.com', N'Tecnico', 1, CONVERT(DATETIME2, '2026-05-01 03:26:37.131', 126));
INSERT INTO [Usuarios] ([id_usuario], [nombre_usuario], [contrasena_hash], [correo_electronico], [rol], [activo], [fecha_creacion]) VALUES (6, N'secretaria_ana', N'$2b$10$/7IaHp89gi.hRq5HyXQFfu90wgJtVAqjCG.c45nBctOBT6YFZmf9K', N'secretaria@cte.com', N'Secretaria', 1, CONVERT(DATETIME2, '2026-05-01 03:27:51.627', 126));
INSERT INTO [Usuarios] ([id_usuario], [nombre_usuario], [contrasena_hash], [correo_electronico], [rol], [activo], [fecha_creacion]) VALUES (13, N'marcos_fix', N'$2b$10$/7IaHp89gi.hRq5HyXQFfu90wgJtVAqjCG.c45nBctOBT6YFZmf9K', N'marcos.fix@cte.com', N'Tecnico', 1, CONVERT(DATETIME2, '2026-05-04 21:55:19.615', 126));
INSERT INTO [Usuarios] ([id_usuario], [nombre_usuario], [contrasena_hash], [correo_electronico], [rol], [activo], [fecha_creacion]) VALUES (14, N'elena_tech', N'$2b$10$/7IaHp89gi.hRq5HyXQFfu90wgJtVAqjCG.c45nBctOBT6YFZmf9K', N'elena.tech@cte.com', N'Tecnico', 1, CONVERT(DATETIME2, '2026-05-04 21:55:33.366', 126));
INSERT INTO [Usuarios] ([id_usuario], [nombre_usuario], [contrasena_hash], [correo_electronico], [rol], [activo], [fecha_creacion]) VALUES (15, N'roberto_vga', N'$2b$10$/7IaHp89gi.hRq5HyXQFfu90wgJtVAqjCG.c45nBctOBT6YFZmf9K', N'roberto.vga@cte.com', N'Tecnico', 1, CONVERT(DATETIME2, '2026-05-04 21:55:46.188', 126));
GO

-- Datos de Tecnicos: 5 registros
INSERT INTO [Tecnicos] ([id_tecnico], [usuario_id], [nombre], [especialidad], [horario], [contacto], [activo]) VALUES (1, 13, N'Marcos Galindo', N'Microelectronica y Reballing', N'L-V 09:00-18:00', N'+505 8888-1111', 1);
INSERT INTO [Tecnicos] ([id_tecnico], [usuario_id], [nombre], [especialidad], [horario], [contacto], [activo]) VALUES (3, 14, N'Elena Rodriguez', N'Reparacion de Laptops High-End', N'L-V 08:00-17:00', N'elena.rodriguez@email.com', 1);
INSERT INTO [Tecnicos] ([id_tecnico], [usuario_id], [nombre], [especialidad], [horario], [contacto], [activo]) VALUES (4, 15, N'Roberto Sosa', N'Consolas y Perifericos', N'Sabados 08:00-14:00', N'Ext. 104', 1);
INSERT INTO [Tecnicos] ([id_tecnico], [usuario_id], [nombre], [especialidad], [horario], [contacto], [activo]) VALUES (5, 4, N'Juan Perez', N'Reparacion General y Moviles', N'L-V 08:00-17:00', N'tecnico@cte.com', 1);
INSERT INTO [Tecnicos] ([id_tecnico], [usuario_id], [nombre], [especialidad], [horario], [contacto], [activo]) VALUES (6, 3, N'Ing. Ricardo Mendez', N'Jefe de Taller y Diagnostico', N'L-S 08:00-17:00', N'jefe@cte.com', 1);
GO

-- Datos de Clientes: 120 registros
INSERT INTO [Clientes] ([id_cliente], [nombre], [telefono], [direccion], [correo], [contacto_secundario], [activo]) VALUES (1, N'Daniela Vargas', N'+505 8124-0001', N'Managua, Altamira', N'daniela.vargas1@cliente.demo', NULL, 1);
INSERT INTO [Clientes] ([id_cliente], [nombre], [telefono], [direccion], [correo], [contacto_secundario], [activo]) VALUES (2, N'Gabriel Oporta', N'+505 8124-0002', N'Masaya, barrio San Miguel', N'gabriel.oporta2@cliente.demo', NULL, 1);
INSERT INTO [Clientes] ([id_cliente], [nombre], [telefono], [direccion], [correo], [contacto_secundario], [activo]) VALUES (3, N'Paola Duarte', N'+505 8124-0003', N'Carretera Norte km 5', N'paola.duarte3@cliente.demo', NULL, 1);
INSERT INTO [Clientes] ([id_cliente], [nombre], [telefono], [direccion], [correo], [contacto_secundario], [activo]) VALUES (4, N'Roberto Cardenas', N'+505 8124-0004', N'Ciudad Jardin, Managua', N'roberto.cardenas4@cliente.demo', N'+505 2266-0004', 1);
INSERT INTO [Clientes] ([id_cliente], [nombre], [telefono], [direccion], [correo], [contacto_secundario], [activo]) VALUES (5, N'Ferreteria El Martillo 05', N'+505 8124-0005', N'Tipitapa, barrio Roberto Vargas', N'mariana.solis5@cliente.demo', NULL, 1);
INSERT INTO [Clientes] ([id_cliente], [nombre], [telefono], [direccion], [correo], [contacto_secundario], [activo]) VALUES (6, N'Kevin Blandon', N'+505 8124-0006', N'Los Robles, Managua', N'kevin.blandon6@cliente.demo', NULL, 1);
INSERT INTO [Clientes] ([id_cliente], [nombre], [telefono], [direccion], [correo], [contacto_secundario], [activo]) VALUES (7, N'Lucia Reyes', N'+505 8124-0007', N'Villa Libertad, Managua', N'lucia.reyes7@cliente.demo', NULL, 1);
INSERT INTO [Clientes] ([id_cliente], [nombre], [telefono], [direccion], [correo], [contacto_secundario], [activo]) VALUES (8, N'Oscar Navarro', N'+505 8124-0008', N'Carretera a Leon km 12', N'oscar.navarro8@cliente.demo', N'+505 2266-0008', 1);
INSERT INTO [Clientes] ([id_cliente], [nombre], [telefono], [direccion], [correo], [contacto_secundario], [activo]) VALUES (9, N'Fernanda Pineda', N'+505 8124-0009', N'Managua, Altamira', N'fernanda.pineda9@cliente.demo', NULL, 1);
INSERT INTO [Clientes] ([id_cliente], [nombre], [telefono], [direccion], [correo], [contacto_secundario], [activo]) VALUES (10, N'Ferreteria El Martillo 10', N'+505 8124-0010', N'Masaya, barrio San Miguel', N'ricardo.mendoza10@cliente.demo', NULL, 1);
INSERT INTO [Clientes] ([id_cliente], [nombre], [telefono], [direccion], [correo], [contacto_secundario], [activo]) VALUES (11, N'Daniela Vargas', N'+505 8124-0011', N'Carretera Norte km 5', N'daniela.vargas11@cliente.demo', NULL, 1);
INSERT INTO [Clientes] ([id_cliente], [nombre], [telefono], [direccion], [correo], [contacto_secundario], [activo]) VALUES (12, N'Gabriel Oporta', N'+505 8124-0012', N'Ciudad Jardin, Managua', N'gabriel.oporta12@cliente.demo', N'+505 2266-0012', 1);
INSERT INTO [Clientes] ([id_cliente], [nombre], [telefono], [direccion], [correo], [contacto_secundario], [activo]) VALUES (13, N'Paola Duarte', N'+505 8124-0013', N'Tipitapa, barrio Roberto Vargas', N'paola.duarte13@cliente.demo', NULL, 1);
INSERT INTO [Clientes] ([id_cliente], [nombre], [telefono], [direccion], [correo], [contacto_secundario], [activo]) VALUES (14, N'Roberto Cardenas', N'+505 8124-0014', N'Los Robles, Managua', N'roberto.cardenas14@cliente.demo', NULL, 1);
INSERT INTO [Clientes] ([id_cliente], [nombre], [telefono], [direccion], [correo], [contacto_secundario], [activo]) VALUES (15, N'Ferreteria El Martillo 15', N'+505 8124-0015', N'Villa Libertad, Managua', N'mariana.solis15@cliente.demo', NULL, 1);
INSERT INTO [Clientes] ([id_cliente], [nombre], [telefono], [direccion], [correo], [contacto_secundario], [activo]) VALUES (16, N'Kevin Blandon', N'+505 8124-0016', N'Carretera a Leon km 12', N'kevin.blandon16@cliente.demo', N'+505 2266-0016', 1);
INSERT INTO [Clientes] ([id_cliente], [nombre], [telefono], [direccion], [correo], [contacto_secundario], [activo]) VALUES (17, N'Lucia Reyes', N'+505 8124-0017', N'Managua, Altamira', N'lucia.reyes17@cliente.demo', NULL, 1);
INSERT INTO [Clientes] ([id_cliente], [nombre], [telefono], [direccion], [correo], [contacto_secundario], [activo]) VALUES (18, N'Oscar Navarro', N'+505 8124-0018', N'Masaya, barrio San Miguel', N'oscar.navarro18@cliente.demo', NULL, 1);
INSERT INTO [Clientes] ([id_cliente], [nombre], [telefono], [direccion], [correo], [contacto_secundario], [activo]) VALUES (19, N'Fernanda Pineda', N'+505 8124-0019', N'Carretera Norte km 5', N'fernanda.pineda19@cliente.demo', NULL, 1);
INSERT INTO [Clientes] ([id_cliente], [nombre], [telefono], [direccion], [correo], [contacto_secundario], [activo]) VALUES (20, N'Ferreteria El Martillo 20', N'+505 8124-0020', N'Ciudad Jardin, Managua', N'ricardo.mendoza20@cliente.demo', N'+505 2266-0020', 1);
INSERT INTO [Clientes] ([id_cliente], [nombre], [telefono], [direccion], [correo], [contacto_secundario], [activo]) VALUES (21, N'Daniela Vargas', N'+505 8124-0021', N'Tipitapa, barrio Roberto Vargas', N'daniela.vargas21@cliente.demo', NULL, 1);
INSERT INTO [Clientes] ([id_cliente], [nombre], [telefono], [direccion], [correo], [contacto_secundario], [activo]) VALUES (22, N'Gabriel Oporta', N'+505 8124-0022', N'Los Robles, Managua', N'gabriel.oporta22@cliente.demo', NULL, 1);
INSERT INTO [Clientes] ([id_cliente], [nombre], [telefono], [direccion], [correo], [contacto_secundario], [activo]) VALUES (23, N'Paola Duarte', N'+505 8124-0023', N'Villa Libertad, Managua', N'paola.duarte23@cliente.demo', NULL, 1);
INSERT INTO [Clientes] ([id_cliente], [nombre], [telefono], [direccion], [correo], [contacto_secundario], [activo]) VALUES (24, N'Roberto Cardenas', N'+505 8124-0024', N'Carretera a Leon km 12', N'roberto.cardenas24@cliente.demo', N'+505 2266-0024', 1);
INSERT INTO [Clientes] ([id_cliente], [nombre], [telefono], [direccion], [correo], [contacto_secundario], [activo]) VALUES (25, N'Ferreteria El Martillo 25', N'+505 8124-0025', N'Managua, Altamira', N'mariana.solis25@cliente.demo', NULL, 1);
INSERT INTO [Clientes] ([id_cliente], [nombre], [telefono], [direccion], [correo], [contacto_secundario], [activo]) VALUES (26, N'Kevin Blandon', N'+505 8124-0026', N'Masaya, barrio San Miguel', N'kevin.blandon26@cliente.demo', NULL, 1);
INSERT INTO [Clientes] ([id_cliente], [nombre], [telefono], [direccion], [correo], [contacto_secundario], [activo]) VALUES (27, N'Lucia Reyes', N'+505 8124-0027', N'Carretera Norte km 5', N'lucia.reyes27@cliente.demo', NULL, 1);
INSERT INTO [Clientes] ([id_cliente], [nombre], [telefono], [direccion], [correo], [contacto_secundario], [activo]) VALUES (28, N'Oscar Navarro', N'+505 8124-0028', N'Ciudad Jardin, Managua', N'oscar.navarro28@cliente.demo', N'+505 2266-0028', 1);
INSERT INTO [Clientes] ([id_cliente], [nombre], [telefono], [direccion], [correo], [contacto_secundario], [activo]) VALUES (29, N'Fernanda Pineda', N'+505 8124-0029', N'Tipitapa, barrio Roberto Vargas', N'fernanda.pineda29@cliente.demo', NULL, 1);
INSERT INTO [Clientes] ([id_cliente], [nombre], [telefono], [direccion], [correo], [contacto_secundario], [activo]) VALUES (30, N'Ferreteria El Martillo 30', N'+505 8124-0030', N'Los Robles, Managua', N'ricardo.mendoza30@cliente.demo', NULL, 1);
INSERT INTO [Clientes] ([id_cliente], [nombre], [telefono], [direccion], [correo], [contacto_secundario], [activo]) VALUES (31, N'Daniela Vargas', N'+505 8124-0031', N'Villa Libertad, Managua', N'daniela.vargas31@cliente.demo', NULL, 1);
INSERT INTO [Clientes] ([id_cliente], [nombre], [telefono], [direccion], [correo], [contacto_secundario], [activo]) VALUES (32, N'Gabriel Oporta', N'+505 8124-0032', N'Carretera a Leon km 12', N'gabriel.oporta32@cliente.demo', N'+505 2266-0032', 1);
INSERT INTO [Clientes] ([id_cliente], [nombre], [telefono], [direccion], [correo], [contacto_secundario], [activo]) VALUES (33, N'Paola Duarte', N'+505 8124-0033', N'Managua, Altamira', N'paola.duarte33@cliente.demo', NULL, 1);
INSERT INTO [Clientes] ([id_cliente], [nombre], [telefono], [direccion], [correo], [contacto_secundario], [activo]) VALUES (34, N'Roberto Cardenas', N'+505 8124-0034', N'Masaya, barrio San Miguel', N'roberto.cardenas34@cliente.demo', NULL, 1);
INSERT INTO [Clientes] ([id_cliente], [nombre], [telefono], [direccion], [correo], [contacto_secundario], [activo]) VALUES (35, N'Ferreteria El Martillo 35', N'+505 8124-0035', N'Carretera Norte km 5', N'mariana.solis35@cliente.demo', NULL, 1);
INSERT INTO [Clientes] ([id_cliente], [nombre], [telefono], [direccion], [correo], [contacto_secundario], [activo]) VALUES (36, N'Kevin Blandon', N'+505 8124-0036', N'Ciudad Jardin, Managua', N'kevin.blandon36@cliente.demo', N'+505 2266-0036', 1);
INSERT INTO [Clientes] ([id_cliente], [nombre], [telefono], [direccion], [correo], [contacto_secundario], [activo]) VALUES (37, N'Lucia Reyes', N'+505 8124-0037', N'Tipitapa, barrio Roberto Vargas', N'lucia.reyes37@cliente.demo', NULL, 1);
INSERT INTO [Clientes] ([id_cliente], [nombre], [telefono], [direccion], [correo], [contacto_secundario], [activo]) VALUES (38, N'Oscar Navarro', N'+505 8124-0038', N'Los Robles, Managua', N'oscar.navarro38@cliente.demo', NULL, 1);
INSERT INTO [Clientes] ([id_cliente], [nombre], [telefono], [direccion], [correo], [contacto_secundario], [activo]) VALUES (39, N'Fernanda Pineda', N'+505 8124-0039', N'Villa Libertad, Managua', N'fernanda.pineda39@cliente.demo', NULL, 1);
INSERT INTO [Clientes] ([id_cliente], [nombre], [telefono], [direccion], [correo], [contacto_secundario], [activo]) VALUES (40, N'Ferreteria El Martillo 40', N'+505 8124-0040', N'Carretera a Leon km 12', N'ricardo.mendoza40@cliente.demo', N'+505 2266-0040', 1);
INSERT INTO [Clientes] ([id_cliente], [nombre], [telefono], [direccion], [correo], [contacto_secundario], [activo]) VALUES (41, N'Daniela Vargas', N'+505 8124-0041', N'Managua, Altamira', N'daniela.vargas41@cliente.demo', NULL, 1);
INSERT INTO [Clientes] ([id_cliente], [nombre], [telefono], [direccion], [correo], [contacto_secundario], [activo]) VALUES (42, N'Gabriel Oporta', N'+505 8124-0042', N'Masaya, barrio San Miguel', N'gabriel.oporta42@cliente.demo', NULL, 1);
INSERT INTO [Clientes] ([id_cliente], [nombre], [telefono], [direccion], [correo], [contacto_secundario], [activo]) VALUES (43, N'Paola Duarte', N'+505 8124-0043', N'Carretera Norte km 5', N'paola.duarte43@cliente.demo', NULL, 1);
INSERT INTO [Clientes] ([id_cliente], [nombre], [telefono], [direccion], [correo], [contacto_secundario], [activo]) VALUES (44, N'Roberto Cardenas', N'+505 8124-0044', N'Ciudad Jardin, Managua', N'roberto.cardenas44@cliente.demo', N'+505 2266-0044', 1);
INSERT INTO [Clientes] ([id_cliente], [nombre], [telefono], [direccion], [correo], [contacto_secundario], [activo]) VALUES (45, N'Ferreteria El Martillo 45', N'+505 8124-0045', N'Tipitapa, barrio Roberto Vargas', N'mariana.solis45@cliente.demo', NULL, 1);
INSERT INTO [Clientes] ([id_cliente], [nombre], [telefono], [direccion], [correo], [contacto_secundario], [activo]) VALUES (46, N'Kevin Blandon', N'+505 8124-0046', N'Los Robles, Managua', N'kevin.blandon46@cliente.demo', NULL, 1);
INSERT INTO [Clientes] ([id_cliente], [nombre], [telefono], [direccion], [correo], [contacto_secundario], [activo]) VALUES (47, N'Lucia Reyes', N'+505 8124-0047', N'Villa Libertad, Managua', N'lucia.reyes47@cliente.demo', NULL, 1);
INSERT INTO [Clientes] ([id_cliente], [nombre], [telefono], [direccion], [correo], [contacto_secundario], [activo]) VALUES (48, N'Oscar Navarro', N'+505 8124-0048', N'Carretera a Leon km 12', N'oscar.navarro48@cliente.demo', N'+505 2266-0048', 1);
INSERT INTO [Clientes] ([id_cliente], [nombre], [telefono], [direccion], [correo], [contacto_secundario], [activo]) VALUES (49, N'Fernanda Pineda', N'+505 8124-0049', N'Managua, Altamira', N'fernanda.pineda49@cliente.demo', NULL, 1);
INSERT INTO [Clientes] ([id_cliente], [nombre], [telefono], [direccion], [correo], [contacto_secundario], [activo]) VALUES (50, N'Ferreteria El Martillo 50', N'+505 8124-0050', N'Masaya, barrio San Miguel', N'ricardo.mendoza50@cliente.demo', NULL, 1);
INSERT INTO [Clientes] ([id_cliente], [nombre], [telefono], [direccion], [correo], [contacto_secundario], [activo]) VALUES (51, N'Daniela Vargas', N'+505 8124-0051', N'Carretera Norte km 5', N'daniela.vargas51@cliente.demo', NULL, 1);
INSERT INTO [Clientes] ([id_cliente], [nombre], [telefono], [direccion], [correo], [contacto_secundario], [activo]) VALUES (52, N'Gabriel Oporta', N'+505 8124-0052', N'Ciudad Jardin, Managua', N'gabriel.oporta52@cliente.demo', N'+505 2266-0052', 1);
INSERT INTO [Clientes] ([id_cliente], [nombre], [telefono], [direccion], [correo], [contacto_secundario], [activo]) VALUES (53, N'Paola Duarte', N'+505 8124-0053', N'Tipitapa, barrio Roberto Vargas', N'paola.duarte53@cliente.demo', NULL, 1);
INSERT INTO [Clientes] ([id_cliente], [nombre], [telefono], [direccion], [correo], [contacto_secundario], [activo]) VALUES (54, N'Roberto Cardenas', N'+505 8124-0054', N'Los Robles, Managua', N'roberto.cardenas54@cliente.demo', NULL, 1);
INSERT INTO [Clientes] ([id_cliente], [nombre], [telefono], [direccion], [correo], [contacto_secundario], [activo]) VALUES (55, N'Ferreteria El Martillo 55', N'+505 8124-0055', N'Villa Libertad, Managua', N'mariana.solis55@cliente.demo', NULL, 1);
INSERT INTO [Clientes] ([id_cliente], [nombre], [telefono], [direccion], [correo], [contacto_secundario], [activo]) VALUES (56, N'Kevin Blandon', N'+505 8124-0056', N'Carretera a Leon km 12', N'kevin.blandon56@cliente.demo', N'+505 2266-0056', 1);
INSERT INTO [Clientes] ([id_cliente], [nombre], [telefono], [direccion], [correo], [contacto_secundario], [activo]) VALUES (57, N'Lucia Reyes', N'+505 8124-0057', N'Managua, Altamira', N'lucia.reyes57@cliente.demo', NULL, 1);
INSERT INTO [Clientes] ([id_cliente], [nombre], [telefono], [direccion], [correo], [contacto_secundario], [activo]) VALUES (58, N'Oscar Navarro', N'+505 8124-0058', N'Masaya, barrio San Miguel', N'oscar.navarro58@cliente.demo', NULL, 1);
INSERT INTO [Clientes] ([id_cliente], [nombre], [telefono], [direccion], [correo], [contacto_secundario], [activo]) VALUES (59, N'Fernanda Pineda', N'+505 8124-0059', N'Carretera Norte km 5', N'fernanda.pineda59@cliente.demo', NULL, 1);
INSERT INTO [Clientes] ([id_cliente], [nombre], [telefono], [direccion], [correo], [contacto_secundario], [activo]) VALUES (60, N'Ferreteria El Martillo 60', N'+505 8124-0060', N'Ciudad Jardin, Managua', N'ricardo.mendoza60@cliente.demo', N'+505 2266-0060', 1);
INSERT INTO [Clientes] ([id_cliente], [nombre], [telefono], [direccion], [correo], [contacto_secundario], [activo]) VALUES (61, N'Daniela Vargas', N'+505 8124-0061', N'Tipitapa, barrio Roberto Vargas', N'daniela.vargas61@cliente.demo', NULL, 1);
INSERT INTO [Clientes] ([id_cliente], [nombre], [telefono], [direccion], [correo], [contacto_secundario], [activo]) VALUES (62, N'Gabriel Oporta', N'+505 8124-0062', N'Los Robles, Managua', N'gabriel.oporta62@cliente.demo', NULL, 1);
INSERT INTO [Clientes] ([id_cliente], [nombre], [telefono], [direccion], [correo], [contacto_secundario], [activo]) VALUES (63, N'Paola Duarte', N'+505 8124-0063', N'Villa Libertad, Managua', N'paola.duarte63@cliente.demo', NULL, 1);
INSERT INTO [Clientes] ([id_cliente], [nombre], [telefono], [direccion], [correo], [contacto_secundario], [activo]) VALUES (64, N'Roberto Cardenas', N'+505 8124-0064', N'Carretera a Leon km 12', N'roberto.cardenas64@cliente.demo', N'+505 2266-0064', 1);
INSERT INTO [Clientes] ([id_cliente], [nombre], [telefono], [direccion], [correo], [contacto_secundario], [activo]) VALUES (65, N'Ferreteria El Martillo 65', N'+505 8124-0065', N'Managua, Altamira', N'mariana.solis65@cliente.demo', NULL, 1);
INSERT INTO [Clientes] ([id_cliente], [nombre], [telefono], [direccion], [correo], [contacto_secundario], [activo]) VALUES (66, N'Kevin Blandon', N'+505 8124-0066', N'Masaya, barrio San Miguel', N'kevin.blandon66@cliente.demo', NULL, 1);
INSERT INTO [Clientes] ([id_cliente], [nombre], [telefono], [direccion], [correo], [contacto_secundario], [activo]) VALUES (67, N'Lucia Reyes', N'+505 8124-0067', N'Carretera Norte km 5', N'lucia.reyes67@cliente.demo', NULL, 1);
INSERT INTO [Clientes] ([id_cliente], [nombre], [telefono], [direccion], [correo], [contacto_secundario], [activo]) VALUES (68, N'Oscar Navarro', N'+505 8124-0068', N'Ciudad Jardin, Managua', N'oscar.navarro68@cliente.demo', N'+505 2266-0068', 1);
INSERT INTO [Clientes] ([id_cliente], [nombre], [telefono], [direccion], [correo], [contacto_secundario], [activo]) VALUES (69, N'Fernanda Pineda', N'+505 8124-0069', N'Tipitapa, barrio Roberto Vargas', N'fernanda.pineda69@cliente.demo', NULL, 1);
INSERT INTO [Clientes] ([id_cliente], [nombre], [telefono], [direccion], [correo], [contacto_secundario], [activo]) VALUES (70, N'Ferreteria El Martillo 70', N'+505 8124-0070', N'Los Robles, Managua', N'ricardo.mendoza70@cliente.demo', NULL, 1);
INSERT INTO [Clientes] ([id_cliente], [nombre], [telefono], [direccion], [correo], [contacto_secundario], [activo]) VALUES (71, N'Daniela Vargas', N'+505 8124-0071', N'Villa Libertad, Managua', N'daniela.vargas71@cliente.demo', NULL, 1);
INSERT INTO [Clientes] ([id_cliente], [nombre], [telefono], [direccion], [correo], [contacto_secundario], [activo]) VALUES (72, N'Gabriel Oporta', N'+505 8124-0072', N'Carretera a Leon km 12', N'gabriel.oporta72@cliente.demo', N'+505 2266-0072', 1);
INSERT INTO [Clientes] ([id_cliente], [nombre], [telefono], [direccion], [correo], [contacto_secundario], [activo]) VALUES (73, N'Paola Duarte', N'+505 8124-0073', N'Managua, Altamira', N'paola.duarte73@cliente.demo', NULL, 1);
INSERT INTO [Clientes] ([id_cliente], [nombre], [telefono], [direccion], [correo], [contacto_secundario], [activo]) VALUES (74, N'Roberto Cardenas', N'+505 8124-0074', N'Masaya, barrio San Miguel', N'roberto.cardenas74@cliente.demo', NULL, 1);
INSERT INTO [Clientes] ([id_cliente], [nombre], [telefono], [direccion], [correo], [contacto_secundario], [activo]) VALUES (75, N'Ferreteria El Martillo 75', N'+505 8124-0075', N'Carretera Norte km 5', N'mariana.solis75@cliente.demo', NULL, 1);
INSERT INTO [Clientes] ([id_cliente], [nombre], [telefono], [direccion], [correo], [contacto_secundario], [activo]) VALUES (76, N'Kevin Blandon', N'+505 8124-0076', N'Ciudad Jardin, Managua', N'kevin.blandon76@cliente.demo', N'+505 2266-0076', 1);
INSERT INTO [Clientes] ([id_cliente], [nombre], [telefono], [direccion], [correo], [contacto_secundario], [activo]) VALUES (77, N'Lucia Reyes', N'+505 8124-0077', N'Tipitapa, barrio Roberto Vargas', N'lucia.reyes77@cliente.demo', NULL, 1);
INSERT INTO [Clientes] ([id_cliente], [nombre], [telefono], [direccion], [correo], [contacto_secundario], [activo]) VALUES (78, N'Oscar Navarro', N'+505 8124-0078', N'Los Robles, Managua', N'oscar.navarro78@cliente.demo', NULL, 1);
INSERT INTO [Clientes] ([id_cliente], [nombre], [telefono], [direccion], [correo], [contacto_secundario], [activo]) VALUES (79, N'Fernanda Pineda', N'+505 8124-0079', N'Villa Libertad, Managua', N'fernanda.pineda79@cliente.demo', NULL, 1);
INSERT INTO [Clientes] ([id_cliente], [nombre], [telefono], [direccion], [correo], [contacto_secundario], [activo]) VALUES (80, N'Ferreteria El Martillo 80', N'+505 8124-0080', N'Carretera a Leon km 12', N'ricardo.mendoza80@cliente.demo', N'+505 2266-0080', 1);
INSERT INTO [Clientes] ([id_cliente], [nombre], [telefono], [direccion], [correo], [contacto_secundario], [activo]) VALUES (81, N'Daniela Vargas', N'+505 8124-0081', N'Managua, Altamira', N'daniela.vargas81@cliente.demo', NULL, 1);
INSERT INTO [Clientes] ([id_cliente], [nombre], [telefono], [direccion], [correo], [contacto_secundario], [activo]) VALUES (82, N'Gabriel Oporta', N'+505 8124-0082', N'Masaya, barrio San Miguel', N'gabriel.oporta82@cliente.demo', NULL, 1);
INSERT INTO [Clientes] ([id_cliente], [nombre], [telefono], [direccion], [correo], [contacto_secundario], [activo]) VALUES (83, N'Paola Duarte', N'+505 8124-0083', N'Carretera Norte km 5', N'paola.duarte83@cliente.demo', NULL, 1);
INSERT INTO [Clientes] ([id_cliente], [nombre], [telefono], [direccion], [correo], [contacto_secundario], [activo]) VALUES (84, N'Roberto Cardenas', N'+505 8124-0084', N'Ciudad Jardin, Managua', N'roberto.cardenas84@cliente.demo', N'+505 2266-0084', 1);
INSERT INTO [Clientes] ([id_cliente], [nombre], [telefono], [direccion], [correo], [contacto_secundario], [activo]) VALUES (85, N'Ferreteria El Martillo 85', N'+505 8124-0085', N'Tipitapa, barrio Roberto Vargas', N'mariana.solis85@cliente.demo', NULL, 1);
INSERT INTO [Clientes] ([id_cliente], [nombre], [telefono], [direccion], [correo], [contacto_secundario], [activo]) VALUES (86, N'Kevin Blandon', N'+505 8124-0086', N'Los Robles, Managua', N'kevin.blandon86@cliente.demo', NULL, 1);
INSERT INTO [Clientes] ([id_cliente], [nombre], [telefono], [direccion], [correo], [contacto_secundario], [activo]) VALUES (87, N'Lucia Reyes', N'+505 8124-0087', N'Villa Libertad, Managua', N'lucia.reyes87@cliente.demo', NULL, 1);
INSERT INTO [Clientes] ([id_cliente], [nombre], [telefono], [direccion], [correo], [contacto_secundario], [activo]) VALUES (88, N'Oscar Navarro', N'+505 8124-0088', N'Carretera a Leon km 12', N'oscar.navarro88@cliente.demo', N'+505 2266-0088', 1);
INSERT INTO [Clientes] ([id_cliente], [nombre], [telefono], [direccion], [correo], [contacto_secundario], [activo]) VALUES (89, N'Fernanda Pineda', N'+505 8124-0089', N'Managua, Altamira', N'fernanda.pineda89@cliente.demo', NULL, 1);
INSERT INTO [Clientes] ([id_cliente], [nombre], [telefono], [direccion], [correo], [contacto_secundario], [activo]) VALUES (90, N'Ferreteria El Martillo 90', N'+505 8124-0090', N'Masaya, barrio San Miguel', N'ricardo.mendoza90@cliente.demo', NULL, 1);
INSERT INTO [Clientes] ([id_cliente], [nombre], [telefono], [direccion], [correo], [contacto_secundario], [activo]) VALUES (91, N'Daniela Vargas', N'+505 8124-0091', N'Carretera Norte km 5', N'daniela.vargas91@cliente.demo', NULL, 1);
INSERT INTO [Clientes] ([id_cliente], [nombre], [telefono], [direccion], [correo], [contacto_secundario], [activo]) VALUES (92, N'Gabriel Oporta', N'+505 8124-0092', N'Ciudad Jardin, Managua', N'gabriel.oporta92@cliente.demo', N'+505 2266-0092', 1);
INSERT INTO [Clientes] ([id_cliente], [nombre], [telefono], [direccion], [correo], [contacto_secundario], [activo]) VALUES (93, N'Paola Duarte', N'+505 8124-0093', N'Tipitapa, barrio Roberto Vargas', N'paola.duarte93@cliente.demo', NULL, 1);
INSERT INTO [Clientes] ([id_cliente], [nombre], [telefono], [direccion], [correo], [contacto_secundario], [activo]) VALUES (94, N'Roberto Cardenas', N'+505 8124-0094', N'Los Robles, Managua', N'roberto.cardenas94@cliente.demo', NULL, 1);
INSERT INTO [Clientes] ([id_cliente], [nombre], [telefono], [direccion], [correo], [contacto_secundario], [activo]) VALUES (95, N'Ferreteria El Martillo 95', N'+505 8124-0095', N'Villa Libertad, Managua', N'mariana.solis95@cliente.demo', NULL, 1);
INSERT INTO [Clientes] ([id_cliente], [nombre], [telefono], [direccion], [correo], [contacto_secundario], [activo]) VALUES (96, N'Kevin Blandon', N'+505 8124-0096', N'Carretera a Leon km 12', N'kevin.blandon96@cliente.demo', N'+505 2266-0096', 1);
INSERT INTO [Clientes] ([id_cliente], [nombre], [telefono], [direccion], [correo], [contacto_secundario], [activo]) VALUES (97, N'Lucia Reyes', N'+505 8124-0097', N'Managua, Altamira', N'lucia.reyes97@cliente.demo', NULL, 1);
INSERT INTO [Clientes] ([id_cliente], [nombre], [telefono], [direccion], [correo], [contacto_secundario], [activo]) VALUES (98, N'Oscar Navarro', N'+505 8124-0098', N'Masaya, barrio San Miguel', N'oscar.navarro98@cliente.demo', NULL, 1);
INSERT INTO [Clientes] ([id_cliente], [nombre], [telefono], [direccion], [correo], [contacto_secundario], [activo]) VALUES (99, N'Fernanda Pineda', N'+505 8124-0099', N'Carretera Norte km 5', N'fernanda.pineda99@cliente.demo', NULL, 1);
INSERT INTO [Clientes] ([id_cliente], [nombre], [telefono], [direccion], [correo], [contacto_secundario], [activo]) VALUES (100, N'Ferreteria El Martillo 10', N'+505 8124-0100', N'Ciudad Jardin, Managua', N'ricardo.mendoza100@cliente.demo', N'+505 2266-0100', 1);
INSERT INTO [Clientes] ([id_cliente], [nombre], [telefono], [direccion], [correo], [contacto_secundario], [activo]) VALUES (101, N'Daniela Vargas', N'+505 8124-0101', N'Tipitapa, barrio Roberto Vargas', N'daniela.vargas101@cliente.demo', NULL, 1);
INSERT INTO [Clientes] ([id_cliente], [nombre], [telefono], [direccion], [correo], [contacto_secundario], [activo]) VALUES (102, N'Gabriel Oporta', N'+505 8124-0102', N'Los Robles, Managua', N'gabriel.oporta102@cliente.demo', NULL, 1);
INSERT INTO [Clientes] ([id_cliente], [nombre], [telefono], [direccion], [correo], [contacto_secundario], [activo]) VALUES (103, N'Paola Duarte', N'+505 8124-0103', N'Villa Libertad, Managua', N'paola.duarte103@cliente.demo', NULL, 1);
INSERT INTO [Clientes] ([id_cliente], [nombre], [telefono], [direccion], [correo], [contacto_secundario], [activo]) VALUES (104, N'Roberto Cardenas', N'+505 8124-0104', N'Carretera a Leon km 12', N'roberto.cardenas104@cliente.demo', N'+505 2266-0104', 1);
INSERT INTO [Clientes] ([id_cliente], [nombre], [telefono], [direccion], [correo], [contacto_secundario], [activo]) VALUES (105, N'Ferreteria El Martillo 10', N'+505 8124-0105', N'Managua, Altamira', N'mariana.solis105@cliente.demo', NULL, 1);
INSERT INTO [Clientes] ([id_cliente], [nombre], [telefono], [direccion], [correo], [contacto_secundario], [activo]) VALUES (106, N'Kevin Blandon', N'+505 8124-0106', N'Masaya, barrio San Miguel', N'kevin.blandon106@cliente.demo', NULL, 1);
INSERT INTO [Clientes] ([id_cliente], [nombre], [telefono], [direccion], [correo], [contacto_secundario], [activo]) VALUES (107, N'Lucia Reyes', N'+505 8124-0107', N'Carretera Norte km 5', N'lucia.reyes107@cliente.demo', NULL, 1);
INSERT INTO [Clientes] ([id_cliente], [nombre], [telefono], [direccion], [correo], [contacto_secundario], [activo]) VALUES (108, N'Oscar Navarro', N'+505 8124-0108', N'Ciudad Jardin, Managua', N'oscar.navarro108@cliente.demo', N'+505 2266-0108', 1);
INSERT INTO [Clientes] ([id_cliente], [nombre], [telefono], [direccion], [correo], [contacto_secundario], [activo]) VALUES (109, N'Fernanda Pineda', N'+505 8124-0109', N'Tipitapa, barrio Roberto Vargas', N'fernanda.pineda109@cliente.demo', NULL, 1);
INSERT INTO [Clientes] ([id_cliente], [nombre], [telefono], [direccion], [correo], [contacto_secundario], [activo]) VALUES (110, N'Ferreteria El Martillo 11', N'+505 8124-0110', N'Los Robles, Managua', N'ricardo.mendoza110@cliente.demo', NULL, 1);
INSERT INTO [Clientes] ([id_cliente], [nombre], [telefono], [direccion], [correo], [contacto_secundario], [activo]) VALUES (111, N'Daniela Vargas', N'+505 8124-0111', N'Villa Libertad, Managua', N'daniela.vargas111@cliente.demo', NULL, 1);
INSERT INTO [Clientes] ([id_cliente], [nombre], [telefono], [direccion], [correo], [contacto_secundario], [activo]) VALUES (112, N'Gabriel Oporta', N'+505 8124-0112', N'Carretera a Leon km 12', N'gabriel.oporta112@cliente.demo', N'+505 2266-0112', 1);
INSERT INTO [Clientes] ([id_cliente], [nombre], [telefono], [direccion], [correo], [contacto_secundario], [activo]) VALUES (113, N'Paola Duarte', N'+505 8124-0113', N'Managua, Altamira', N'paola.duarte113@cliente.demo', NULL, 1);
INSERT INTO [Clientes] ([id_cliente], [nombre], [telefono], [direccion], [correo], [contacto_secundario], [activo]) VALUES (114, N'Roberto Cardenas', N'+505 8124-0114', N'Masaya, barrio San Miguel', N'roberto.cardenas114@cliente.demo', NULL, 1);
INSERT INTO [Clientes] ([id_cliente], [nombre], [telefono], [direccion], [correo], [contacto_secundario], [activo]) VALUES (115, N'Ferreteria El Martillo 11', N'+505 8124-0115', N'Carretera Norte km 5', N'mariana.solis115@cliente.demo', NULL, 1);
INSERT INTO [Clientes] ([id_cliente], [nombre], [telefono], [direccion], [correo], [contacto_secundario], [activo]) VALUES (116, N'Kevin Blandon', N'+505 8124-0116', N'Ciudad Jardin, Managua', N'kevin.blandon116@cliente.demo', N'+505 2266-0116', 1);
INSERT INTO [Clientes] ([id_cliente], [nombre], [telefono], [direccion], [correo], [contacto_secundario], [activo]) VALUES (117, N'Lucia Reyes', N'+505 8124-0117', N'Tipitapa, barrio Roberto Vargas', N'lucia.reyes117@cliente.demo', NULL, 1);
INSERT INTO [Clientes] ([id_cliente], [nombre], [telefono], [direccion], [correo], [contacto_secundario], [activo]) VALUES (118, N'Oscar Navarro', N'+505 8124-0118', N'Los Robles, Managua', N'oscar.navarro118@cliente.demo', NULL, 1);
INSERT INTO [Clientes] ([id_cliente], [nombre], [telefono], [direccion], [correo], [contacto_secundario], [activo]) VALUES (119, N'Fernanda Pineda', N'+505 8124-0119', N'Villa Libertad, Managua', N'fernanda.pineda119@cliente.demo', NULL, 1);
INSERT INTO [Clientes] ([id_cliente], [nombre], [telefono], [direccion], [correo], [contacto_secundario], [activo]) VALUES (120, N'Ferreteria El Martillo 12', N'+505 8124-0120', N'Carretera a Leon km 12', N'ricardo.mendoza120@cliente.demo', N'+505 2266-0120', 1);
GO

-- Datos de Equipos: 120 registros
INSERT INTO [Equipos] ([id_equipo], [cliente_id], [marca], [tipo], [numero_serie], [modelo]) VALUES (1, 1, N'Dell', N'Laptop', N'CTE-0001-C4CA42', N'Precision 101');
INSERT INTO [Equipos] ([id_equipo], [cliente_id], [marca], [tipo], [numero_serie], [modelo]) VALUES (2, 2, N'HP', N'PC Escritorio', N'CTE-0002-C81E72', N'EliteDesk 102');
INSERT INTO [Equipos] ([id_equipo], [cliente_id], [marca], [tipo], [numero_serie], [modelo]) VALUES (3, 3, N'Lenovo', N'Celular', N'CTE-0003-ECCBC8', N'ThinkPad 103');
INSERT INTO [Equipos] ([id_equipo], [cliente_id], [marca], [tipo], [numero_serie], [modelo]) VALUES (4, 4, N'Apple', N'Tablet', N'CTE-0004-A87FF6', N'iPhone 104');
INSERT INTO [Equipos] ([id_equipo], [cliente_id], [marca], [tipo], [numero_serie], [modelo]) VALUES (5, 5, N'Samsung', N'Impresora', N'CTE-0005-E4DA3B', N'Galaxy 105');
INSERT INTO [Equipos] ([id_equipo], [cliente_id], [marca], [tipo], [numero_serie], [modelo]) VALUES (6, 6, N'Asus', N'Monitor', N'CTE-0006-167909', N'ZenBook 106');
INSERT INTO [Equipos] ([id_equipo], [cliente_id], [marca], [tipo], [numero_serie], [modelo]) VALUES (7, 7, N'Acer', N'Consola', N'CTE-0007-8F14E4', N'Nitro 107');
INSERT INTO [Equipos] ([id_equipo], [cliente_id], [marca], [tipo], [numero_serie], [modelo]) VALUES (8, 8, N'Canon', N'Proyector', N'CTE-0008-C9F0F8', N'G3110 108');
INSERT INTO [Equipos] ([id_equipo], [cliente_id], [marca], [tipo], [numero_serie], [modelo]) VALUES (9, 9, N'Brother', N'Laptop', N'CTE-0009-45C48C', N'HL-L6200DW 109');
INSERT INTO [Equipos] ([id_equipo], [cliente_id], [marca], [tipo], [numero_serie], [modelo]) VALUES (10, 10, N'Epson', N'PC Escritorio', N'CTE-0010-D3D944', N'PowerLite 110');
INSERT INTO [Equipos] ([id_equipo], [cliente_id], [marca], [tipo], [numero_serie], [modelo]) VALUES (11, 11, N'LG', N'Celular', N'CTE-0011-6512BD', N'Odyssey 111');
INSERT INTO [Equipos] ([id_equipo], [cliente_id], [marca], [tipo], [numero_serie], [modelo]) VALUES (12, 12, N'Xiaomi', N'Tablet', N'CTE-0012-C20AD4', N'Poco 112');
INSERT INTO [Equipos] ([id_equipo], [cliente_id], [marca], [tipo], [numero_serie], [modelo]) VALUES (13, 13, N'Dell', N'Impresora', N'CTE-0013-C51CE4', N'Precision 113');
INSERT INTO [Equipos] ([id_equipo], [cliente_id], [marca], [tipo], [numero_serie], [modelo]) VALUES (14, 14, N'HP', N'Monitor', N'CTE-0014-AAB323', N'EliteDesk 114');
INSERT INTO [Equipos] ([id_equipo], [cliente_id], [marca], [tipo], [numero_serie], [modelo]) VALUES (15, 15, N'Lenovo', N'Consola', N'CTE-0015-9BF31C', N'ThinkPad 115');
INSERT INTO [Equipos] ([id_equipo], [cliente_id], [marca], [tipo], [numero_serie], [modelo]) VALUES (16, 16, N'Apple', N'Proyector', N'CTE-0016-C74D97', N'iPhone 116');
INSERT INTO [Equipos] ([id_equipo], [cliente_id], [marca], [tipo], [numero_serie], [modelo]) VALUES (17, 17, N'Samsung', N'Laptop', N'CTE-0017-70EFDF', N'Galaxy 117');
INSERT INTO [Equipos] ([id_equipo], [cliente_id], [marca], [tipo], [numero_serie], [modelo]) VALUES (18, 18, N'Asus', N'PC Escritorio', N'CTE-0018-6F4922', N'ZenBook 118');
INSERT INTO [Equipos] ([id_equipo], [cliente_id], [marca], [tipo], [numero_serie], [modelo]) VALUES (19, 19, N'Acer', N'Celular', N'CTE-0019-1F0E3D', N'Nitro 119');
INSERT INTO [Equipos] ([id_equipo], [cliente_id], [marca], [tipo], [numero_serie], [modelo]) VALUES (20, 20, N'Canon', N'Tablet', N'CTE-0020-98F137', N'G3110 120');
INSERT INTO [Equipos] ([id_equipo], [cliente_id], [marca], [tipo], [numero_serie], [modelo]) VALUES (21, 21, N'Brother', N'Impresora', N'CTE-0021-3C59DC', N'HL-L6200DW 121');
INSERT INTO [Equipos] ([id_equipo], [cliente_id], [marca], [tipo], [numero_serie], [modelo]) VALUES (22, 22, N'Epson', N'Monitor', N'CTE-0022-B6D767', N'PowerLite 122');
INSERT INTO [Equipos] ([id_equipo], [cliente_id], [marca], [tipo], [numero_serie], [modelo]) VALUES (23, 23, N'LG', N'Consola', N'CTE-0023-37693C', N'Odyssey 123');
INSERT INTO [Equipos] ([id_equipo], [cliente_id], [marca], [tipo], [numero_serie], [modelo]) VALUES (24, 24, N'Xiaomi', N'Proyector', N'CTE-0024-1FF1DE', N'Poco 124');
INSERT INTO [Equipos] ([id_equipo], [cliente_id], [marca], [tipo], [numero_serie], [modelo]) VALUES (25, 25, N'Dell', N'Laptop', N'CTE-0025-8E296A', N'Precision 125');
INSERT INTO [Equipos] ([id_equipo], [cliente_id], [marca], [tipo], [numero_serie], [modelo]) VALUES (26, 26, N'HP', N'PC Escritorio', N'CTE-0026-4E732C', N'EliteDesk 126');
INSERT INTO [Equipos] ([id_equipo], [cliente_id], [marca], [tipo], [numero_serie], [modelo]) VALUES (27, 27, N'Lenovo', N'Celular', N'CTE-0027-02E74F', N'ThinkPad 127');
INSERT INTO [Equipos] ([id_equipo], [cliente_id], [marca], [tipo], [numero_serie], [modelo]) VALUES (28, 28, N'Apple', N'Tablet', N'CTE-0028-33E75F', N'iPhone 128');
INSERT INTO [Equipos] ([id_equipo], [cliente_id], [marca], [tipo], [numero_serie], [modelo]) VALUES (29, 29, N'Samsung', N'Impresora', N'CTE-0029-6EA9AB', N'Galaxy 129');
INSERT INTO [Equipos] ([id_equipo], [cliente_id], [marca], [tipo], [numero_serie], [modelo]) VALUES (30, 30, N'Asus', N'Monitor', N'CTE-0030-34173C', N'ZenBook 130');
INSERT INTO [Equipos] ([id_equipo], [cliente_id], [marca], [tipo], [numero_serie], [modelo]) VALUES (31, 31, N'Acer', N'Consola', N'CTE-0031-C16A53', N'Nitro 131');
INSERT INTO [Equipos] ([id_equipo], [cliente_id], [marca], [tipo], [numero_serie], [modelo]) VALUES (32, 32, N'Canon', N'Proyector', N'CTE-0032-6364D3', N'G3110 132');
INSERT INTO [Equipos] ([id_equipo], [cliente_id], [marca], [tipo], [numero_serie], [modelo]) VALUES (33, 33, N'Brother', N'Laptop', N'CTE-0033-182BE0', N'HL-L6200DW 133');
INSERT INTO [Equipos] ([id_equipo], [cliente_id], [marca], [tipo], [numero_serie], [modelo]) VALUES (34, 34, N'Epson', N'PC Escritorio', N'CTE-0034-E36985', N'PowerLite 134');
INSERT INTO [Equipos] ([id_equipo], [cliente_id], [marca], [tipo], [numero_serie], [modelo]) VALUES (35, 35, N'LG', N'Celular', N'CTE-0035-1C383C', N'Odyssey 135');
INSERT INTO [Equipos] ([id_equipo], [cliente_id], [marca], [tipo], [numero_serie], [modelo]) VALUES (36, 36, N'Xiaomi', N'Tablet', N'CTE-0036-19CA14', N'Poco 136');
INSERT INTO [Equipos] ([id_equipo], [cliente_id], [marca], [tipo], [numero_serie], [modelo]) VALUES (37, 37, N'Dell', N'Impresora', N'CTE-0037-A5BFC9', N'Precision 137');
INSERT INTO [Equipos] ([id_equipo], [cliente_id], [marca], [tipo], [numero_serie], [modelo]) VALUES (38, 38, N'HP', N'Monitor', N'CTE-0038-A5771B', N'EliteDesk 138');
INSERT INTO [Equipos] ([id_equipo], [cliente_id], [marca], [tipo], [numero_serie], [modelo]) VALUES (39, 39, N'Lenovo', N'Consola', N'CTE-0039-D67D8A', N'ThinkPad 139');
INSERT INTO [Equipos] ([id_equipo], [cliente_id], [marca], [tipo], [numero_serie], [modelo]) VALUES (40, 40, N'Apple', N'Proyector', N'CTE-0040-D64592', N'iPhone 140');
INSERT INTO [Equipos] ([id_equipo], [cliente_id], [marca], [tipo], [numero_serie], [modelo]) VALUES (41, 41, N'Samsung', N'Laptop', N'CTE-0041-3416A7', N'Galaxy 141');
INSERT INTO [Equipos] ([id_equipo], [cliente_id], [marca], [tipo], [numero_serie], [modelo]) VALUES (42, 42, N'Asus', N'PC Escritorio', N'CTE-0042-A1D0C6', N'ZenBook 142');
INSERT INTO [Equipos] ([id_equipo], [cliente_id], [marca], [tipo], [numero_serie], [modelo]) VALUES (43, 43, N'Acer', N'Celular', N'CTE-0043-17E621', N'Nitro 143');
INSERT INTO [Equipos] ([id_equipo], [cliente_id], [marca], [tipo], [numero_serie], [modelo]) VALUES (44, 44, N'Canon', N'Tablet', N'CTE-0044-F71771', N'G3110 144');
INSERT INTO [Equipos] ([id_equipo], [cliente_id], [marca], [tipo], [numero_serie], [modelo]) VALUES (45, 45, N'Brother', N'Impresora', N'CTE-0045-6C8349', N'HL-L6200DW 145');
INSERT INTO [Equipos] ([id_equipo], [cliente_id], [marca], [tipo], [numero_serie], [modelo]) VALUES (46, 46, N'Epson', N'Monitor', N'CTE-0046-D9D4F4', N'PowerLite 146');
INSERT INTO [Equipos] ([id_equipo], [cliente_id], [marca], [tipo], [numero_serie], [modelo]) VALUES (47, 47, N'LG', N'Consola', N'CTE-0047-67C6A1', N'Odyssey 147');
INSERT INTO [Equipos] ([id_equipo], [cliente_id], [marca], [tipo], [numero_serie], [modelo]) VALUES (48, 48, N'Xiaomi', N'Proyector', N'CTE-0048-642E92', N'Poco 148');
INSERT INTO [Equipos] ([id_equipo], [cliente_id], [marca], [tipo], [numero_serie], [modelo]) VALUES (49, 49, N'Dell', N'Laptop', N'CTE-0049-F457C5', N'Precision 149');
INSERT INTO [Equipos] ([id_equipo], [cliente_id], [marca], [tipo], [numero_serie], [modelo]) VALUES (50, 50, N'HP', N'PC Escritorio', N'CTE-0050-C0C7C7', N'EliteDesk 150');
INSERT INTO [Equipos] ([id_equipo], [cliente_id], [marca], [tipo], [numero_serie], [modelo]) VALUES (51, 51, N'Lenovo', N'Celular', N'CTE-0051-283802', N'ThinkPad 151');
INSERT INTO [Equipos] ([id_equipo], [cliente_id], [marca], [tipo], [numero_serie], [modelo]) VALUES (52, 52, N'Apple', N'Tablet', N'CTE-0052-9A1158', N'iPhone 152');
INSERT INTO [Equipos] ([id_equipo], [cliente_id], [marca], [tipo], [numero_serie], [modelo]) VALUES (53, 53, N'Samsung', N'Impresora', N'CTE-0053-D82C8D', N'Galaxy 153');
INSERT INTO [Equipos] ([id_equipo], [cliente_id], [marca], [tipo], [numero_serie], [modelo]) VALUES (54, 54, N'Asus', N'Monitor', N'CTE-0054-A684EC', N'ZenBook 154');
INSERT INTO [Equipos] ([id_equipo], [cliente_id], [marca], [tipo], [numero_serie], [modelo]) VALUES (55, 55, N'Acer', N'Consola', N'CTE-0055-B53B3A', N'Nitro 155');
INSERT INTO [Equipos] ([id_equipo], [cliente_id], [marca], [tipo], [numero_serie], [modelo]) VALUES (56, 56, N'Canon', N'Proyector', N'CTE-0056-9F6140', N'G3110 156');
INSERT INTO [Equipos] ([id_equipo], [cliente_id], [marca], [tipo], [numero_serie], [modelo]) VALUES (57, 57, N'Brother', N'Laptop', N'CTE-0057-72B32A', N'HL-L6200DW 157');
INSERT INTO [Equipos] ([id_equipo], [cliente_id], [marca], [tipo], [numero_serie], [modelo]) VALUES (58, 58, N'Epson', N'PC Escritorio', N'CTE-0058-66F041', N'PowerLite 158');
INSERT INTO [Equipos] ([id_equipo], [cliente_id], [marca], [tipo], [numero_serie], [modelo]) VALUES (59, 59, N'LG', N'Celular', N'CTE-0059-093F65', N'Odyssey 159');
INSERT INTO [Equipos] ([id_equipo], [cliente_id], [marca], [tipo], [numero_serie], [modelo]) VALUES (60, 60, N'Xiaomi', N'Tablet', N'CTE-0060-072B03', N'Poco 160');
INSERT INTO [Equipos] ([id_equipo], [cliente_id], [marca], [tipo], [numero_serie], [modelo]) VALUES (61, 61, N'Dell', N'Impresora', N'CTE-0061-7F39F8', N'Precision 161');
INSERT INTO [Equipos] ([id_equipo], [cliente_id], [marca], [tipo], [numero_serie], [modelo]) VALUES (62, 62, N'HP', N'Monitor', N'CTE-0062-44F683', N'EliteDesk 162');
INSERT INTO [Equipos] ([id_equipo], [cliente_id], [marca], [tipo], [numero_serie], [modelo]) VALUES (63, 63, N'Lenovo', N'Consola', N'CTE-0063-03AFDB', N'ThinkPad 163');
INSERT INTO [Equipos] ([id_equipo], [cliente_id], [marca], [tipo], [numero_serie], [modelo]) VALUES (64, 64, N'Apple', N'Proyector', N'CTE-0064-EA5D2F', N'iPhone 164');
INSERT INTO [Equipos] ([id_equipo], [cliente_id], [marca], [tipo], [numero_serie], [modelo]) VALUES (65, 65, N'Samsung', N'Laptop', N'CTE-0065-FC490C', N'Galaxy 165');
INSERT INTO [Equipos] ([id_equipo], [cliente_id], [marca], [tipo], [numero_serie], [modelo]) VALUES (66, 66, N'Asus', N'PC Escritorio', N'CTE-0066-3295C7', N'ZenBook 166');
INSERT INTO [Equipos] ([id_equipo], [cliente_id], [marca], [tipo], [numero_serie], [modelo]) VALUES (67, 67, N'Acer', N'Celular', N'CTE-0067-735B90', N'Nitro 167');
INSERT INTO [Equipos] ([id_equipo], [cliente_id], [marca], [tipo], [numero_serie], [modelo]) VALUES (68, 68, N'Canon', N'Tablet', N'CTE-0068-A3F390', N'G3110 168');
INSERT INTO [Equipos] ([id_equipo], [cliente_id], [marca], [tipo], [numero_serie], [modelo]) VALUES (69, 69, N'Brother', N'Impresora', N'CTE-0069-14BFA6', N'HL-L6200DW 169');
INSERT INTO [Equipos] ([id_equipo], [cliente_id], [marca], [tipo], [numero_serie], [modelo]) VALUES (70, 70, N'Epson', N'Monitor', N'CTE-0070-7CBBC4', N'PowerLite 170');
INSERT INTO [Equipos] ([id_equipo], [cliente_id], [marca], [tipo], [numero_serie], [modelo]) VALUES (71, 71, N'LG', N'Consola', N'CTE-0071-E2C420', N'Odyssey 171');
INSERT INTO [Equipos] ([id_equipo], [cliente_id], [marca], [tipo], [numero_serie], [modelo]) VALUES (72, 72, N'Xiaomi', N'Proyector', N'CTE-0072-32BB90', N'Poco 172');
INSERT INTO [Equipos] ([id_equipo], [cliente_id], [marca], [tipo], [numero_serie], [modelo]) VALUES (73, 73, N'Dell', N'Laptop', N'CTE-0073-D2DDEA', N'Precision 173');
INSERT INTO [Equipos] ([id_equipo], [cliente_id], [marca], [tipo], [numero_serie], [modelo]) VALUES (74, 74, N'HP', N'PC Escritorio', N'CTE-0074-AD61AB', N'EliteDesk 174');
INSERT INTO [Equipos] ([id_equipo], [cliente_id], [marca], [tipo], [numero_serie], [modelo]) VALUES (75, 75, N'Lenovo', N'Celular', N'CTE-0075-D09BF4', N'ThinkPad 175');
INSERT INTO [Equipos] ([id_equipo], [cliente_id], [marca], [tipo], [numero_serie], [modelo]) VALUES (76, 76, N'Apple', N'Tablet', N'CTE-0076-FBD793', N'iPhone 176');
INSERT INTO [Equipos] ([id_equipo], [cliente_id], [marca], [tipo], [numero_serie], [modelo]) VALUES (77, 77, N'Samsung', N'Impresora', N'CTE-0077-28DD2C', N'Galaxy 177');
INSERT INTO [Equipos] ([id_equipo], [cliente_id], [marca], [tipo], [numero_serie], [modelo]) VALUES (78, 78, N'Asus', N'Monitor', N'CTE-0078-35F4A8', N'ZenBook 178');
INSERT INTO [Equipos] ([id_equipo], [cliente_id], [marca], [tipo], [numero_serie], [modelo]) VALUES (79, 79, N'Acer', N'Consola', N'CTE-0079-D1FE17', N'Nitro 179');
INSERT INTO [Equipos] ([id_equipo], [cliente_id], [marca], [tipo], [numero_serie], [modelo]) VALUES (80, 80, N'Canon', N'Proyector', N'CTE-0080-F033AB', N'G3110 180');
INSERT INTO [Equipos] ([id_equipo], [cliente_id], [marca], [tipo], [numero_serie], [modelo]) VALUES (81, 81, N'Brother', N'Laptop', N'CTE-0081-43EC51', N'HL-L6200DW 181');
INSERT INTO [Equipos] ([id_equipo], [cliente_id], [marca], [tipo], [numero_serie], [modelo]) VALUES (82, 82, N'Epson', N'PC Escritorio', N'CTE-0082-9778D5', N'PowerLite 182');
INSERT INTO [Equipos] ([id_equipo], [cliente_id], [marca], [tipo], [numero_serie], [modelo]) VALUES (83, 83, N'LG', N'Celular', N'CTE-0083-FE9FC2', N'Odyssey 183');
INSERT INTO [Equipos] ([id_equipo], [cliente_id], [marca], [tipo], [numero_serie], [modelo]) VALUES (84, 84, N'Xiaomi', N'Tablet', N'CTE-0084-68D30A', N'Poco 184');
INSERT INTO [Equipos] ([id_equipo], [cliente_id], [marca], [tipo], [numero_serie], [modelo]) VALUES (85, 85, N'Dell', N'Impresora', N'CTE-0085-3EF815', N'Precision 185');
INSERT INTO [Equipos] ([id_equipo], [cliente_id], [marca], [tipo], [numero_serie], [modelo]) VALUES (86, 86, N'HP', N'Monitor', N'CTE-0086-93DB85', N'EliteDesk 186');
INSERT INTO [Equipos] ([id_equipo], [cliente_id], [marca], [tipo], [numero_serie], [modelo]) VALUES (87, 87, N'Lenovo', N'Consola', N'CTE-0087-C7E124', N'ThinkPad 187');
INSERT INTO [Equipos] ([id_equipo], [cliente_id], [marca], [tipo], [numero_serie], [modelo]) VALUES (88, 88, N'Apple', N'Proyector', N'CTE-0088-2A38A4', N'iPhone 188');
INSERT INTO [Equipos] ([id_equipo], [cliente_id], [marca], [tipo], [numero_serie], [modelo]) VALUES (89, 89, N'Samsung', N'Laptop', N'CTE-0089-764796', N'Galaxy 189');
INSERT INTO [Equipos] ([id_equipo], [cliente_id], [marca], [tipo], [numero_serie], [modelo]) VALUES (90, 90, N'Asus', N'PC Escritorio', N'CTE-0090-861398', N'ZenBook 190');
INSERT INTO [Equipos] ([id_equipo], [cliente_id], [marca], [tipo], [numero_serie], [modelo]) VALUES (91, 91, N'Acer', N'Celular', N'CTE-0091-54229A', N'Nitro 191');
INSERT INTO [Equipos] ([id_equipo], [cliente_id], [marca], [tipo], [numero_serie], [modelo]) VALUES (92, 92, N'Canon', N'Tablet', N'CTE-0092-92CC22', N'G3110 192');
INSERT INTO [Equipos] ([id_equipo], [cliente_id], [marca], [tipo], [numero_serie], [modelo]) VALUES (93, 93, N'Brother', N'Impresora', N'CTE-0093-98DCE8', N'HL-L6200DW 193');
INSERT INTO [Equipos] ([id_equipo], [cliente_id], [marca], [tipo], [numero_serie], [modelo]) VALUES (94, 94, N'Epson', N'Monitor', N'CTE-0094-F4B9EC', N'PowerLite 194');
INSERT INTO [Equipos] ([id_equipo], [cliente_id], [marca], [tipo], [numero_serie], [modelo]) VALUES (95, 95, N'LG', N'Consola', N'CTE-0095-812B4B', N'Odyssey 195');
INSERT INTO [Equipos] ([id_equipo], [cliente_id], [marca], [tipo], [numero_serie], [modelo]) VALUES (96, 96, N'Xiaomi', N'Proyector', N'CTE-0096-26657D', N'Poco 196');
INSERT INTO [Equipos] ([id_equipo], [cliente_id], [marca], [tipo], [numero_serie], [modelo]) VALUES (97, 97, N'Dell', N'Laptop', N'CTE-0097-E2EF52', N'Precision 197');
INSERT INTO [Equipos] ([id_equipo], [cliente_id], [marca], [tipo], [numero_serie], [modelo]) VALUES (98, 98, N'HP', N'PC Escritorio', N'CTE-0098-ED3D2C', N'EliteDesk 198');
INSERT INTO [Equipos] ([id_equipo], [cliente_id], [marca], [tipo], [numero_serie], [modelo]) VALUES (99, 99, N'Lenovo', N'Celular', N'CTE-0099-AC627A', N'ThinkPad 199');
INSERT INTO [Equipos] ([id_equipo], [cliente_id], [marca], [tipo], [numero_serie], [modelo]) VALUES (100, 100, N'Apple', N'Tablet', N'CTE-0100-F89913', N'iPhone 200');
INSERT INTO [Equipos] ([id_equipo], [cliente_id], [marca], [tipo], [numero_serie], [modelo]) VALUES (101, 101, N'Samsung', N'Impresora', N'CTE-0101-38B3EF', N'Galaxy 201');
INSERT INTO [Equipos] ([id_equipo], [cliente_id], [marca], [tipo], [numero_serie], [modelo]) VALUES (102, 102, N'Asus', N'Monitor', N'CTE-0102-EC8956', N'ZenBook 202');
INSERT INTO [Equipos] ([id_equipo], [cliente_id], [marca], [tipo], [numero_serie], [modelo]) VALUES (103, 103, N'Acer', N'Consola', N'CTE-0103-6974CE', N'Nitro 203');
INSERT INTO [Equipos] ([id_equipo], [cliente_id], [marca], [tipo], [numero_serie], [modelo]) VALUES (104, 104, N'Canon', N'Proyector', N'CTE-0104-C9E107', N'G3110 204');
INSERT INTO [Equipos] ([id_equipo], [cliente_id], [marca], [tipo], [numero_serie], [modelo]) VALUES (105, 105, N'Brother', N'Laptop', N'CTE-0105-65B9EE', N'HL-L6200DW 205');
INSERT INTO [Equipos] ([id_equipo], [cliente_id], [marca], [tipo], [numero_serie], [modelo]) VALUES (106, 106, N'Epson', N'PC Escritorio', N'CTE-0106-F0935E', N'PowerLite 206');
INSERT INTO [Equipos] ([id_equipo], [cliente_id], [marca], [tipo], [numero_serie], [modelo]) VALUES (107, 107, N'LG', N'Celular', N'CTE-0107-A97DA6', N'Odyssey 207');
INSERT INTO [Equipos] ([id_equipo], [cliente_id], [marca], [tipo], [numero_serie], [modelo]) VALUES (108, 108, N'Xiaomi', N'Tablet', N'CTE-0108-A3C65C', N'Poco 208');
INSERT INTO [Equipos] ([id_equipo], [cliente_id], [marca], [tipo], [numero_serie], [modelo]) VALUES (109, 109, N'Dell', N'Impresora', N'CTE-0109-2723D0', N'Precision 209');
INSERT INTO [Equipos] ([id_equipo], [cliente_id], [marca], [tipo], [numero_serie], [modelo]) VALUES (110, 110, N'HP', N'Monitor', N'CTE-0110-5F93F9', N'EliteDesk 210');
INSERT INTO [Equipos] ([id_equipo], [cliente_id], [marca], [tipo], [numero_serie], [modelo]) VALUES (111, 111, N'Lenovo', N'Consola', N'CTE-0111-698D51', N'ThinkPad 211');
INSERT INTO [Equipos] ([id_equipo], [cliente_id], [marca], [tipo], [numero_serie], [modelo]) VALUES (112, 112, N'Apple', N'Proyector', N'CTE-0112-7F6FFA', N'iPhone 212');
INSERT INTO [Equipos] ([id_equipo], [cliente_id], [marca], [tipo], [numero_serie], [modelo]) VALUES (113, 113, N'Samsung', N'Laptop', N'CTE-0113-73278A', N'Galaxy 213');
INSERT INTO [Equipos] ([id_equipo], [cliente_id], [marca], [tipo], [numero_serie], [modelo]) VALUES (114, 114, N'Asus', N'PC Escritorio', N'CTE-0114-5FD0B3', N'ZenBook 214');
INSERT INTO [Equipos] ([id_equipo], [cliente_id], [marca], [tipo], [numero_serie], [modelo]) VALUES (115, 115, N'Acer', N'Celular', N'CTE-0115-2B4492', N'Nitro 215');
INSERT INTO [Equipos] ([id_equipo], [cliente_id], [marca], [tipo], [numero_serie], [modelo]) VALUES (116, 116, N'Canon', N'Tablet', N'CTE-0116-C45147', N'G3110 216');
INSERT INTO [Equipos] ([id_equipo], [cliente_id], [marca], [tipo], [numero_serie], [modelo]) VALUES (117, 117, N'Brother', N'Impresora', N'CTE-0117-EB160D', N'HL-L6200DW 217');
INSERT INTO [Equipos] ([id_equipo], [cliente_id], [marca], [tipo], [numero_serie], [modelo]) VALUES (118, 118, N'Epson', N'Monitor', N'CTE-0118-5EF059', N'PowerLite 218');
INSERT INTO [Equipos] ([id_equipo], [cliente_id], [marca], [tipo], [numero_serie], [modelo]) VALUES (119, 119, N'LG', N'Consola', N'CTE-0119-07E1CD', N'Odyssey 219');
INSERT INTO [Equipos] ([id_equipo], [cliente_id], [marca], [tipo], [numero_serie], [modelo]) VALUES (120, 120, N'Xiaomi', N'Proyector', N'CTE-0120-DA4FB5', N'Poco 220');
GO

-- Datos de Proveedores: 120 registros
INSERT INTO [Proveedores] ([id_proveedor], [nombre], [telefono], [direccion], [correo], [web], [notas], [descontinuada]) VALUES (1, N'Central Parts NI 01', N'+505 2255-9001', N'Plaza Espana, Managua', N'ventas1@proveedor.demo', NULL, N'Proveedor de inventario regular.', 0);
INSERT INTO [Proveedores] ([id_proveedor], [nombre], [telefono], [direccion], [correo], [web], [notas], [descontinuada]) VALUES (2, N'MovilLab Mayoreo 02', N'+505 2255-9002', N'Mercado Oriental, Managua', N'ventas2@proveedor.demo', NULL, N'Validar lote antes de instalar.', 0);
INSERT INTO [Proveedores] ([id_proveedor], [nombre], [telefono], [direccion], [correo], [web], [notas], [descontinuada]) VALUES (3, N'Importadora MicroFix 03', N'+505 2255-9003', N'Carretera a Masaya km 9', N'ventas3@proveedor.demo', N'https://proveedor3.demo', N'Buen tiempo de entrega en pedidos urgentes.', 0);
INSERT INTO [Proveedores] ([id_proveedor], [nombre], [telefono], [direccion], [correo], [web], [notas], [descontinuada]) VALUES (4, N'Printer Hub Nicaragua 04', N'+505 2255-9004', N'Los Robles, Managua', N'ventas4@proveedor.demo', NULL, N'Mantiene garantia limitada por pieza.', 0);
INSERT INTO [Proveedores] ([id_proveedor], [nombre], [telefono], [direccion], [correo], [web], [notas], [descontinuada]) VALUES (5, N'GameBoard Supply 05', N'+505 2255-9005', N'Altamira, Managua', N'ventas5@proveedor.demo', NULL, N'Usar para repuestos bajo pedido.', 0);
INSERT INTO [Proveedores] ([id_proveedor], [nombre], [telefono], [direccion], [correo], [web], [notas], [descontinuada]) VALUES (6, N'Display Boards CA 06', N'+505 2255-9006', N'Ciudad Jardin, Managua', N'ventas6@proveedor.demo', N'https://proveedor6.demo', N'Proveedor de inventario regular.', 0);
INSERT INTO [Proveedores] ([id_proveedor], [nombre], [telefono], [direccion], [correo], [web], [notas], [descontinuada]) VALUES (7, N'Energia Digital 07', N'+505 2255-9007', N'Plaza Espana, Managua', N'ventas7@proveedor.demo', NULL, N'Validar lote antes de instalar.', 0);
INSERT INTO [Proveedores] ([id_proveedor], [nombre], [telefono], [direccion], [correo], [web], [notas], [descontinuada]) VALUES (8, N'Tecno Repuestos 08', N'+505 2255-9008', N'Mercado Oriental, Managua', N'ventas8@proveedor.demo', NULL, N'Buen tiempo de entrega en pedidos urgentes.', 0);
INSERT INTO [Proveedores] ([id_proveedor], [nombre], [telefono], [direccion], [correo], [web], [notas], [descontinuada]) VALUES (9, N'Central Parts NI 09', N'+505 2255-9009', N'Carretera a Masaya km 9', N'ventas9@proveedor.demo', N'https://proveedor9.demo', N'Mantiene garantia limitada por pieza.', 0);
INSERT INTO [Proveedores] ([id_proveedor], [nombre], [telefono], [direccion], [correo], [web], [notas], [descontinuada]) VALUES (10, N'MovilLab Mayoreo 10', N'+505 2255-9010', N'Los Robles, Managua', N'ventas10@proveedor.demo', NULL, N'Usar para repuestos bajo pedido.', 1);
INSERT INTO [Proveedores] ([id_proveedor], [nombre], [telefono], [direccion], [correo], [web], [notas], [descontinuada]) VALUES (11, N'Importadora MicroFix 11', N'+505 2255-9011', N'Altamira, Managua', N'ventas11@proveedor.demo', NULL, N'Proveedor de inventario regular.', 0);
INSERT INTO [Proveedores] ([id_proveedor], [nombre], [telefono], [direccion], [correo], [web], [notas], [descontinuada]) VALUES (12, N'Printer Hub Nicaragua 12', N'+505 2255-9012', N'Ciudad Jardin, Managua', N'ventas12@proveedor.demo', N'https://proveedor12.demo', N'Validar lote antes de instalar.', 0);
INSERT INTO [Proveedores] ([id_proveedor], [nombre], [telefono], [direccion], [correo], [web], [notas], [descontinuada]) VALUES (13, N'GameBoard Supply 13', N'+505 2255-9013', N'Plaza Espana, Managua', N'ventas13@proveedor.demo', NULL, N'Buen tiempo de entrega en pedidos urgentes.', 0);
INSERT INTO [Proveedores] ([id_proveedor], [nombre], [telefono], [direccion], [correo], [web], [notas], [descontinuada]) VALUES (14, N'Display Boards CA 14', N'+505 2255-9014', N'Mercado Oriental, Managua', N'ventas14@proveedor.demo', NULL, N'Mantiene garantia limitada por pieza.', 0);
INSERT INTO [Proveedores] ([id_proveedor], [nombre], [telefono], [direccion], [correo], [web], [notas], [descontinuada]) VALUES (15, N'Energia Digital 15', N'+505 2255-9015', N'Carretera a Masaya km 9', N'ventas15@proveedor.demo', N'https://proveedor15.demo', N'Usar para repuestos bajo pedido.', 0);
INSERT INTO [Proveedores] ([id_proveedor], [nombre], [telefono], [direccion], [correo], [web], [notas], [descontinuada]) VALUES (16, N'Tecno Repuestos 16', N'+505 2255-9016', N'Los Robles, Managua', N'ventas16@proveedor.demo', NULL, N'Proveedor de inventario regular.', 0);
INSERT INTO [Proveedores] ([id_proveedor], [nombre], [telefono], [direccion], [correo], [web], [notas], [descontinuada]) VALUES (17, N'Central Parts NI 17', N'+505 2255-9017', N'Altamira, Managua', N'ventas17@proveedor.demo', NULL, N'Validar lote antes de instalar.', 0);
INSERT INTO [Proveedores] ([id_proveedor], [nombre], [telefono], [direccion], [correo], [web], [notas], [descontinuada]) VALUES (18, N'MovilLab Mayoreo 18', N'+505 2255-9018', N'Ciudad Jardin, Managua', N'ventas18@proveedor.demo', N'https://proveedor18.demo', N'Buen tiempo de entrega en pedidos urgentes.', 0);
INSERT INTO [Proveedores] ([id_proveedor], [nombre], [telefono], [direccion], [correo], [web], [notas], [descontinuada]) VALUES (19, N'Importadora MicroFix 19', N'+505 2255-9019', N'Plaza Espana, Managua', N'ventas19@proveedor.demo', NULL, N'Mantiene garantia limitada por pieza.', 0);
INSERT INTO [Proveedores] ([id_proveedor], [nombre], [telefono], [direccion], [correo], [web], [notas], [descontinuada]) VALUES (20, N'Printer Hub Nicaragua 20', N'+505 2255-9020', N'Mercado Oriental, Managua', N'ventas20@proveedor.demo', NULL, N'Usar para repuestos bajo pedido.', 1);
INSERT INTO [Proveedores] ([id_proveedor], [nombre], [telefono], [direccion], [correo], [web], [notas], [descontinuada]) VALUES (21, N'GameBoard Supply 21', N'+505 2255-9021', N'Carretera a Masaya km 9', N'ventas21@proveedor.demo', N'https://proveedor21.demo', N'Proveedor de inventario regular.', 0);
INSERT INTO [Proveedores] ([id_proveedor], [nombre], [telefono], [direccion], [correo], [web], [notas], [descontinuada]) VALUES (22, N'Display Boards CA 22', N'+505 2255-9022', N'Los Robles, Managua', N'ventas22@proveedor.demo', NULL, N'Validar lote antes de instalar.', 0);
INSERT INTO [Proveedores] ([id_proveedor], [nombre], [telefono], [direccion], [correo], [web], [notas], [descontinuada]) VALUES (23, N'Energia Digital 23', N'+505 2255-9023', N'Altamira, Managua', N'ventas23@proveedor.demo', NULL, N'Buen tiempo de entrega en pedidos urgentes.', 0);
INSERT INTO [Proveedores] ([id_proveedor], [nombre], [telefono], [direccion], [correo], [web], [notas], [descontinuada]) VALUES (24, N'Tecno Repuestos 24', N'+505 2255-9024', N'Ciudad Jardin, Managua', N'ventas24@proveedor.demo', N'https://proveedor24.demo', N'Mantiene garantia limitada por pieza.', 0);
INSERT INTO [Proveedores] ([id_proveedor], [nombre], [telefono], [direccion], [correo], [web], [notas], [descontinuada]) VALUES (25, N'Central Parts NI 25', N'+505 2255-9025', N'Plaza Espana, Managua', N'ventas25@proveedor.demo', NULL, N'Usar para repuestos bajo pedido.', 0);
INSERT INTO [Proveedores] ([id_proveedor], [nombre], [telefono], [direccion], [correo], [web], [notas], [descontinuada]) VALUES (26, N'MovilLab Mayoreo 26', N'+505 2255-9026', N'Mercado Oriental, Managua', N'ventas26@proveedor.demo', NULL, N'Proveedor de inventario regular.', 0);
INSERT INTO [Proveedores] ([id_proveedor], [nombre], [telefono], [direccion], [correo], [web], [notas], [descontinuada]) VALUES (27, N'Importadora MicroFix 27', N'+505 2255-9027', N'Carretera a Masaya km 9', N'ventas27@proveedor.demo', N'https://proveedor27.demo', N'Validar lote antes de instalar.', 0);
INSERT INTO [Proveedores] ([id_proveedor], [nombre], [telefono], [direccion], [correo], [web], [notas], [descontinuada]) VALUES (28, N'Printer Hub Nicaragua 28', N'+505 2255-9028', N'Los Robles, Managua', N'ventas28@proveedor.demo', NULL, N'Buen tiempo de entrega en pedidos urgentes.', 0);
INSERT INTO [Proveedores] ([id_proveedor], [nombre], [telefono], [direccion], [correo], [web], [notas], [descontinuada]) VALUES (29, N'GameBoard Supply 29', N'+505 2255-9029', N'Altamira, Managua', N'ventas29@proveedor.demo', NULL, N'Mantiene garantia limitada por pieza.', 0);
INSERT INTO [Proveedores] ([id_proveedor], [nombre], [telefono], [direccion], [correo], [web], [notas], [descontinuada]) VALUES (30, N'Display Boards CA 30', N'+505 2255-9030', N'Ciudad Jardin, Managua', N'ventas30@proveedor.demo', N'https://proveedor30.demo', N'Usar para repuestos bajo pedido.', 1);
INSERT INTO [Proveedores] ([id_proveedor], [nombre], [telefono], [direccion], [correo], [web], [notas], [descontinuada]) VALUES (31, N'Energia Digital 31', N'+505 2255-9031', N'Plaza Espana, Managua', N'ventas31@proveedor.demo', NULL, N'Proveedor de inventario regular.', 0);
INSERT INTO [Proveedores] ([id_proveedor], [nombre], [telefono], [direccion], [correo], [web], [notas], [descontinuada]) VALUES (32, N'Tecno Repuestos 32', N'+505 2255-9032', N'Mercado Oriental, Managua', N'ventas32@proveedor.demo', NULL, N'Validar lote antes de instalar.', 0);
INSERT INTO [Proveedores] ([id_proveedor], [nombre], [telefono], [direccion], [correo], [web], [notas], [descontinuada]) VALUES (33, N'Central Parts NI 33', N'+505 2255-9033', N'Carretera a Masaya km 9', N'ventas33@proveedor.demo', N'https://proveedor33.demo', N'Buen tiempo de entrega en pedidos urgentes.', 0);
INSERT INTO [Proveedores] ([id_proveedor], [nombre], [telefono], [direccion], [correo], [web], [notas], [descontinuada]) VALUES (34, N'MovilLab Mayoreo 34', N'+505 2255-9034', N'Los Robles, Managua', N'ventas34@proveedor.demo', NULL, N'Mantiene garantia limitada por pieza.', 0);
INSERT INTO [Proveedores] ([id_proveedor], [nombre], [telefono], [direccion], [correo], [web], [notas], [descontinuada]) VALUES (35, N'Importadora MicroFix 35', N'+505 2255-9035', N'Altamira, Managua', N'ventas35@proveedor.demo', NULL, N'Usar para repuestos bajo pedido.', 0);
INSERT INTO [Proveedores] ([id_proveedor], [nombre], [telefono], [direccion], [correo], [web], [notas], [descontinuada]) VALUES (36, N'Printer Hub Nicaragua 36', N'+505 2255-9036', N'Ciudad Jardin, Managua', N'ventas36@proveedor.demo', N'https://proveedor36.demo', N'Proveedor de inventario regular.', 0);
INSERT INTO [Proveedores] ([id_proveedor], [nombre], [telefono], [direccion], [correo], [web], [notas], [descontinuada]) VALUES (37, N'GameBoard Supply 37', N'+505 2255-9037', N'Plaza Espana, Managua', N'ventas37@proveedor.demo', NULL, N'Validar lote antes de instalar.', 0);
INSERT INTO [Proveedores] ([id_proveedor], [nombre], [telefono], [direccion], [correo], [web], [notas], [descontinuada]) VALUES (38, N'Display Boards CA 38', N'+505 2255-9038', N'Mercado Oriental, Managua', N'ventas38@proveedor.demo', NULL, N'Buen tiempo de entrega en pedidos urgentes.', 0);
INSERT INTO [Proveedores] ([id_proveedor], [nombre], [telefono], [direccion], [correo], [web], [notas], [descontinuada]) VALUES (39, N'Energia Digital 39', N'+505 2255-9039', N'Carretera a Masaya km 9', N'ventas39@proveedor.demo', N'https://proveedor39.demo', N'Mantiene garantia limitada por pieza.', 0);
INSERT INTO [Proveedores] ([id_proveedor], [nombre], [telefono], [direccion], [correo], [web], [notas], [descontinuada]) VALUES (40, N'Tecno Repuestos 40', N'+505 2255-9040', N'Los Robles, Managua', N'ventas40@proveedor.demo', NULL, N'Usar para repuestos bajo pedido.', 1);
INSERT INTO [Proveedores] ([id_proveedor], [nombre], [telefono], [direccion], [correo], [web], [notas], [descontinuada]) VALUES (41, N'Central Parts NI 41', N'+505 2255-9041', N'Altamira, Managua', N'ventas41@proveedor.demo', NULL, N'Proveedor de inventario regular.', 0);
INSERT INTO [Proveedores] ([id_proveedor], [nombre], [telefono], [direccion], [correo], [web], [notas], [descontinuada]) VALUES (42, N'MovilLab Mayoreo 42', N'+505 2255-9042', N'Ciudad Jardin, Managua', N'ventas42@proveedor.demo', N'https://proveedor42.demo', N'Validar lote antes de instalar.', 0);
INSERT INTO [Proveedores] ([id_proveedor], [nombre], [telefono], [direccion], [correo], [web], [notas], [descontinuada]) VALUES (43, N'Importadora MicroFix 43', N'+505 2255-9043', N'Plaza Espana, Managua', N'ventas43@proveedor.demo', NULL, N'Buen tiempo de entrega en pedidos urgentes.', 0);
INSERT INTO [Proveedores] ([id_proveedor], [nombre], [telefono], [direccion], [correo], [web], [notas], [descontinuada]) VALUES (44, N'Printer Hub Nicaragua 44', N'+505 2255-9044', N'Mercado Oriental, Managua', N'ventas44@proveedor.demo', NULL, N'Mantiene garantia limitada por pieza.', 0);
INSERT INTO [Proveedores] ([id_proveedor], [nombre], [telefono], [direccion], [correo], [web], [notas], [descontinuada]) VALUES (45, N'GameBoard Supply 45', N'+505 2255-9045', N'Carretera a Masaya km 9', N'ventas45@proveedor.demo', N'https://proveedor45.demo', N'Usar para repuestos bajo pedido.', 0);
INSERT INTO [Proveedores] ([id_proveedor], [nombre], [telefono], [direccion], [correo], [web], [notas], [descontinuada]) VALUES (46, N'Display Boards CA 46', N'+505 2255-9046', N'Los Robles, Managua', N'ventas46@proveedor.demo', NULL, N'Proveedor de inventario regular.', 0);
INSERT INTO [Proveedores] ([id_proveedor], [nombre], [telefono], [direccion], [correo], [web], [notas], [descontinuada]) VALUES (47, N'Energia Digital 47', N'+505 2255-9047', N'Altamira, Managua', N'ventas47@proveedor.demo', NULL, N'Validar lote antes de instalar.', 0);
INSERT INTO [Proveedores] ([id_proveedor], [nombre], [telefono], [direccion], [correo], [web], [notas], [descontinuada]) VALUES (48, N'Tecno Repuestos 48', N'+505 2255-9048', N'Ciudad Jardin, Managua', N'ventas48@proveedor.demo', N'https://proveedor48.demo', N'Buen tiempo de entrega en pedidos urgentes.', 0);
INSERT INTO [Proveedores] ([id_proveedor], [nombre], [telefono], [direccion], [correo], [web], [notas], [descontinuada]) VALUES (49, N'Central Parts NI 49', N'+505 2255-9049', N'Plaza Espana, Managua', N'ventas49@proveedor.demo', NULL, N'Mantiene garantia limitada por pieza.', 0);
INSERT INTO [Proveedores] ([id_proveedor], [nombre], [telefono], [direccion], [correo], [web], [notas], [descontinuada]) VALUES (50, N'MovilLab Mayoreo 50', N'+505 2255-9050', N'Mercado Oriental, Managua', N'ventas50@proveedor.demo', NULL, N'Usar para repuestos bajo pedido.', 1);
INSERT INTO [Proveedores] ([id_proveedor], [nombre], [telefono], [direccion], [correo], [web], [notas], [descontinuada]) VALUES (51, N'Importadora MicroFix 51', N'+505 2255-9051', N'Carretera a Masaya km 9', N'ventas51@proveedor.demo', N'https://proveedor51.demo', N'Proveedor de inventario regular.', 0);
INSERT INTO [Proveedores] ([id_proveedor], [nombre], [telefono], [direccion], [correo], [web], [notas], [descontinuada]) VALUES (52, N'Printer Hub Nicaragua 52', N'+505 2255-9052', N'Los Robles, Managua', N'ventas52@proveedor.demo', NULL, N'Validar lote antes de instalar.', 0);
INSERT INTO [Proveedores] ([id_proveedor], [nombre], [telefono], [direccion], [correo], [web], [notas], [descontinuada]) VALUES (53, N'GameBoard Supply 53', N'+505 2255-9053', N'Altamira, Managua', N'ventas53@proveedor.demo', NULL, N'Buen tiempo de entrega en pedidos urgentes.', 0);
INSERT INTO [Proveedores] ([id_proveedor], [nombre], [telefono], [direccion], [correo], [web], [notas], [descontinuada]) VALUES (54, N'Display Boards CA 54', N'+505 2255-9054', N'Ciudad Jardin, Managua', N'ventas54@proveedor.demo', N'https://proveedor54.demo', N'Mantiene garantia limitada por pieza.', 0);
INSERT INTO [Proveedores] ([id_proveedor], [nombre], [telefono], [direccion], [correo], [web], [notas], [descontinuada]) VALUES (55, N'Energia Digital 55', N'+505 2255-9055', N'Plaza Espana, Managua', N'ventas55@proveedor.demo', NULL, N'Usar para repuestos bajo pedido.', 0);
INSERT INTO [Proveedores] ([id_proveedor], [nombre], [telefono], [direccion], [correo], [web], [notas], [descontinuada]) VALUES (56, N'Tecno Repuestos 56', N'+505 2255-9056', N'Mercado Oriental, Managua', N'ventas56@proveedor.demo', NULL, N'Proveedor de inventario regular.', 0);
INSERT INTO [Proveedores] ([id_proveedor], [nombre], [telefono], [direccion], [correo], [web], [notas], [descontinuada]) VALUES (57, N'Central Parts NI 57', N'+505 2255-9057', N'Carretera a Masaya km 9', N'ventas57@proveedor.demo', N'https://proveedor57.demo', N'Validar lote antes de instalar.', 0);
INSERT INTO [Proveedores] ([id_proveedor], [nombre], [telefono], [direccion], [correo], [web], [notas], [descontinuada]) VALUES (58, N'MovilLab Mayoreo 58', N'+505 2255-9058', N'Los Robles, Managua', N'ventas58@proveedor.demo', NULL, N'Buen tiempo de entrega en pedidos urgentes.', 0);
INSERT INTO [Proveedores] ([id_proveedor], [nombre], [telefono], [direccion], [correo], [web], [notas], [descontinuada]) VALUES (59, N'Importadora MicroFix 59', N'+505 2255-9059', N'Altamira, Managua', N'ventas59@proveedor.demo', NULL, N'Mantiene garantia limitada por pieza.', 0);
INSERT INTO [Proveedores] ([id_proveedor], [nombre], [telefono], [direccion], [correo], [web], [notas], [descontinuada]) VALUES (60, N'Printer Hub Nicaragua 60', N'+505 2255-9060', N'Ciudad Jardin, Managua', N'ventas60@proveedor.demo', N'https://proveedor60.demo', N'Usar para repuestos bajo pedido.', 1);
INSERT INTO [Proveedores] ([id_proveedor], [nombre], [telefono], [direccion], [correo], [web], [notas], [descontinuada]) VALUES (61, N'GameBoard Supply 61', N'+505 2255-9061', N'Plaza Espana, Managua', N'ventas61@proveedor.demo', NULL, N'Proveedor de inventario regular.', 0);
INSERT INTO [Proveedores] ([id_proveedor], [nombre], [telefono], [direccion], [correo], [web], [notas], [descontinuada]) VALUES (62, N'Display Boards CA 62', N'+505 2255-9062', N'Mercado Oriental, Managua', N'ventas62@proveedor.demo', NULL, N'Validar lote antes de instalar.', 0);
INSERT INTO [Proveedores] ([id_proveedor], [nombre], [telefono], [direccion], [correo], [web], [notas], [descontinuada]) VALUES (63, N'Energia Digital 63', N'+505 2255-9063', N'Carretera a Masaya km 9', N'ventas63@proveedor.demo', N'https://proveedor63.demo', N'Buen tiempo de entrega en pedidos urgentes.', 0);
INSERT INTO [Proveedores] ([id_proveedor], [nombre], [telefono], [direccion], [correo], [web], [notas], [descontinuada]) VALUES (64, N'Tecno Repuestos 64', N'+505 2255-9064', N'Los Robles, Managua', N'ventas64@proveedor.demo', NULL, N'Mantiene garantia limitada por pieza.', 0);
INSERT INTO [Proveedores] ([id_proveedor], [nombre], [telefono], [direccion], [correo], [web], [notas], [descontinuada]) VALUES (65, N'Central Parts NI 65', N'+505 2255-9065', N'Altamira, Managua', N'ventas65@proveedor.demo', NULL, N'Usar para repuestos bajo pedido.', 0);
INSERT INTO [Proveedores] ([id_proveedor], [nombre], [telefono], [direccion], [correo], [web], [notas], [descontinuada]) VALUES (66, N'MovilLab Mayoreo 66', N'+505 2255-9066', N'Ciudad Jardin, Managua', N'ventas66@proveedor.demo', N'https://proveedor66.demo', N'Proveedor de inventario regular.', 0);
INSERT INTO [Proveedores] ([id_proveedor], [nombre], [telefono], [direccion], [correo], [web], [notas], [descontinuada]) VALUES (67, N'Importadora MicroFix 67', N'+505 2255-9067', N'Plaza Espana, Managua', N'ventas67@proveedor.demo', NULL, N'Validar lote antes de instalar.', 0);
INSERT INTO [Proveedores] ([id_proveedor], [nombre], [telefono], [direccion], [correo], [web], [notas], [descontinuada]) VALUES (68, N'Printer Hub Nicaragua 68', N'+505 2255-9068', N'Mercado Oriental, Managua', N'ventas68@proveedor.demo', NULL, N'Buen tiempo de entrega en pedidos urgentes.', 0);
INSERT INTO [Proveedores] ([id_proveedor], [nombre], [telefono], [direccion], [correo], [web], [notas], [descontinuada]) VALUES (69, N'GameBoard Supply 69', N'+505 2255-9069', N'Carretera a Masaya km 9', N'ventas69@proveedor.demo', N'https://proveedor69.demo', N'Mantiene garantia limitada por pieza.', 0);
INSERT INTO [Proveedores] ([id_proveedor], [nombre], [telefono], [direccion], [correo], [web], [notas], [descontinuada]) VALUES (70, N'Display Boards CA 70', N'+505 2255-9070', N'Los Robles, Managua', N'ventas70@proveedor.demo', NULL, N'Usar para repuestos bajo pedido.', 1);
INSERT INTO [Proveedores] ([id_proveedor], [nombre], [telefono], [direccion], [correo], [web], [notas], [descontinuada]) VALUES (71, N'Energia Digital 71', N'+505 2255-9071', N'Altamira, Managua', N'ventas71@proveedor.demo', NULL, N'Proveedor de inventario regular.', 0);
INSERT INTO [Proveedores] ([id_proveedor], [nombre], [telefono], [direccion], [correo], [web], [notas], [descontinuada]) VALUES (72, N'Tecno Repuestos 72', N'+505 2255-9072', N'Ciudad Jardin, Managua', N'ventas72@proveedor.demo', N'https://proveedor72.demo', N'Validar lote antes de instalar.', 0);
INSERT INTO [Proveedores] ([id_proveedor], [nombre], [telefono], [direccion], [correo], [web], [notas], [descontinuada]) VALUES (73, N'Central Parts NI 73', N'+505 2255-9073', N'Plaza Espana, Managua', N'ventas73@proveedor.demo', NULL, N'Buen tiempo de entrega en pedidos urgentes.', 0);
INSERT INTO [Proveedores] ([id_proveedor], [nombre], [telefono], [direccion], [correo], [web], [notas], [descontinuada]) VALUES (74, N'MovilLab Mayoreo 74', N'+505 2255-9074', N'Mercado Oriental, Managua', N'ventas74@proveedor.demo', NULL, N'Mantiene garantia limitada por pieza.', 0);
INSERT INTO [Proveedores] ([id_proveedor], [nombre], [telefono], [direccion], [correo], [web], [notas], [descontinuada]) VALUES (75, N'Importadora MicroFix 75', N'+505 2255-9075', N'Carretera a Masaya km 9', N'ventas75@proveedor.demo', N'https://proveedor75.demo', N'Usar para repuestos bajo pedido.', 0);
INSERT INTO [Proveedores] ([id_proveedor], [nombre], [telefono], [direccion], [correo], [web], [notas], [descontinuada]) VALUES (76, N'Printer Hub Nicaragua 76', N'+505 2255-9076', N'Los Robles, Managua', N'ventas76@proveedor.demo', NULL, N'Proveedor de inventario regular.', 0);
INSERT INTO [Proveedores] ([id_proveedor], [nombre], [telefono], [direccion], [correo], [web], [notas], [descontinuada]) VALUES (77, N'GameBoard Supply 77', N'+505 2255-9077', N'Altamira, Managua', N'ventas77@proveedor.demo', NULL, N'Validar lote antes de instalar.', 0);
INSERT INTO [Proveedores] ([id_proveedor], [nombre], [telefono], [direccion], [correo], [web], [notas], [descontinuada]) VALUES (78, N'Display Boards CA 78', N'+505 2255-9078', N'Ciudad Jardin, Managua', N'ventas78@proveedor.demo', N'https://proveedor78.demo', N'Buen tiempo de entrega en pedidos urgentes.', 0);
INSERT INTO [Proveedores] ([id_proveedor], [nombre], [telefono], [direccion], [correo], [web], [notas], [descontinuada]) VALUES (79, N'Energia Digital 79', N'+505 2255-9079', N'Plaza Espana, Managua', N'ventas79@proveedor.demo', NULL, N'Mantiene garantia limitada por pieza.', 0);
INSERT INTO [Proveedores] ([id_proveedor], [nombre], [telefono], [direccion], [correo], [web], [notas], [descontinuada]) VALUES (80, N'Tecno Repuestos 80', N'+505 2255-9080', N'Mercado Oriental, Managua', N'ventas80@proveedor.demo', NULL, N'Usar para repuestos bajo pedido.', 1);
INSERT INTO [Proveedores] ([id_proveedor], [nombre], [telefono], [direccion], [correo], [web], [notas], [descontinuada]) VALUES (81, N'Central Parts NI 81', N'+505 2255-9081', N'Carretera a Masaya km 9', N'ventas81@proveedor.demo', N'https://proveedor81.demo', N'Proveedor de inventario regular.', 0);
INSERT INTO [Proveedores] ([id_proveedor], [nombre], [telefono], [direccion], [correo], [web], [notas], [descontinuada]) VALUES (82, N'MovilLab Mayoreo 82', N'+505 2255-9082', N'Los Robles, Managua', N'ventas82@proveedor.demo', NULL, N'Validar lote antes de instalar.', 0);
INSERT INTO [Proveedores] ([id_proveedor], [nombre], [telefono], [direccion], [correo], [web], [notas], [descontinuada]) VALUES (83, N'Importadora MicroFix 83', N'+505 2255-9083', N'Altamira, Managua', N'ventas83@proveedor.demo', NULL, N'Buen tiempo de entrega en pedidos urgentes.', 0);
INSERT INTO [Proveedores] ([id_proveedor], [nombre], [telefono], [direccion], [correo], [web], [notas], [descontinuada]) VALUES (84, N'Printer Hub Nicaragua 84', N'+505 2255-9084', N'Ciudad Jardin, Managua', N'ventas84@proveedor.demo', N'https://proveedor84.demo', N'Mantiene garantia limitada por pieza.', 0);
INSERT INTO [Proveedores] ([id_proveedor], [nombre], [telefono], [direccion], [correo], [web], [notas], [descontinuada]) VALUES (85, N'GameBoard Supply 85', N'+505 2255-9085', N'Plaza Espana, Managua', N'ventas85@proveedor.demo', NULL, N'Usar para repuestos bajo pedido.', 0);
INSERT INTO [Proveedores] ([id_proveedor], [nombre], [telefono], [direccion], [correo], [web], [notas], [descontinuada]) VALUES (86, N'Display Boards CA 86', N'+505 2255-9086', N'Mercado Oriental, Managua', N'ventas86@proveedor.demo', NULL, N'Proveedor de inventario regular.', 0);
INSERT INTO [Proveedores] ([id_proveedor], [nombre], [telefono], [direccion], [correo], [web], [notas], [descontinuada]) VALUES (87, N'Energia Digital 87', N'+505 2255-9087', N'Carretera a Masaya km 9', N'ventas87@proveedor.demo', N'https://proveedor87.demo', N'Validar lote antes de instalar.', 0);
INSERT INTO [Proveedores] ([id_proveedor], [nombre], [telefono], [direccion], [correo], [web], [notas], [descontinuada]) VALUES (88, N'Tecno Repuestos 88', N'+505 2255-9088', N'Los Robles, Managua', N'ventas88@proveedor.demo', NULL, N'Buen tiempo de entrega en pedidos urgentes.', 0);
INSERT INTO [Proveedores] ([id_proveedor], [nombre], [telefono], [direccion], [correo], [web], [notas], [descontinuada]) VALUES (89, N'Central Parts NI 89', N'+505 2255-9089', N'Altamira, Managua', N'ventas89@proveedor.demo', NULL, N'Mantiene garantia limitada por pieza.', 0);
INSERT INTO [Proveedores] ([id_proveedor], [nombre], [telefono], [direccion], [correo], [web], [notas], [descontinuada]) VALUES (90, N'MovilLab Mayoreo 90', N'+505 2255-9090', N'Ciudad Jardin, Managua', N'ventas90@proveedor.demo', N'https://proveedor90.demo', N'Usar para repuestos bajo pedido.', 1);
INSERT INTO [Proveedores] ([id_proveedor], [nombre], [telefono], [direccion], [correo], [web], [notas], [descontinuada]) VALUES (91, N'Importadora MicroFix 91', N'+505 2255-9091', N'Plaza Espana, Managua', N'ventas91@proveedor.demo', NULL, N'Proveedor de inventario regular.', 0);
INSERT INTO [Proveedores] ([id_proveedor], [nombre], [telefono], [direccion], [correo], [web], [notas], [descontinuada]) VALUES (92, N'Printer Hub Nicaragua 92', N'+505 2255-9092', N'Mercado Oriental, Managua', N'ventas92@proveedor.demo', NULL, N'Validar lote antes de instalar.', 0);
INSERT INTO [Proveedores] ([id_proveedor], [nombre], [telefono], [direccion], [correo], [web], [notas], [descontinuada]) VALUES (93, N'GameBoard Supply 93', N'+505 2255-9093', N'Carretera a Masaya km 9', N'ventas93@proveedor.demo', N'https://proveedor93.demo', N'Buen tiempo de entrega en pedidos urgentes.', 0);
INSERT INTO [Proveedores] ([id_proveedor], [nombre], [telefono], [direccion], [correo], [web], [notas], [descontinuada]) VALUES (94, N'Display Boards CA 94', N'+505 2255-9094', N'Los Robles, Managua', N'ventas94@proveedor.demo', NULL, N'Mantiene garantia limitada por pieza.', 0);
INSERT INTO [Proveedores] ([id_proveedor], [nombre], [telefono], [direccion], [correo], [web], [notas], [descontinuada]) VALUES (95, N'Energia Digital 95', N'+505 2255-9095', N'Altamira, Managua', N'ventas95@proveedor.demo', NULL, N'Usar para repuestos bajo pedido.', 0);
INSERT INTO [Proveedores] ([id_proveedor], [nombre], [telefono], [direccion], [correo], [web], [notas], [descontinuada]) VALUES (96, N'Tecno Repuestos 96', N'+505 2255-9096', N'Ciudad Jardin, Managua', N'ventas96@proveedor.demo', N'https://proveedor96.demo', N'Proveedor de inventario regular.', 0);
INSERT INTO [Proveedores] ([id_proveedor], [nombre], [telefono], [direccion], [correo], [web], [notas], [descontinuada]) VALUES (97, N'Central Parts NI 97', N'+505 2255-9097', N'Plaza Espana, Managua', N'ventas97@proveedor.demo', NULL, N'Validar lote antes de instalar.', 0);
INSERT INTO [Proveedores] ([id_proveedor], [nombre], [telefono], [direccion], [correo], [web], [notas], [descontinuada]) VALUES (98, N'MovilLab Mayoreo 98', N'+505 2255-9098', N'Mercado Oriental, Managua', N'ventas98@proveedor.demo', NULL, N'Buen tiempo de entrega en pedidos urgentes.', 0);
INSERT INTO [Proveedores] ([id_proveedor], [nombre], [telefono], [direccion], [correo], [web], [notas], [descontinuada]) VALUES (99, N'Importadora MicroFix 99', N'+505 2255-9099', N'Carretera a Masaya km 9', N'ventas99@proveedor.demo', N'https://proveedor99.demo', N'Mantiene garantia limitada por pieza.', 0);
INSERT INTO [Proveedores] ([id_proveedor], [nombre], [telefono], [direccion], [correo], [web], [notas], [descontinuada]) VALUES (100, N'Printer Hub Nicaragua 10', N'+505 2255-9100', N'Los Robles, Managua', N'ventas100@proveedor.demo', NULL, N'Usar para repuestos bajo pedido.', 1);
INSERT INTO [Proveedores] ([id_proveedor], [nombre], [telefono], [direccion], [correo], [web], [notas], [descontinuada]) VALUES (101, N'GameBoard Supply 10', N'+505 2255-9101', N'Altamira, Managua', N'ventas101@proveedor.demo', NULL, N'Proveedor de inventario regular.', 0);
INSERT INTO [Proveedores] ([id_proveedor], [nombre], [telefono], [direccion], [correo], [web], [notas], [descontinuada]) VALUES (102, N'Display Boards CA 10', N'+505 2255-9102', N'Ciudad Jardin, Managua', N'ventas102@proveedor.demo', N'https://proveedor102.demo', N'Validar lote antes de instalar.', 0);
INSERT INTO [Proveedores] ([id_proveedor], [nombre], [telefono], [direccion], [correo], [web], [notas], [descontinuada]) VALUES (103, N'Energia Digital 10', N'+505 2255-9103', N'Plaza Espana, Managua', N'ventas103@proveedor.demo', NULL, N'Buen tiempo de entrega en pedidos urgentes.', 0);
INSERT INTO [Proveedores] ([id_proveedor], [nombre], [telefono], [direccion], [correo], [web], [notas], [descontinuada]) VALUES (104, N'Tecno Repuestos 10', N'+505 2255-9104', N'Mercado Oriental, Managua', N'ventas104@proveedor.demo', NULL, N'Mantiene garantia limitada por pieza.', 0);
INSERT INTO [Proveedores] ([id_proveedor], [nombre], [telefono], [direccion], [correo], [web], [notas], [descontinuada]) VALUES (105, N'Central Parts NI 10', N'+505 2255-9105', N'Carretera a Masaya km 9', N'ventas105@proveedor.demo', N'https://proveedor105.demo', N'Usar para repuestos bajo pedido.', 0);
INSERT INTO [Proveedores] ([id_proveedor], [nombre], [telefono], [direccion], [correo], [web], [notas], [descontinuada]) VALUES (106, N'MovilLab Mayoreo 10', N'+505 2255-9106', N'Los Robles, Managua', N'ventas106@proveedor.demo', NULL, N'Proveedor de inventario regular.', 0);
INSERT INTO [Proveedores] ([id_proveedor], [nombre], [telefono], [direccion], [correo], [web], [notas], [descontinuada]) VALUES (107, N'Importadora MicroFix 10', N'+505 2255-9107', N'Altamira, Managua', N'ventas107@proveedor.demo', NULL, N'Validar lote antes de instalar.', 0);
INSERT INTO [Proveedores] ([id_proveedor], [nombre], [telefono], [direccion], [correo], [web], [notas], [descontinuada]) VALUES (108, N'Printer Hub Nicaragua 10', N'+505 2255-9108', N'Ciudad Jardin, Managua', N'ventas108@proveedor.demo', N'https://proveedor108.demo', N'Buen tiempo de entrega en pedidos urgentes.', 0);
INSERT INTO [Proveedores] ([id_proveedor], [nombre], [telefono], [direccion], [correo], [web], [notas], [descontinuada]) VALUES (109, N'GameBoard Supply 10', N'+505 2255-9109', N'Plaza Espana, Managua', N'ventas109@proveedor.demo', NULL, N'Mantiene garantia limitada por pieza.', 0);
INSERT INTO [Proveedores] ([id_proveedor], [nombre], [telefono], [direccion], [correo], [web], [notas], [descontinuada]) VALUES (110, N'Display Boards CA 11', N'+505 2255-9110', N'Mercado Oriental, Managua', N'ventas110@proveedor.demo', NULL, N'Usar para repuestos bajo pedido.', 1);
INSERT INTO [Proveedores] ([id_proveedor], [nombre], [telefono], [direccion], [correo], [web], [notas], [descontinuada]) VALUES (111, N'Energia Digital 11', N'+505 2255-9111', N'Carretera a Masaya km 9', N'ventas111@proveedor.demo', N'https://proveedor111.demo', N'Proveedor de inventario regular.', 0);
INSERT INTO [Proveedores] ([id_proveedor], [nombre], [telefono], [direccion], [correo], [web], [notas], [descontinuada]) VALUES (112, N'Tecno Repuestos 11', N'+505 2255-9112', N'Los Robles, Managua', N'ventas112@proveedor.demo', NULL, N'Validar lote antes de instalar.', 0);
INSERT INTO [Proveedores] ([id_proveedor], [nombre], [telefono], [direccion], [correo], [web], [notas], [descontinuada]) VALUES (113, N'Central Parts NI 11', N'+505 2255-9113', N'Altamira, Managua', N'ventas113@proveedor.demo', NULL, N'Buen tiempo de entrega en pedidos urgentes.', 0);
INSERT INTO [Proveedores] ([id_proveedor], [nombre], [telefono], [direccion], [correo], [web], [notas], [descontinuada]) VALUES (114, N'MovilLab Mayoreo 11', N'+505 2255-9114', N'Ciudad Jardin, Managua', N'ventas114@proveedor.demo', N'https://proveedor114.demo', N'Mantiene garantia limitada por pieza.', 0);
INSERT INTO [Proveedores] ([id_proveedor], [nombre], [telefono], [direccion], [correo], [web], [notas], [descontinuada]) VALUES (115, N'Importadora MicroFix 11', N'+505 2255-9115', N'Plaza Espana, Managua', N'ventas115@proveedor.demo', NULL, N'Usar para repuestos bajo pedido.', 0);
INSERT INTO [Proveedores] ([id_proveedor], [nombre], [telefono], [direccion], [correo], [web], [notas], [descontinuada]) VALUES (116, N'Printer Hub Nicaragua 11', N'+505 2255-9116', N'Mercado Oriental, Managua', N'ventas116@proveedor.demo', NULL, N'Proveedor de inventario regular.', 0);
INSERT INTO [Proveedores] ([id_proveedor], [nombre], [telefono], [direccion], [correo], [web], [notas], [descontinuada]) VALUES (117, N'GameBoard Supply 11', N'+505 2255-9117', N'Carretera a Masaya km 9', N'ventas117@proveedor.demo', N'https://proveedor117.demo', N'Validar lote antes de instalar.', 0);
INSERT INTO [Proveedores] ([id_proveedor], [nombre], [telefono], [direccion], [correo], [web], [notas], [descontinuada]) VALUES (118, N'Display Boards CA 11', N'+505 2255-9118', N'Los Robles, Managua', N'ventas118@proveedor.demo', NULL, N'Buen tiempo de entrega en pedidos urgentes.', 0);
INSERT INTO [Proveedores] ([id_proveedor], [nombre], [telefono], [direccion], [correo], [web], [notas], [descontinuada]) VALUES (119, N'Energia Digital 11', N'+505 2255-9119', N'Altamira, Managua', N'ventas119@proveedor.demo', NULL, N'Mantiene garantia limitada por pieza.', 0);
INSERT INTO [Proveedores] ([id_proveedor], [nombre], [telefono], [direccion], [correo], [web], [notas], [descontinuada]) VALUES (120, N'Tecno Repuestos 12', N'+505 2255-9120', N'Ciudad Jardin, Managua', N'ventas120@proveedor.demo', N'https://proveedor120.demo', N'Usar para repuestos bajo pedido.', 1);
GO

-- Datos de Categorias_Repuestos: 120 registros
INSERT INTO [Categorias_Repuestos] ([id_tipo_repuesto], [nombre_tipo], [electronico]) VALUES (1, N'Pantallas y displays 01', N'Laptop/Celular/Tablet');
INSERT INTO [Categorias_Repuestos] ([id_tipo_repuesto], [nombre_tipo], [electronico]) VALUES (2, N'Energia y carga 02', N'Laptop/PC/Celular');
INSERT INTO [Categorias_Repuestos] ([id_tipo_repuesto], [nombre_tipo], [electronico]) VALUES (3, N'Almacenamiento 03', N'Laptop/PC');
INSERT INTO [Categorias_Repuestos] ([id_tipo_repuesto], [nombre_tipo], [electronico]) VALUES (4, N'Memoria RAM 04', N'Impresora');
INSERT INTO [Categorias_Repuestos] ([id_tipo_repuesto], [nombre_tipo], [electronico]) VALUES (5, N'Conectores y flex 05', N'Monitor/Consola/Proyector');
INSERT INTO [Categorias_Repuestos] ([id_tipo_repuesto], [nombre_tipo], [electronico]) VALUES (6, N'Enfriamiento 06', N'Equipos varios');
INSERT INTO [Categorias_Repuestos] ([id_tipo_repuesto], [nombre_tipo], [electronico]) VALUES (7, N'Impresion 07', N'Laptop/Celular/Tablet');
INSERT INTO [Categorias_Repuestos] ([id_tipo_repuesto], [nombre_tipo], [electronico]) VALUES (8, N'Tarjetas electronicas 08', N'Laptop/PC/Celular');
INSERT INTO [Categorias_Repuestos] ([id_tipo_repuesto], [nombre_tipo], [electronico]) VALUES (9, N'Baterias 09', N'Laptop/PC');
INSERT INTO [Categorias_Repuestos] ([id_tipo_repuesto], [nombre_tipo], [electronico]) VALUES (10, N'Perifericos internos 10', N'Impresora');
INSERT INTO [Categorias_Repuestos] ([id_tipo_repuesto], [nombre_tipo], [electronico]) VALUES (11, N'Pantallas y displays 11', N'Monitor/Consola/Proyector');
INSERT INTO [Categorias_Repuestos] ([id_tipo_repuesto], [nombre_tipo], [electronico]) VALUES (12, N'Energia y carga 12', N'Equipos varios');
INSERT INTO [Categorias_Repuestos] ([id_tipo_repuesto], [nombre_tipo], [electronico]) VALUES (13, N'Almacenamiento 13', N'Laptop/Celular/Tablet');
INSERT INTO [Categorias_Repuestos] ([id_tipo_repuesto], [nombre_tipo], [electronico]) VALUES (14, N'Memoria RAM 14', N'Laptop/PC/Celular');
INSERT INTO [Categorias_Repuestos] ([id_tipo_repuesto], [nombre_tipo], [electronico]) VALUES (15, N'Conectores y flex 15', N'Laptop/PC');
INSERT INTO [Categorias_Repuestos] ([id_tipo_repuesto], [nombre_tipo], [electronico]) VALUES (16, N'Enfriamiento 16', N'Impresora');
INSERT INTO [Categorias_Repuestos] ([id_tipo_repuesto], [nombre_tipo], [electronico]) VALUES (17, N'Impresion 17', N'Monitor/Consola/Proyector');
INSERT INTO [Categorias_Repuestos] ([id_tipo_repuesto], [nombre_tipo], [electronico]) VALUES (18, N'Tarjetas electronicas 18', N'Equipos varios');
INSERT INTO [Categorias_Repuestos] ([id_tipo_repuesto], [nombre_tipo], [electronico]) VALUES (19, N'Baterias 19', N'Laptop/Celular/Tablet');
INSERT INTO [Categorias_Repuestos] ([id_tipo_repuesto], [nombre_tipo], [electronico]) VALUES (20, N'Perifericos internos 20', N'Laptop/PC/Celular');
INSERT INTO [Categorias_Repuestos] ([id_tipo_repuesto], [nombre_tipo], [electronico]) VALUES (21, N'Pantallas y displays 21', N'Laptop/PC');
INSERT INTO [Categorias_Repuestos] ([id_tipo_repuesto], [nombre_tipo], [electronico]) VALUES (22, N'Energia y carga 22', N'Impresora');
INSERT INTO [Categorias_Repuestos] ([id_tipo_repuesto], [nombre_tipo], [electronico]) VALUES (23, N'Almacenamiento 23', N'Monitor/Consola/Proyector');
INSERT INTO [Categorias_Repuestos] ([id_tipo_repuesto], [nombre_tipo], [electronico]) VALUES (24, N'Memoria RAM 24', N'Equipos varios');
INSERT INTO [Categorias_Repuestos] ([id_tipo_repuesto], [nombre_tipo], [electronico]) VALUES (25, N'Conectores y flex 25', N'Laptop/Celular/Tablet');
INSERT INTO [Categorias_Repuestos] ([id_tipo_repuesto], [nombre_tipo], [electronico]) VALUES (26, N'Enfriamiento 26', N'Laptop/PC/Celular');
INSERT INTO [Categorias_Repuestos] ([id_tipo_repuesto], [nombre_tipo], [electronico]) VALUES (27, N'Impresion 27', N'Laptop/PC');
INSERT INTO [Categorias_Repuestos] ([id_tipo_repuesto], [nombre_tipo], [electronico]) VALUES (28, N'Tarjetas electronicas 28', N'Impresora');
INSERT INTO [Categorias_Repuestos] ([id_tipo_repuesto], [nombre_tipo], [electronico]) VALUES (29, N'Baterias 29', N'Monitor/Consola/Proyector');
INSERT INTO [Categorias_Repuestos] ([id_tipo_repuesto], [nombre_tipo], [electronico]) VALUES (30, N'Perifericos internos 30', N'Equipos varios');
INSERT INTO [Categorias_Repuestos] ([id_tipo_repuesto], [nombre_tipo], [electronico]) VALUES (31, N'Pantallas y displays 31', N'Laptop/Celular/Tablet');
INSERT INTO [Categorias_Repuestos] ([id_tipo_repuesto], [nombre_tipo], [electronico]) VALUES (32, N'Energia y carga 32', N'Laptop/PC/Celular');
INSERT INTO [Categorias_Repuestos] ([id_tipo_repuesto], [nombre_tipo], [electronico]) VALUES (33, N'Almacenamiento 33', N'Laptop/PC');
INSERT INTO [Categorias_Repuestos] ([id_tipo_repuesto], [nombre_tipo], [electronico]) VALUES (34, N'Memoria RAM 34', N'Impresora');
INSERT INTO [Categorias_Repuestos] ([id_tipo_repuesto], [nombre_tipo], [electronico]) VALUES (35, N'Conectores y flex 35', N'Monitor/Consola/Proyector');
INSERT INTO [Categorias_Repuestos] ([id_tipo_repuesto], [nombre_tipo], [electronico]) VALUES (36, N'Enfriamiento 36', N'Equipos varios');
INSERT INTO [Categorias_Repuestos] ([id_tipo_repuesto], [nombre_tipo], [electronico]) VALUES (37, N'Impresion 37', N'Laptop/Celular/Tablet');
INSERT INTO [Categorias_Repuestos] ([id_tipo_repuesto], [nombre_tipo], [electronico]) VALUES (38, N'Tarjetas electronicas 38', N'Laptop/PC/Celular');
INSERT INTO [Categorias_Repuestos] ([id_tipo_repuesto], [nombre_tipo], [electronico]) VALUES (39, N'Baterias 39', N'Laptop/PC');
INSERT INTO [Categorias_Repuestos] ([id_tipo_repuesto], [nombre_tipo], [electronico]) VALUES (40, N'Perifericos internos 40', N'Impresora');
INSERT INTO [Categorias_Repuestos] ([id_tipo_repuesto], [nombre_tipo], [electronico]) VALUES (41, N'Pantallas y displays 41', N'Monitor/Consola/Proyector');
INSERT INTO [Categorias_Repuestos] ([id_tipo_repuesto], [nombre_tipo], [electronico]) VALUES (42, N'Energia y carga 42', N'Equipos varios');
INSERT INTO [Categorias_Repuestos] ([id_tipo_repuesto], [nombre_tipo], [electronico]) VALUES (43, N'Almacenamiento 43', N'Laptop/Celular/Tablet');
INSERT INTO [Categorias_Repuestos] ([id_tipo_repuesto], [nombre_tipo], [electronico]) VALUES (44, N'Memoria RAM 44', N'Laptop/PC/Celular');
INSERT INTO [Categorias_Repuestos] ([id_tipo_repuesto], [nombre_tipo], [electronico]) VALUES (45, N'Conectores y flex 45', N'Laptop/PC');
INSERT INTO [Categorias_Repuestos] ([id_tipo_repuesto], [nombre_tipo], [electronico]) VALUES (46, N'Enfriamiento 46', N'Impresora');
INSERT INTO [Categorias_Repuestos] ([id_tipo_repuesto], [nombre_tipo], [electronico]) VALUES (47, N'Impresion 47', N'Monitor/Consola/Proyector');
INSERT INTO [Categorias_Repuestos] ([id_tipo_repuesto], [nombre_tipo], [electronico]) VALUES (48, N'Tarjetas electronicas 48', N'Equipos varios');
INSERT INTO [Categorias_Repuestos] ([id_tipo_repuesto], [nombre_tipo], [electronico]) VALUES (49, N'Baterias 49', N'Laptop/Celular/Tablet');
INSERT INTO [Categorias_Repuestos] ([id_tipo_repuesto], [nombre_tipo], [electronico]) VALUES (50, N'Perifericos internos 50', N'Laptop/PC/Celular');
INSERT INTO [Categorias_Repuestos] ([id_tipo_repuesto], [nombre_tipo], [electronico]) VALUES (51, N'Pantallas y displays 51', N'Laptop/PC');
INSERT INTO [Categorias_Repuestos] ([id_tipo_repuesto], [nombre_tipo], [electronico]) VALUES (52, N'Energia y carga 52', N'Impresora');
INSERT INTO [Categorias_Repuestos] ([id_tipo_repuesto], [nombre_tipo], [electronico]) VALUES (53, N'Almacenamiento 53', N'Monitor/Consola/Proyector');
INSERT INTO [Categorias_Repuestos] ([id_tipo_repuesto], [nombre_tipo], [electronico]) VALUES (54, N'Memoria RAM 54', N'Equipos varios');
INSERT INTO [Categorias_Repuestos] ([id_tipo_repuesto], [nombre_tipo], [electronico]) VALUES (55, N'Conectores y flex 55', N'Laptop/Celular/Tablet');
INSERT INTO [Categorias_Repuestos] ([id_tipo_repuesto], [nombre_tipo], [electronico]) VALUES (56, N'Enfriamiento 56', N'Laptop/PC/Celular');
INSERT INTO [Categorias_Repuestos] ([id_tipo_repuesto], [nombre_tipo], [electronico]) VALUES (57, N'Impresion 57', N'Laptop/PC');
INSERT INTO [Categorias_Repuestos] ([id_tipo_repuesto], [nombre_tipo], [electronico]) VALUES (58, N'Tarjetas electronicas 58', N'Impresora');
INSERT INTO [Categorias_Repuestos] ([id_tipo_repuesto], [nombre_tipo], [electronico]) VALUES (59, N'Baterias 59', N'Monitor/Consola/Proyector');
INSERT INTO [Categorias_Repuestos] ([id_tipo_repuesto], [nombre_tipo], [electronico]) VALUES (60, N'Perifericos internos 60', N'Equipos varios');
INSERT INTO [Categorias_Repuestos] ([id_tipo_repuesto], [nombre_tipo], [electronico]) VALUES (61, N'Pantallas y displays 61', N'Laptop/Celular/Tablet');
INSERT INTO [Categorias_Repuestos] ([id_tipo_repuesto], [nombre_tipo], [electronico]) VALUES (62, N'Energia y carga 62', N'Laptop/PC/Celular');
INSERT INTO [Categorias_Repuestos] ([id_tipo_repuesto], [nombre_tipo], [electronico]) VALUES (63, N'Almacenamiento 63', N'Laptop/PC');
INSERT INTO [Categorias_Repuestos] ([id_tipo_repuesto], [nombre_tipo], [electronico]) VALUES (64, N'Memoria RAM 64', N'Impresora');
INSERT INTO [Categorias_Repuestos] ([id_tipo_repuesto], [nombre_tipo], [electronico]) VALUES (65, N'Conectores y flex 65', N'Monitor/Consola/Proyector');
INSERT INTO [Categorias_Repuestos] ([id_tipo_repuesto], [nombre_tipo], [electronico]) VALUES (66, N'Enfriamiento 66', N'Equipos varios');
INSERT INTO [Categorias_Repuestos] ([id_tipo_repuesto], [nombre_tipo], [electronico]) VALUES (67, N'Impresion 67', N'Laptop/Celular/Tablet');
INSERT INTO [Categorias_Repuestos] ([id_tipo_repuesto], [nombre_tipo], [electronico]) VALUES (68, N'Tarjetas electronicas 68', N'Laptop/PC/Celular');
INSERT INTO [Categorias_Repuestos] ([id_tipo_repuesto], [nombre_tipo], [electronico]) VALUES (69, N'Baterias 69', N'Laptop/PC');
INSERT INTO [Categorias_Repuestos] ([id_tipo_repuesto], [nombre_tipo], [electronico]) VALUES (70, N'Perifericos internos 70', N'Impresora');
INSERT INTO [Categorias_Repuestos] ([id_tipo_repuesto], [nombre_tipo], [electronico]) VALUES (71, N'Pantallas y displays 71', N'Monitor/Consola/Proyector');
INSERT INTO [Categorias_Repuestos] ([id_tipo_repuesto], [nombre_tipo], [electronico]) VALUES (72, N'Energia y carga 72', N'Equipos varios');
INSERT INTO [Categorias_Repuestos] ([id_tipo_repuesto], [nombre_tipo], [electronico]) VALUES (73, N'Almacenamiento 73', N'Laptop/Celular/Tablet');
INSERT INTO [Categorias_Repuestos] ([id_tipo_repuesto], [nombre_tipo], [electronico]) VALUES (74, N'Memoria RAM 74', N'Laptop/PC/Celular');
INSERT INTO [Categorias_Repuestos] ([id_tipo_repuesto], [nombre_tipo], [electronico]) VALUES (75, N'Conectores y flex 75', N'Laptop/PC');
INSERT INTO [Categorias_Repuestos] ([id_tipo_repuesto], [nombre_tipo], [electronico]) VALUES (76, N'Enfriamiento 76', N'Impresora');
INSERT INTO [Categorias_Repuestos] ([id_tipo_repuesto], [nombre_tipo], [electronico]) VALUES (77, N'Impresion 77', N'Monitor/Consola/Proyector');
INSERT INTO [Categorias_Repuestos] ([id_tipo_repuesto], [nombre_tipo], [electronico]) VALUES (78, N'Tarjetas electronicas 78', N'Equipos varios');
INSERT INTO [Categorias_Repuestos] ([id_tipo_repuesto], [nombre_tipo], [electronico]) VALUES (79, N'Baterias 79', N'Laptop/Celular/Tablet');
INSERT INTO [Categorias_Repuestos] ([id_tipo_repuesto], [nombre_tipo], [electronico]) VALUES (80, N'Perifericos internos 80', N'Laptop/PC/Celular');
INSERT INTO [Categorias_Repuestos] ([id_tipo_repuesto], [nombre_tipo], [electronico]) VALUES (81, N'Pantallas y displays 81', N'Laptop/PC');
INSERT INTO [Categorias_Repuestos] ([id_tipo_repuesto], [nombre_tipo], [electronico]) VALUES (82, N'Energia y carga 82', N'Impresora');
INSERT INTO [Categorias_Repuestos] ([id_tipo_repuesto], [nombre_tipo], [electronico]) VALUES (83, N'Almacenamiento 83', N'Monitor/Consola/Proyector');
INSERT INTO [Categorias_Repuestos] ([id_tipo_repuesto], [nombre_tipo], [electronico]) VALUES (84, N'Memoria RAM 84', N'Equipos varios');
INSERT INTO [Categorias_Repuestos] ([id_tipo_repuesto], [nombre_tipo], [electronico]) VALUES (85, N'Conectores y flex 85', N'Laptop/Celular/Tablet');
INSERT INTO [Categorias_Repuestos] ([id_tipo_repuesto], [nombre_tipo], [electronico]) VALUES (86, N'Enfriamiento 86', N'Laptop/PC/Celular');
INSERT INTO [Categorias_Repuestos] ([id_tipo_repuesto], [nombre_tipo], [electronico]) VALUES (87, N'Impresion 87', N'Laptop/PC');
INSERT INTO [Categorias_Repuestos] ([id_tipo_repuesto], [nombre_tipo], [electronico]) VALUES (88, N'Tarjetas electronicas 88', N'Impresora');
INSERT INTO [Categorias_Repuestos] ([id_tipo_repuesto], [nombre_tipo], [electronico]) VALUES (89, N'Baterias 89', N'Monitor/Consola/Proyector');
INSERT INTO [Categorias_Repuestos] ([id_tipo_repuesto], [nombre_tipo], [electronico]) VALUES (90, N'Perifericos internos 90', N'Equipos varios');
INSERT INTO [Categorias_Repuestos] ([id_tipo_repuesto], [nombre_tipo], [electronico]) VALUES (91, N'Pantallas y displays 91', N'Laptop/Celular/Tablet');
INSERT INTO [Categorias_Repuestos] ([id_tipo_repuesto], [nombre_tipo], [electronico]) VALUES (92, N'Energia y carga 92', N'Laptop/PC/Celular');
INSERT INTO [Categorias_Repuestos] ([id_tipo_repuesto], [nombre_tipo], [electronico]) VALUES (93, N'Almacenamiento 93', N'Laptop/PC');
INSERT INTO [Categorias_Repuestos] ([id_tipo_repuesto], [nombre_tipo], [electronico]) VALUES (94, N'Memoria RAM 94', N'Impresora');
INSERT INTO [Categorias_Repuestos] ([id_tipo_repuesto], [nombre_tipo], [electronico]) VALUES (95, N'Conectores y flex 95', N'Monitor/Consola/Proyector');
INSERT INTO [Categorias_Repuestos] ([id_tipo_repuesto], [nombre_tipo], [electronico]) VALUES (96, N'Enfriamiento 96', N'Equipos varios');
INSERT INTO [Categorias_Repuestos] ([id_tipo_repuesto], [nombre_tipo], [electronico]) VALUES (97, N'Impresion 97', N'Laptop/Celular/Tablet');
INSERT INTO [Categorias_Repuestos] ([id_tipo_repuesto], [nombre_tipo], [electronico]) VALUES (98, N'Tarjetas electronicas 98', N'Laptop/PC/Celular');
INSERT INTO [Categorias_Repuestos] ([id_tipo_repuesto], [nombre_tipo], [electronico]) VALUES (99, N'Baterias 99', N'Laptop/PC');
INSERT INTO [Categorias_Repuestos] ([id_tipo_repuesto], [nombre_tipo], [electronico]) VALUES (100, N'Perifericos internos 10', N'Impresora');
INSERT INTO [Categorias_Repuestos] ([id_tipo_repuesto], [nombre_tipo], [electronico]) VALUES (101, N'Pantallas y displays 10', N'Monitor/Consola/Proyector');
INSERT INTO [Categorias_Repuestos] ([id_tipo_repuesto], [nombre_tipo], [electronico]) VALUES (102, N'Energia y carga 10', N'Equipos varios');
INSERT INTO [Categorias_Repuestos] ([id_tipo_repuesto], [nombre_tipo], [electronico]) VALUES (103, N'Almacenamiento 10', N'Laptop/Celular/Tablet');
INSERT INTO [Categorias_Repuestos] ([id_tipo_repuesto], [nombre_tipo], [electronico]) VALUES (104, N'Memoria RAM 10', N'Laptop/PC/Celular');
INSERT INTO [Categorias_Repuestos] ([id_tipo_repuesto], [nombre_tipo], [electronico]) VALUES (105, N'Conectores y flex 10', N'Laptop/PC');
INSERT INTO [Categorias_Repuestos] ([id_tipo_repuesto], [nombre_tipo], [electronico]) VALUES (106, N'Enfriamiento 10', N'Impresora');
INSERT INTO [Categorias_Repuestos] ([id_tipo_repuesto], [nombre_tipo], [electronico]) VALUES (107, N'Impresion 10', N'Monitor/Consola/Proyector');
INSERT INTO [Categorias_Repuestos] ([id_tipo_repuesto], [nombre_tipo], [electronico]) VALUES (108, N'Tarjetas electronicas 10', N'Equipos varios');
INSERT INTO [Categorias_Repuestos] ([id_tipo_repuesto], [nombre_tipo], [electronico]) VALUES (109, N'Baterias 10', N'Laptop/Celular/Tablet');
INSERT INTO [Categorias_Repuestos] ([id_tipo_repuesto], [nombre_tipo], [electronico]) VALUES (110, N'Perifericos internos 11', N'Laptop/PC/Celular');
INSERT INTO [Categorias_Repuestos] ([id_tipo_repuesto], [nombre_tipo], [electronico]) VALUES (111, N'Pantallas y displays 11', N'Laptop/PC');
INSERT INTO [Categorias_Repuestos] ([id_tipo_repuesto], [nombre_tipo], [electronico]) VALUES (112, N'Energia y carga 11', N'Impresora');
INSERT INTO [Categorias_Repuestos] ([id_tipo_repuesto], [nombre_tipo], [electronico]) VALUES (113, N'Almacenamiento 11', N'Monitor/Consola/Proyector');
INSERT INTO [Categorias_Repuestos] ([id_tipo_repuesto], [nombre_tipo], [electronico]) VALUES (114, N'Memoria RAM 11', N'Equipos varios');
INSERT INTO [Categorias_Repuestos] ([id_tipo_repuesto], [nombre_tipo], [electronico]) VALUES (115, N'Conectores y flex 11', N'Laptop/Celular/Tablet');
INSERT INTO [Categorias_Repuestos] ([id_tipo_repuesto], [nombre_tipo], [electronico]) VALUES (116, N'Enfriamiento 11', N'Laptop/PC/Celular');
INSERT INTO [Categorias_Repuestos] ([id_tipo_repuesto], [nombre_tipo], [electronico]) VALUES (117, N'Impresion 11', N'Laptop/PC');
INSERT INTO [Categorias_Repuestos] ([id_tipo_repuesto], [nombre_tipo], [electronico]) VALUES (118, N'Tarjetas electronicas 11', N'Impresora');
INSERT INTO [Categorias_Repuestos] ([id_tipo_repuesto], [nombre_tipo], [electronico]) VALUES (119, N'Baterias 11', N'Monitor/Consola/Proyector');
INSERT INTO [Categorias_Repuestos] ([id_tipo_repuesto], [nombre_tipo], [electronico]) VALUES (120, N'Perifericos internos 12', N'Equipos varios');
GO

-- Datos de Repuestos: 120 registros
INSERT INTO [Repuestos] ([id_repuesto], [tipo_repuesto_id], [proveedor_id], [nombre], [descripcion], [costo_individual], [porcentaje_de_ganacia], [ganancia_cordobas], [stock_actual], [activo], [descontinuada]) VALUES (1, 1, 1, N'SSD NVMe 1TB 01', N'Repuesto demo para pruebas de inventario y ordenes #1', 11.75, 0.24, 155.5, 3, 1, 0);
INSERT INTO [Repuestos] ([id_repuesto], [tipo_repuesto_id], [proveedor_id], [nombre], [descripcion], [costo_individual], [porcentaje_de_ganacia], [ganancia_cordobas], [stock_actual], [activo], [descontinuada]) VALUES (2, 2, 2, N'RAM DDR4 16GB SODIMM 02', N'Repuesto demo para pruebas de inventario y ordenes #2', 15.5, 0.28, 191, 6, 1, 0);
INSERT INTO [Repuestos] ([id_repuesto], [tipo_repuesto_id], [proveedor_id], [nombre], [descripcion], [costo_individual], [porcentaje_de_ganacia], [ganancia_cordobas], [stock_actual], [activo], [descontinuada]) VALUES (3, 3, 3, N'Cargador USB-C 90W 03', N'Repuesto demo para pruebas de inventario y ordenes #3', 19.25, 0.32, 226.5, 7, 1, 0);
INSERT INTO [Repuestos] ([id_repuesto], [tipo_repuesto_id], [proveedor_id], [nombre], [descripcion], [costo_individual], [porcentaje_de_ganacia], [ganancia_cordobas], [stock_actual], [activo], [descontinuada]) VALUES (4, 4, 4, N'Fuente ATX 650W 04', N'Repuesto demo para pruebas de inventario y ordenes #4', 23, 0.36, 262, 6, 1, 0);
INSERT INTO [Repuestos] ([id_repuesto], [tipo_repuesto_id], [proveedor_id], [nombre], [descripcion], [costo_individual], [porcentaje_de_ganacia], [ganancia_cordobas], [stock_actual], [activo], [descontinuada]) VALUES (5, 5, 5, N'Flex de carga 05', N'Repuesto demo para pruebas de inventario y ordenes #5', 26.75, 0.4, 297.5, 6, 1, 0);
INSERT INTO [Repuestos] ([id_repuesto], [tipo_repuesto_id], [proveedor_id], [nombre], [descripcion], [costo_individual], [porcentaje_de_ganacia], [ganancia_cordobas], [stock_actual], [activo], [descontinuada]) VALUES (6, 6, 6, N'Bateria interna 06', N'Repuesto demo para pruebas de inventario y ordenes #6', 30.5, 0.44, 333, 10, 1, 0);
INSERT INTO [Repuestos] ([id_repuesto], [tipo_repuesto_id], [proveedor_id], [nombre], [descripcion], [costo_individual], [porcentaje_de_ganacia], [ganancia_cordobas], [stock_actual], [activo], [descontinuada]) VALUES (7, 7, 7, N'Power board 07', N'Repuesto demo para pruebas de inventario y ordenes #7', 34.25, 0.48, 368.5, 11, 1, 0);
INSERT INTO [Repuestos] ([id_repuesto], [tipo_repuesto_id], [proveedor_id], [nombre], [descripcion], [costo_individual], [porcentaje_de_ganacia], [ganancia_cordobas], [stock_actual], [activo], [descontinuada]) VALUES (8, 8, 8, N'Main board 08', N'Repuesto demo para pruebas de inventario y ordenes #8', 38, 0.2, 404, 9, 1, 0);
INSERT INTO [Repuestos] ([id_repuesto], [tipo_repuesto_id], [proveedor_id], [nombre], [descripcion], [costo_individual], [porcentaje_de_ganacia], [ganancia_cordobas], [stock_actual], [activo], [descontinuada]) VALUES (9, 9, 9, N'Fusor laser 09', N'Repuesto demo para pruebas de inventario y ordenes #9', 41.75, 0.24, 439.5, 3, 1, 0);
INSERT INTO [Repuestos] ([id_repuesto], [tipo_repuesto_id], [proveedor_id], [nombre], [descripcion], [costo_individual], [porcentaje_de_ganacia], [ganancia_cordobas], [stock_actual], [activo], [descontinuada]) VALUES (10, 10, 10, N'Rodillo de alimentacion 10', N'Repuesto demo para pruebas de inventario y ordenes #10', 45.5, 0.28, 475, 5, 1, 0);
INSERT INTO [Repuestos] ([id_repuesto], [tipo_repuesto_id], [proveedor_id], [nombre], [descripcion], [costo_individual], [porcentaje_de_ganacia], [ganancia_cordobas], [stock_actual], [activo], [descontinuada]) VALUES (11, 11, 11, N'Puerto HDMI 11', N'Repuesto demo para pruebas de inventario y ordenes #11', 49.25, 0.32, 510.5, 6, 1, 0);
INSERT INTO [Repuestos] ([id_repuesto], [tipo_repuesto_id], [proveedor_id], [nombre], [descripcion], [costo_individual], [porcentaje_de_ganacia], [ganancia_cordobas], [stock_actual], [activo], [descontinuada]) VALUES (12, 12, 12, N'Retimer HDMI 12', N'Repuesto demo para pruebas de inventario y ordenes #12', 53, 0.36, 546, 6, 0, 0);
INSERT INTO [Repuestos] ([id_repuesto], [tipo_repuesto_id], [proveedor_id], [nombre], [descripcion], [costo_individual], [porcentaje_de_ganacia], [ganancia_cordobas], [stock_actual], [activo], [descontinuada]) VALUES (13, 13, 13, N'Ventilador CPU 13', N'Repuesto demo para pruebas de inventario y ordenes #13', 56.75, 0.4, 581.5, 6, 1, 0);
INSERT INTO [Repuestos] ([id_repuesto], [tipo_repuesto_id], [proveedor_id], [nombre], [descripcion], [costo_individual], [porcentaje_de_ganacia], [ganancia_cordobas], [stock_actual], [activo], [descontinuada]) VALUES (14, 14, 14, N'Kit pasta termica 14', N'Repuesto demo para pruebas de inventario y ordenes #14', 60.5, 0.44, 617, 9, 1, 0);
INSERT INTO [Repuestos] ([id_repuesto], [tipo_repuesto_id], [proveedor_id], [nombre], [descripcion], [costo_individual], [porcentaje_de_ganacia], [ganancia_cordobas], [stock_actual], [activo], [descontinuada]) VALUES (15, 15, 15, N'Pantalla AMOLED 15', N'Repuesto demo para pruebas de inventario y ordenes #15', 64.25, 0.48, 652.5, 10, 1, 1);
INSERT INTO [Repuestos] ([id_repuesto], [tipo_repuesto_id], [proveedor_id], [nombre], [descripcion], [costo_individual], [porcentaje_de_ganacia], [ganancia_cordobas], [stock_actual], [activo], [descontinuada]) VALUES (16, 16, 16, N'Jack DC 16', N'Repuesto demo para pruebas de inventario y ordenes #16', 68, 0.2, 688, 9, 1, 0);
INSERT INTO [Repuestos] ([id_repuesto], [tipo_repuesto_id], [proveedor_id], [nombre], [descripcion], [costo_individual], [porcentaje_de_ganacia], [ganancia_cordobas], [stock_actual], [activo], [descontinuada]) VALUES (17, 17, 17, N'Teclado latinoamericano 17', N'Repuesto demo para pruebas de inventario y ordenes #17', 71.75, 0.24, 723.5, 9, 1, 0);
INSERT INTO [Repuestos] ([id_repuesto], [tipo_repuesto_id], [proveedor_id], [nombre], [descripcion], [costo_individual], [porcentaje_de_ganacia], [ganancia_cordobas], [stock_actual], [activo], [descontinuada]) VALUES (18, 18, 18, N'Cable flex LVDS 18', N'Repuesto demo para pruebas de inventario y ordenes #18', 75.5, 0.28, 759, 4, 1, 0);
INSERT INTO [Repuestos] ([id_repuesto], [tipo_repuesto_id], [proveedor_id], [nombre], [descripcion], [costo_individual], [porcentaje_de_ganacia], [ganancia_cordobas], [stock_actual], [activo], [descontinuada]) VALUES (19, 19, 19, N'Conector USB 19', N'Repuesto demo para pruebas de inventario y ordenes #19', 79.25, 0.32, 794.5, 5, 1, 0);
INSERT INTO [Repuestos] ([id_repuesto], [tipo_repuesto_id], [proveedor_id], [nombre], [descripcion], [costo_individual], [porcentaje_de_ganacia], [ganancia_cordobas], [stock_actual], [activo], [descontinuada]) VALUES (20, 20, 20, N'Modulo WiFi 20', N'Repuesto demo para pruebas de inventario y ordenes #20', 83, 0.36, 830, 3, 1, 0);
INSERT INTO [Repuestos] ([id_repuesto], [tipo_repuesto_id], [proveedor_id], [nombre], [descripcion], [costo_individual], [porcentaje_de_ganacia], [ganancia_cordobas], [stock_actual], [activo], [descontinuada]) VALUES (21, 21, 21, N'SSD NVMe 1TB 21', N'Repuesto demo para pruebas de inventario y ordenes #21', 86.75, 0.4, 865.5, 6, 1, 0);
INSERT INTO [Repuestos] ([id_repuesto], [tipo_repuesto_id], [proveedor_id], [nombre], [descripcion], [costo_individual], [porcentaje_de_ganacia], [ganancia_cordobas], [stock_actual], [activo], [descontinuada]) VALUES (22, 22, 22, N'RAM DDR4 16GB SODIMM 22', N'Repuesto demo para pruebas de inventario y ordenes #22', 90.5, 0.44, 901, 8, 1, 0);
INSERT INTO [Repuestos] ([id_repuesto], [tipo_repuesto_id], [proveedor_id], [nombre], [descripcion], [costo_individual], [porcentaje_de_ganacia], [ganancia_cordobas], [stock_actual], [activo], [descontinuada]) VALUES (23, 23, 23, N'Cargador USB-C 90W 23', N'Repuesto demo para pruebas de inventario y ordenes #23', 94.25, 0.48, 936.5, 9, 1, 0);
INSERT INTO [Repuestos] ([id_repuesto], [tipo_repuesto_id], [proveedor_id], [nombre], [descripcion], [costo_individual], [porcentaje_de_ganacia], [ganancia_cordobas], [stock_actual], [activo], [descontinuada]) VALUES (24, 24, 24, N'Fuente ATX 650W 24', N'Repuesto demo para pruebas de inventario y ordenes #24', 98, 0.2, 972, 9, 0, 0);
INSERT INTO [Repuestos] ([id_repuesto], [tipo_repuesto_id], [proveedor_id], [nombre], [descripcion], [costo_individual], [porcentaje_de_ganacia], [ganancia_cordobas], [stock_actual], [activo], [descontinuada]) VALUES (25, 25, 25, N'Flex de carga 25', N'Repuesto demo para pruebas de inventario y ordenes #25', 101.75, 0.24, 1007.5, 9, 1, 0);
INSERT INTO [Repuestos] ([id_repuesto], [tipo_repuesto_id], [proveedor_id], [nombre], [descripcion], [costo_individual], [porcentaje_de_ganacia], [ganancia_cordobas], [stock_actual], [activo], [descontinuada]) VALUES (26, 26, 26, N'Bateria interna 26', N'Repuesto demo para pruebas de inventario y ordenes #26', 105.5, 0.28, 1043, 12, 1, 0);
INSERT INTO [Repuestos] ([id_repuesto], [tipo_repuesto_id], [proveedor_id], [nombre], [descripcion], [costo_individual], [porcentaje_de_ganacia], [ganancia_cordobas], [stock_actual], [activo], [descontinuada]) VALUES (27, 27, 27, N'Power board 27', N'Repuesto demo para pruebas de inventario y ordenes #27', 109.25, 0.32, 1078.5, 4, 1, 0);
INSERT INTO [Repuestos] ([id_repuesto], [tipo_repuesto_id], [proveedor_id], [nombre], [descripcion], [costo_individual], [porcentaje_de_ganacia], [ganancia_cordobas], [stock_actual], [activo], [descontinuada]) VALUES (28, 28, 28, N'Main board 28', N'Repuesto demo para pruebas de inventario y ordenes #28', 113, 0.36, 1114, 3, 1, 0);
INSERT INTO [Repuestos] ([id_repuesto], [tipo_repuesto_id], [proveedor_id], [nombre], [descripcion], [costo_individual], [porcentaje_de_ganacia], [ganancia_cordobas], [stock_actual], [activo], [descontinuada]) VALUES (29, 29, 29, N'Fusor laser 29', N'Repuesto demo para pruebas de inventario y ordenes #29', 116.75, 0.4, 1149.5, 3, 1, 0);
INSERT INTO [Repuestos] ([id_repuesto], [tipo_repuesto_id], [proveedor_id], [nombre], [descripcion], [costo_individual], [porcentaje_de_ganacia], [ganancia_cordobas], [stock_actual], [activo], [descontinuada]) VALUES (30, 30, 30, N'Rodillo de alimentacion 30', N'Repuesto demo para pruebas de inventario y ordenes #30', 120.5, 0.44, 1185, 7, 1, 1);
INSERT INTO [Repuestos] ([id_repuesto], [tipo_repuesto_id], [proveedor_id], [nombre], [descripcion], [costo_individual], [porcentaje_de_ganacia], [ganancia_cordobas], [stock_actual], [activo], [descontinuada]) VALUES (31, 31, 31, N'Puerto HDMI 31', N'Repuesto demo para pruebas de inventario y ordenes #31', 124.25, 0.48, 1220.5, 8, 1, 0);
INSERT INTO [Repuestos] ([id_repuesto], [tipo_repuesto_id], [proveedor_id], [nombre], [descripcion], [costo_individual], [porcentaje_de_ganacia], [ganancia_cordobas], [stock_actual], [activo], [descontinuada]) VALUES (32, 32, 32, N'Retimer HDMI 32', N'Repuesto demo para pruebas de inventario y ordenes #32', 128, 0.2, 1256, 6, 1, 0);
INSERT INTO [Repuestos] ([id_repuesto], [tipo_repuesto_id], [proveedor_id], [nombre], [descripcion], [costo_individual], [porcentaje_de_ganacia], [ganancia_cordobas], [stock_actual], [activo], [descontinuada]) VALUES (33, 33, 33, N'Ventilador CPU 33', N'Repuesto demo para pruebas de inventario y ordenes #33', 131.75, 0.24, 1291.5, 9, 1, 0);
INSERT INTO [Repuestos] ([id_repuesto], [tipo_repuesto_id], [proveedor_id], [nombre], [descripcion], [costo_individual], [porcentaje_de_ganacia], [ganancia_cordobas], [stock_actual], [activo], [descontinuada]) VALUES (34, 34, 34, N'Kit pasta termica 34', N'Repuesto demo para pruebas de inventario y ordenes #34', 135.5, 0.28, 1327, 11, 1, 0);
INSERT INTO [Repuestos] ([id_repuesto], [tipo_repuesto_id], [proveedor_id], [nombre], [descripcion], [costo_individual], [porcentaje_de_ganacia], [ganancia_cordobas], [stock_actual], [activo], [descontinuada]) VALUES (35, 35, 35, N'Pantalla AMOLED 35', N'Repuesto demo para pruebas de inventario y ordenes #35', 139.25, 0.32, 1362.5, 12, 1, 0);
INSERT INTO [Repuestos] ([id_repuesto], [tipo_repuesto_id], [proveedor_id], [nombre], [descripcion], [costo_individual], [porcentaje_de_ganacia], [ganancia_cordobas], [stock_actual], [activo], [descontinuada]) VALUES (36, 36, 36, N'Jack DC 36', N'Repuesto demo para pruebas de inventario y ordenes #36', 143, 0.36, 1398, 3, 0, 0);
INSERT INTO [Repuestos] ([id_repuesto], [tipo_repuesto_id], [proveedor_id], [nombre], [descripcion], [costo_individual], [porcentaje_de_ganacia], [ganancia_cordobas], [stock_actual], [activo], [descontinuada]) VALUES (37, 37, 37, N'Teclado latinoamericano 37', N'Repuesto demo para pruebas de inventario y ordenes #37', 146.75, 0.4, 1433.5, 3, 1, 0);
INSERT INTO [Repuestos] ([id_repuesto], [tipo_repuesto_id], [proveedor_id], [nombre], [descripcion], [costo_individual], [porcentaje_de_ganacia], [ganancia_cordobas], [stock_actual], [activo], [descontinuada]) VALUES (38, 38, 38, N'Cable flex LVDS 38', N'Repuesto demo para pruebas de inventario y ordenes #38', 150.5, 0.44, 1469, 6, 1, 0);
INSERT INTO [Repuestos] ([id_repuesto], [tipo_repuesto_id], [proveedor_id], [nombre], [descripcion], [costo_individual], [porcentaje_de_ganacia], [ganancia_cordobas], [stock_actual], [activo], [descontinuada]) VALUES (39, 39, 39, N'Conector USB 39', N'Repuesto demo para pruebas de inventario y ordenes #39', 154.25, 0.48, 1504.5, 7, 1, 0);
INSERT INTO [Repuestos] ([id_repuesto], [tipo_repuesto_id], [proveedor_id], [nombre], [descripcion], [costo_individual], [porcentaje_de_ganacia], [ganancia_cordobas], [stock_actual], [activo], [descontinuada]) VALUES (40, 40, 40, N'Modulo WiFi 40', N'Repuesto demo para pruebas de inventario y ordenes #40', 158, 0.2, 1540, 6, 1, 0);
INSERT INTO [Repuestos] ([id_repuesto], [tipo_repuesto_id], [proveedor_id], [nombre], [descripcion], [costo_individual], [porcentaje_de_ganacia], [ganancia_cordobas], [stock_actual], [activo], [descontinuada]) VALUES (41, 41, 41, N'SSD NVMe 1TB 41', N'Repuesto demo para pruebas de inventario y ordenes #41', 161.75, 0.24, 1575.5, 6, 1, 0);
INSERT INTO [Repuestos] ([id_repuesto], [tipo_repuesto_id], [proveedor_id], [nombre], [descripcion], [costo_individual], [porcentaje_de_ganacia], [ganancia_cordobas], [stock_actual], [activo], [descontinuada]) VALUES (42, 42, 42, N'RAM DDR4 16GB SODIMM 42', N'Repuesto demo para pruebas de inventario y ordenes #42', 165.5, 0.28, 1611, 10, 1, 0);
INSERT INTO [Repuestos] ([id_repuesto], [tipo_repuesto_id], [proveedor_id], [nombre], [descripcion], [costo_individual], [porcentaje_de_ganacia], [ganancia_cordobas], [stock_actual], [activo], [descontinuada]) VALUES (43, 43, 43, N'Cargador USB-C 90W 43', N'Repuesto demo para pruebas de inventario y ordenes #43', 169.25, 0.32, 1646.5, 11, 1, 0);
INSERT INTO [Repuestos] ([id_repuesto], [tipo_repuesto_id], [proveedor_id], [nombre], [descripcion], [costo_individual], [porcentaje_de_ganacia], [ganancia_cordobas], [stock_actual], [activo], [descontinuada]) VALUES (44, 44, 44, N'Fuente ATX 650W 44', N'Repuesto demo para pruebas de inventario y ordenes #44', 173, 0.36, 1682, 9, 1, 0);
INSERT INTO [Repuestos] ([id_repuesto], [tipo_repuesto_id], [proveedor_id], [nombre], [descripcion], [costo_individual], [porcentaje_de_ganacia], [ganancia_cordobas], [stock_actual], [activo], [descontinuada]) VALUES (45, 45, 45, N'Flex de carga 45', N'Repuesto demo para pruebas de inventario y ordenes #45', 176.75, 0.4, 1717.5, 3, 1, 1);
INSERT INTO [Repuestos] ([id_repuesto], [tipo_repuesto_id], [proveedor_id], [nombre], [descripcion], [costo_individual], [porcentaje_de_ganacia], [ganancia_cordobas], [stock_actual], [activo], [descontinuada]) VALUES (46, 46, 46, N'Bateria interna 46', N'Repuesto demo para pruebas de inventario y ordenes #46', 180.5, 0.44, 1753, 5, 1, 0);
INSERT INTO [Repuestos] ([id_repuesto], [tipo_repuesto_id], [proveedor_id], [nombre], [descripcion], [costo_individual], [porcentaje_de_ganacia], [ganancia_cordobas], [stock_actual], [activo], [descontinuada]) VALUES (47, 47, 47, N'Power board 47', N'Repuesto demo para pruebas de inventario y ordenes #47', 184.25, 0.48, 1788.5, 6, 1, 0);
INSERT INTO [Repuestos] ([id_repuesto], [tipo_repuesto_id], [proveedor_id], [nombre], [descripcion], [costo_individual], [porcentaje_de_ganacia], [ganancia_cordobas], [stock_actual], [activo], [descontinuada]) VALUES (48, 48, 48, N'Main board 48', N'Repuesto demo para pruebas de inventario y ordenes #48', 188, 0.2, 1824, 6, 0, 0);
INSERT INTO [Repuestos] ([id_repuesto], [tipo_repuesto_id], [proveedor_id], [nombre], [descripcion], [costo_individual], [porcentaje_de_ganacia], [ganancia_cordobas], [stock_actual], [activo], [descontinuada]) VALUES (49, 49, 49, N'Fusor laser 49', N'Repuesto demo para pruebas de inventario y ordenes #49', 191.75, 0.24, 1859.5, 6, 1, 0);
INSERT INTO [Repuestos] ([id_repuesto], [tipo_repuesto_id], [proveedor_id], [nombre], [descripcion], [costo_individual], [porcentaje_de_ganacia], [ganancia_cordobas], [stock_actual], [activo], [descontinuada]) VALUES (50, 50, 50, N'Rodillo de alimentacion 50', N'Repuesto demo para pruebas de inventario y ordenes #50', 195.5, 0.28, 1895, 9, 1, 0);
INSERT INTO [Repuestos] ([id_repuesto], [tipo_repuesto_id], [proveedor_id], [nombre], [descripcion], [costo_individual], [porcentaje_de_ganacia], [ganancia_cordobas], [stock_actual], [activo], [descontinuada]) VALUES (51, 51, 51, N'Puerto HDMI 51', N'Repuesto demo para pruebas de inventario y ordenes #51', 199.25, 0.32, 1930.5, 10, 1, 0);
INSERT INTO [Repuestos] ([id_repuesto], [tipo_repuesto_id], [proveedor_id], [nombre], [descripcion], [costo_individual], [porcentaje_de_ganacia], [ganancia_cordobas], [stock_actual], [activo], [descontinuada]) VALUES (52, 52, 52, N'Retimer HDMI 52', N'Repuesto demo para pruebas de inventario y ordenes #52', 203, 0.36, 1966, 9, 1, 0);
INSERT INTO [Repuestos] ([id_repuesto], [tipo_repuesto_id], [proveedor_id], [nombre], [descripcion], [costo_individual], [porcentaje_de_ganacia], [ganancia_cordobas], [stock_actual], [activo], [descontinuada]) VALUES (53, 53, 53, N'Ventilador CPU 53', N'Repuesto demo para pruebas de inventario y ordenes #53', 206.75, 0.4, 2001.5, 9, 1, 0);
INSERT INTO [Repuestos] ([id_repuesto], [tipo_repuesto_id], [proveedor_id], [nombre], [descripcion], [costo_individual], [porcentaje_de_ganacia], [ganancia_cordobas], [stock_actual], [activo], [descontinuada]) VALUES (54, 54, 54, N'Kit pasta termica 54', N'Repuesto demo para pruebas de inventario y ordenes #54', 210.5, 0.44, 2037, 4, 1, 0);
INSERT INTO [Repuestos] ([id_repuesto], [tipo_repuesto_id], [proveedor_id], [nombre], [descripcion], [costo_individual], [porcentaje_de_ganacia], [ganancia_cordobas], [stock_actual], [activo], [descontinuada]) VALUES (55, 55, 55, N'Pantalla AMOLED 55', N'Repuesto demo para pruebas de inventario y ordenes #55', 214.25, 0.48, 2072.5, 5, 1, 0);
INSERT INTO [Repuestos] ([id_repuesto], [tipo_repuesto_id], [proveedor_id], [nombre], [descripcion], [costo_individual], [porcentaje_de_ganacia], [ganancia_cordobas], [stock_actual], [activo], [descontinuada]) VALUES (56, 56, 56, N'Jack DC 56', N'Repuesto demo para pruebas de inventario y ordenes #56', 218, 0.2, 2108, 3, 1, 0);
INSERT INTO [Repuestos] ([id_repuesto], [tipo_repuesto_id], [proveedor_id], [nombre], [descripcion], [costo_individual], [porcentaje_de_ganacia], [ganancia_cordobas], [stock_actual], [activo], [descontinuada]) VALUES (57, 57, 57, N'Teclado latinoamericano 57', N'Repuesto demo para pruebas de inventario y ordenes #57', 221.75, 0.24, 2143.5, 6, 1, 0);
INSERT INTO [Repuestos] ([id_repuesto], [tipo_repuesto_id], [proveedor_id], [nombre], [descripcion], [costo_individual], [porcentaje_de_ganacia], [ganancia_cordobas], [stock_actual], [activo], [descontinuada]) VALUES (58, 58, 58, N'Cable flex LVDS 58', N'Repuesto demo para pruebas de inventario y ordenes #58', 225.5, 0.28, 2179, 8, 1, 0);
INSERT INTO [Repuestos] ([id_repuesto], [tipo_repuesto_id], [proveedor_id], [nombre], [descripcion], [costo_individual], [porcentaje_de_ganacia], [ganancia_cordobas], [stock_actual], [activo], [descontinuada]) VALUES (59, 59, 59, N'Conector USB 59', N'Repuesto demo para pruebas de inventario y ordenes #59', 229.25, 0.32, 2214.5, 9, 1, 0);
INSERT INTO [Repuestos] ([id_repuesto], [tipo_repuesto_id], [proveedor_id], [nombre], [descripcion], [costo_individual], [porcentaje_de_ganacia], [ganancia_cordobas], [stock_actual], [activo], [descontinuada]) VALUES (60, 60, 60, N'Modulo WiFi 60', N'Repuesto demo para pruebas de inventario y ordenes #60', 233, 0.36, 2250, 9, 0, 1);
INSERT INTO [Repuestos] ([id_repuesto], [tipo_repuesto_id], [proveedor_id], [nombre], [descripcion], [costo_individual], [porcentaje_de_ganacia], [ganancia_cordobas], [stock_actual], [activo], [descontinuada]) VALUES (61, 61, 61, N'SSD NVMe 1TB 61', N'Repuesto demo para pruebas de inventario y ordenes #61', 236.75, 0.4, 2285.5, 9, 1, 0);
INSERT INTO [Repuestos] ([id_repuesto], [tipo_repuesto_id], [proveedor_id], [nombre], [descripcion], [costo_individual], [porcentaje_de_ganacia], [ganancia_cordobas], [stock_actual], [activo], [descontinuada]) VALUES (62, 62, 62, N'RAM DDR4 16GB SODIMM 62', N'Repuesto demo para pruebas de inventario y ordenes #62', 240.5, 0.44, 2321, 12, 1, 0);
INSERT INTO [Repuestos] ([id_repuesto], [tipo_repuesto_id], [proveedor_id], [nombre], [descripcion], [costo_individual], [porcentaje_de_ganacia], [ganancia_cordobas], [stock_actual], [activo], [descontinuada]) VALUES (63, 63, 63, N'Cargador USB-C 90W 63', N'Repuesto demo para pruebas de inventario y ordenes #63', 244.25, 0.48, 2356.5, 4, 1, 0);
INSERT INTO [Repuestos] ([id_repuesto], [tipo_repuesto_id], [proveedor_id], [nombre], [descripcion], [costo_individual], [porcentaje_de_ganacia], [ganancia_cordobas], [stock_actual], [activo], [descontinuada]) VALUES (64, 64, 64, N'Fuente ATX 650W 64', N'Repuesto demo para pruebas de inventario y ordenes #64', 248, 0.2, 2392, 3, 1, 0);
INSERT INTO [Repuestos] ([id_repuesto], [tipo_repuesto_id], [proveedor_id], [nombre], [descripcion], [costo_individual], [porcentaje_de_ganacia], [ganancia_cordobas], [stock_actual], [activo], [descontinuada]) VALUES (65, 65, 65, N'Flex de carga 65', N'Repuesto demo para pruebas de inventario y ordenes #65', 251.75, 0.24, 2427.5, 3, 1, 0);
INSERT INTO [Repuestos] ([id_repuesto], [tipo_repuesto_id], [proveedor_id], [nombre], [descripcion], [costo_individual], [porcentaje_de_ganacia], [ganancia_cordobas], [stock_actual], [activo], [descontinuada]) VALUES (66, 66, 66, N'Bateria interna 66', N'Repuesto demo para pruebas de inventario y ordenes #66', 255.5, 0.28, 2463, 7, 1, 0);
INSERT INTO [Repuestos] ([id_repuesto], [tipo_repuesto_id], [proveedor_id], [nombre], [descripcion], [costo_individual], [porcentaje_de_ganacia], [ganancia_cordobas], [stock_actual], [activo], [descontinuada]) VALUES (67, 67, 67, N'Power board 67', N'Repuesto demo para pruebas de inventario y ordenes #67', 259.25, 0.32, 2498.5, 8, 1, 0);
INSERT INTO [Repuestos] ([id_repuesto], [tipo_repuesto_id], [proveedor_id], [nombre], [descripcion], [costo_individual], [porcentaje_de_ganacia], [ganancia_cordobas], [stock_actual], [activo], [descontinuada]) VALUES (68, 68, 68, N'Main board 68', N'Repuesto demo para pruebas de inventario y ordenes #68', 263, 0.36, 2534, 6, 1, 0);
INSERT INTO [Repuestos] ([id_repuesto], [tipo_repuesto_id], [proveedor_id], [nombre], [descripcion], [costo_individual], [porcentaje_de_ganacia], [ganancia_cordobas], [stock_actual], [activo], [descontinuada]) VALUES (69, 69, 69, N'Fusor laser 69', N'Repuesto demo para pruebas de inventario y ordenes #69', 266.75, 0.4, 2569.5, 9, 1, 0);
INSERT INTO [Repuestos] ([id_repuesto], [tipo_repuesto_id], [proveedor_id], [nombre], [descripcion], [costo_individual], [porcentaje_de_ganacia], [ganancia_cordobas], [stock_actual], [activo], [descontinuada]) VALUES (70, 70, 70, N'Rodillo de alimentacion 70', N'Repuesto demo para pruebas de inventario y ordenes #70', 270.5, 0.44, 2605, 11, 1, 0);
INSERT INTO [Repuestos] ([id_repuesto], [tipo_repuesto_id], [proveedor_id], [nombre], [descripcion], [costo_individual], [porcentaje_de_ganacia], [ganancia_cordobas], [stock_actual], [activo], [descontinuada]) VALUES (71, 71, 71, N'Puerto HDMI 71', N'Repuesto demo para pruebas de inventario y ordenes #71', 274.25, 0.48, 2640.5, 12, 1, 0);
INSERT INTO [Repuestos] ([id_repuesto], [tipo_repuesto_id], [proveedor_id], [nombre], [descripcion], [costo_individual], [porcentaje_de_ganacia], [ganancia_cordobas], [stock_actual], [activo], [descontinuada]) VALUES (72, 72, 72, N'Retimer HDMI 72', N'Repuesto demo para pruebas de inventario y ordenes #72', 278, 0.2, 2676, 3, 0, 0);
INSERT INTO [Repuestos] ([id_repuesto], [tipo_repuesto_id], [proveedor_id], [nombre], [descripcion], [costo_individual], [porcentaje_de_ganacia], [ganancia_cordobas], [stock_actual], [activo], [descontinuada]) VALUES (73, 73, 73, N'Ventilador CPU 73', N'Repuesto demo para pruebas de inventario y ordenes #73', 281.75, 0.24, 2711.5, 3, 1, 0);
INSERT INTO [Repuestos] ([id_repuesto], [tipo_repuesto_id], [proveedor_id], [nombre], [descripcion], [costo_individual], [porcentaje_de_ganacia], [ganancia_cordobas], [stock_actual], [activo], [descontinuada]) VALUES (74, 74, 74, N'Kit pasta termica 74', N'Repuesto demo para pruebas de inventario y ordenes #74', 285.5, 0.28, 2747, 6, 1, 0);
INSERT INTO [Repuestos] ([id_repuesto], [tipo_repuesto_id], [proveedor_id], [nombre], [descripcion], [costo_individual], [porcentaje_de_ganacia], [ganancia_cordobas], [stock_actual], [activo], [descontinuada]) VALUES (75, 75, 75, N'Pantalla AMOLED 75', N'Repuesto demo para pruebas de inventario y ordenes #75', 289.25, 0.32, 2782.5, 7, 1, 1);
INSERT INTO [Repuestos] ([id_repuesto], [tipo_repuesto_id], [proveedor_id], [nombre], [descripcion], [costo_individual], [porcentaje_de_ganacia], [ganancia_cordobas], [stock_actual], [activo], [descontinuada]) VALUES (76, 76, 76, N'Jack DC 76', N'Repuesto demo para pruebas de inventario y ordenes #76', 293, 0.36, 2818, 6, 1, 0);
INSERT INTO [Repuestos] ([id_repuesto], [tipo_repuesto_id], [proveedor_id], [nombre], [descripcion], [costo_individual], [porcentaje_de_ganacia], [ganancia_cordobas], [stock_actual], [activo], [descontinuada]) VALUES (77, 77, 77, N'Teclado latinoamericano 77', N'Repuesto demo para pruebas de inventario y ordenes #77', 296.75, 0.4, 2853.5, 6, 1, 0);
INSERT INTO [Repuestos] ([id_repuesto], [tipo_repuesto_id], [proveedor_id], [nombre], [descripcion], [costo_individual], [porcentaje_de_ganacia], [ganancia_cordobas], [stock_actual], [activo], [descontinuada]) VALUES (78, 78, 78, N'Cable flex LVDS 78', N'Repuesto demo para pruebas de inventario y ordenes #78', 300.5, 0.44, 2889, 10, 1, 0);
INSERT INTO [Repuestos] ([id_repuesto], [tipo_repuesto_id], [proveedor_id], [nombre], [descripcion], [costo_individual], [porcentaje_de_ganacia], [ganancia_cordobas], [stock_actual], [activo], [descontinuada]) VALUES (79, 79, 79, N'Conector USB 79', N'Repuesto demo para pruebas de inventario y ordenes #79', 304.25, 0.48, 2924.5, 11, 1, 0);
INSERT INTO [Repuestos] ([id_repuesto], [tipo_repuesto_id], [proveedor_id], [nombre], [descripcion], [costo_individual], [porcentaje_de_ganacia], [ganancia_cordobas], [stock_actual], [activo], [descontinuada]) VALUES (80, 80, 80, N'Modulo WiFi 80', N'Repuesto demo para pruebas de inventario y ordenes #80', 308, 0.2, 2960, 9, 1, 0);
INSERT INTO [Repuestos] ([id_repuesto], [tipo_repuesto_id], [proveedor_id], [nombre], [descripcion], [costo_individual], [porcentaje_de_ganacia], [ganancia_cordobas], [stock_actual], [activo], [descontinuada]) VALUES (81, 81, 81, N'SSD NVMe 1TB 81', N'Repuesto demo para pruebas de inventario y ordenes #81', 311.75, 0.24, 2995.5, 3, 1, 0);
INSERT INTO [Repuestos] ([id_repuesto], [tipo_repuesto_id], [proveedor_id], [nombre], [descripcion], [costo_individual], [porcentaje_de_ganacia], [ganancia_cordobas], [stock_actual], [activo], [descontinuada]) VALUES (82, 82, 82, N'RAM DDR4 16GB SODIMM 82', N'Repuesto demo para pruebas de inventario y ordenes #82', 315.5, 0.28, 3031, 5, 1, 0);
INSERT INTO [Repuestos] ([id_repuesto], [tipo_repuesto_id], [proveedor_id], [nombre], [descripcion], [costo_individual], [porcentaje_de_ganacia], [ganancia_cordobas], [stock_actual], [activo], [descontinuada]) VALUES (83, 83, 83, N'Cargador USB-C 90W 83', N'Repuesto demo para pruebas de inventario y ordenes #83', 319.25, 0.32, 3066.5, 6, 1, 0);
INSERT INTO [Repuestos] ([id_repuesto], [tipo_repuesto_id], [proveedor_id], [nombre], [descripcion], [costo_individual], [porcentaje_de_ganacia], [ganancia_cordobas], [stock_actual], [activo], [descontinuada]) VALUES (84, 84, 84, N'Fuente ATX 650W 84', N'Repuesto demo para pruebas de inventario y ordenes #84', 323, 0.36, 3102, 6, 0, 0);
INSERT INTO [Repuestos] ([id_repuesto], [tipo_repuesto_id], [proveedor_id], [nombre], [descripcion], [costo_individual], [porcentaje_de_ganacia], [ganancia_cordobas], [stock_actual], [activo], [descontinuada]) VALUES (85, 85, 85, N'Flex de carga 85', N'Repuesto demo para pruebas de inventario y ordenes #85', 326.75, 0.4, 3137.5, 6, 1, 0);
INSERT INTO [Repuestos] ([id_repuesto], [tipo_repuesto_id], [proveedor_id], [nombre], [descripcion], [costo_individual], [porcentaje_de_ganacia], [ganancia_cordobas], [stock_actual], [activo], [descontinuada]) VALUES (86, 86, 86, N'Bateria interna 86', N'Repuesto demo para pruebas de inventario y ordenes #86', 330.5, 0.44, 3173, 9, 1, 0);
INSERT INTO [Repuestos] ([id_repuesto], [tipo_repuesto_id], [proveedor_id], [nombre], [descripcion], [costo_individual], [porcentaje_de_ganacia], [ganancia_cordobas], [stock_actual], [activo], [descontinuada]) VALUES (87, 87, 87, N'Power board 87', N'Repuesto demo para pruebas de inventario y ordenes #87', 334.25, 0.48, 3208.5, 10, 1, 0);
INSERT INTO [Repuestos] ([id_repuesto], [tipo_repuesto_id], [proveedor_id], [nombre], [descripcion], [costo_individual], [porcentaje_de_ganacia], [ganancia_cordobas], [stock_actual], [activo], [descontinuada]) VALUES (88, 88, 88, N'Main board 88', N'Repuesto demo para pruebas de inventario y ordenes #88', 338, 0.2, 3244, 9, 1, 0);
INSERT INTO [Repuestos] ([id_repuesto], [tipo_repuesto_id], [proveedor_id], [nombre], [descripcion], [costo_individual], [porcentaje_de_ganacia], [ganancia_cordobas], [stock_actual], [activo], [descontinuada]) VALUES (89, 89, 89, N'Fusor laser 89', N'Repuesto demo para pruebas de inventario y ordenes #89', 341.75, 0.24, 3279.5, 9, 1, 0);
INSERT INTO [Repuestos] ([id_repuesto], [tipo_repuesto_id], [proveedor_id], [nombre], [descripcion], [costo_individual], [porcentaje_de_ganacia], [ganancia_cordobas], [stock_actual], [activo], [descontinuada]) VALUES (90, 90, 90, N'Rodillo de alimentacion 90', N'Repuesto demo para pruebas de inventario y ordenes #90', 345.5, 0.28, 3315, 4, 1, 1);
INSERT INTO [Repuestos] ([id_repuesto], [tipo_repuesto_id], [proveedor_id], [nombre], [descripcion], [costo_individual], [porcentaje_de_ganacia], [ganancia_cordobas], [stock_actual], [activo], [descontinuada]) VALUES (91, 91, 91, N'Puerto HDMI 91', N'Repuesto demo para pruebas de inventario y ordenes #91', 349.25, 0.32, 3350.5, 5, 1, 0);
INSERT INTO [Repuestos] ([id_repuesto], [tipo_repuesto_id], [proveedor_id], [nombre], [descripcion], [costo_individual], [porcentaje_de_ganacia], [ganancia_cordobas], [stock_actual], [activo], [descontinuada]) VALUES (92, 92, 92, N'Retimer HDMI 92', N'Repuesto demo para pruebas de inventario y ordenes #92', 353, 0.36, 3386, 3, 1, 0);
INSERT INTO [Repuestos] ([id_repuesto], [tipo_repuesto_id], [proveedor_id], [nombre], [descripcion], [costo_individual], [porcentaje_de_ganacia], [ganancia_cordobas], [stock_actual], [activo], [descontinuada]) VALUES (93, 93, 93, N'Ventilador CPU 93', N'Repuesto demo para pruebas de inventario y ordenes #93', 356.75, 0.4, 3421.5, 6, 1, 0);
INSERT INTO [Repuestos] ([id_repuesto], [tipo_repuesto_id], [proveedor_id], [nombre], [descripcion], [costo_individual], [porcentaje_de_ganacia], [ganancia_cordobas], [stock_actual], [activo], [descontinuada]) VALUES (94, 94, 94, N'Kit pasta termica 94', N'Repuesto demo para pruebas de inventario y ordenes #94', 360.5, 0.44, 3457, 8, 1, 0);
INSERT INTO [Repuestos] ([id_repuesto], [tipo_repuesto_id], [proveedor_id], [nombre], [descripcion], [costo_individual], [porcentaje_de_ganacia], [ganancia_cordobas], [stock_actual], [activo], [descontinuada]) VALUES (95, 95, 95, N'Pantalla AMOLED 95', N'Repuesto demo para pruebas de inventario y ordenes #95', 364.25, 0.48, 3492.5, 9, 1, 0);
INSERT INTO [Repuestos] ([id_repuesto], [tipo_repuesto_id], [proveedor_id], [nombre], [descripcion], [costo_individual], [porcentaje_de_ganacia], [ganancia_cordobas], [stock_actual], [activo], [descontinuada]) VALUES (96, 96, 96, N'Jack DC 96', N'Repuesto demo para pruebas de inventario y ordenes #96', 368, 0.2, 3528, 9, 0, 0);
INSERT INTO [Repuestos] ([id_repuesto], [tipo_repuesto_id], [proveedor_id], [nombre], [descripcion], [costo_individual], [porcentaje_de_ganacia], [ganancia_cordobas], [stock_actual], [activo], [descontinuada]) VALUES (97, 97, 97, N'Teclado latinoamericano 97', N'Repuesto demo para pruebas de inventario y ordenes #97', 371.75, 0.24, 3563.5, 9, 1, 0);
INSERT INTO [Repuestos] ([id_repuesto], [tipo_repuesto_id], [proveedor_id], [nombre], [descripcion], [costo_individual], [porcentaje_de_ganacia], [ganancia_cordobas], [stock_actual], [activo], [descontinuada]) VALUES (98, 98, 98, N'Cable flex LVDS 98', N'Repuesto demo para pruebas de inventario y ordenes #98', 375.5, 0.28, 3599, 12, 1, 0);
INSERT INTO [Repuestos] ([id_repuesto], [tipo_repuesto_id], [proveedor_id], [nombre], [descripcion], [costo_individual], [porcentaje_de_ganacia], [ganancia_cordobas], [stock_actual], [activo], [descontinuada]) VALUES (99, 99, 99, N'Conector USB 99', N'Repuesto demo para pruebas de inventario y ordenes #99', 379.25, 0.32, 3634.5, 4, 1, 0);
INSERT INTO [Repuestos] ([id_repuesto], [tipo_repuesto_id], [proveedor_id], [nombre], [descripcion], [costo_individual], [porcentaje_de_ganacia], [ganancia_cordobas], [stock_actual], [activo], [descontinuada]) VALUES (100, 100, 100, N'Modulo WiFi 10', N'Repuesto demo para pruebas de inventario y ordenes #100', 383, 0.36, 3670, 3, 1, 0);
INSERT INTO [Repuestos] ([id_repuesto], [tipo_repuesto_id], [proveedor_id], [nombre], [descripcion], [costo_individual], [porcentaje_de_ganacia], [ganancia_cordobas], [stock_actual], [activo], [descontinuada]) VALUES (101, 101, 101, N'SSD NVMe 1TB 10', N'Repuesto demo para pruebas de inventario y ordenes #101', 386.75, 0.4, 3705.5, 3, 1, 0);
INSERT INTO [Repuestos] ([id_repuesto], [tipo_repuesto_id], [proveedor_id], [nombre], [descripcion], [costo_individual], [porcentaje_de_ganacia], [ganancia_cordobas], [stock_actual], [activo], [descontinuada]) VALUES (102, 102, 102, N'RAM DDR4 16GB SODIMM 10', N'Repuesto demo para pruebas de inventario y ordenes #102', 390.5, 0.44, 3741, 7, 1, 0);
INSERT INTO [Repuestos] ([id_repuesto], [tipo_repuesto_id], [proveedor_id], [nombre], [descripcion], [costo_individual], [porcentaje_de_ganacia], [ganancia_cordobas], [stock_actual], [activo], [descontinuada]) VALUES (103, 103, 103, N'Cargador USB-C 90W 10', N'Repuesto demo para pruebas de inventario y ordenes #103', 394.25, 0.48, 3776.5, 8, 1, 0);
INSERT INTO [Repuestos] ([id_repuesto], [tipo_repuesto_id], [proveedor_id], [nombre], [descripcion], [costo_individual], [porcentaje_de_ganacia], [ganancia_cordobas], [stock_actual], [activo], [descontinuada]) VALUES (104, 104, 104, N'Fuente ATX 650W 10', N'Repuesto demo para pruebas de inventario y ordenes #104', 398, 0.2, 3812, 6, 1, 0);
INSERT INTO [Repuestos] ([id_repuesto], [tipo_repuesto_id], [proveedor_id], [nombre], [descripcion], [costo_individual], [porcentaje_de_ganacia], [ganancia_cordobas], [stock_actual], [activo], [descontinuada]) VALUES (105, 105, 105, N'Flex de carga 10', N'Repuesto demo para pruebas de inventario y ordenes #105', 401.75, 0.24, 3847.5, 9, 1, 1);
INSERT INTO [Repuestos] ([id_repuesto], [tipo_repuesto_id], [proveedor_id], [nombre], [descripcion], [costo_individual], [porcentaje_de_ganacia], [ganancia_cordobas], [stock_actual], [activo], [descontinuada]) VALUES (106, 106, 106, N'Bateria interna 10', N'Repuesto demo para pruebas de inventario y ordenes #106', 405.5, 0.28, 3883, 11, 1, 0);
INSERT INTO [Repuestos] ([id_repuesto], [tipo_repuesto_id], [proveedor_id], [nombre], [descripcion], [costo_individual], [porcentaje_de_ganacia], [ganancia_cordobas], [stock_actual], [activo], [descontinuada]) VALUES (107, 107, 107, N'Power board 10', N'Repuesto demo para pruebas de inventario y ordenes #107', 409.25, 0.32, 3918.5, 12, 1, 0);
INSERT INTO [Repuestos] ([id_repuesto], [tipo_repuesto_id], [proveedor_id], [nombre], [descripcion], [costo_individual], [porcentaje_de_ganacia], [ganancia_cordobas], [stock_actual], [activo], [descontinuada]) VALUES (108, 108, 108, N'Main board 10', N'Repuesto demo para pruebas de inventario y ordenes #108', 413, 0.36, 3954, 3, 0, 0);
INSERT INTO [Repuestos] ([id_repuesto], [tipo_repuesto_id], [proveedor_id], [nombre], [descripcion], [costo_individual], [porcentaje_de_ganacia], [ganancia_cordobas], [stock_actual], [activo], [descontinuada]) VALUES (109, 109, 109, N'Fusor laser 10', N'Repuesto demo para pruebas de inventario y ordenes #109', 416.75, 0.4, 3989.5, 3, 1, 0);
INSERT INTO [Repuestos] ([id_repuesto], [tipo_repuesto_id], [proveedor_id], [nombre], [descripcion], [costo_individual], [porcentaje_de_ganacia], [ganancia_cordobas], [stock_actual], [activo], [descontinuada]) VALUES (110, 110, 110, N'Rodillo de alimentacion 11', N'Repuesto demo para pruebas de inventario y ordenes #110', 420.5, 0.44, 4025, 6, 1, 0);
INSERT INTO [Repuestos] ([id_repuesto], [tipo_repuesto_id], [proveedor_id], [nombre], [descripcion], [costo_individual], [porcentaje_de_ganacia], [ganancia_cordobas], [stock_actual], [activo], [descontinuada]) VALUES (111, 111, 111, N'Puerto HDMI 11', N'Repuesto demo para pruebas de inventario y ordenes #111', 424.25, 0.48, 4060.5, 7, 1, 0);
INSERT INTO [Repuestos] ([id_repuesto], [tipo_repuesto_id], [proveedor_id], [nombre], [descripcion], [costo_individual], [porcentaje_de_ganacia], [ganancia_cordobas], [stock_actual], [activo], [descontinuada]) VALUES (112, 112, 112, N'Retimer HDMI 11', N'Repuesto demo para pruebas de inventario y ordenes #112', 428, 0.2, 4096, 6, 1, 0);
INSERT INTO [Repuestos] ([id_repuesto], [tipo_repuesto_id], [proveedor_id], [nombre], [descripcion], [costo_individual], [porcentaje_de_ganacia], [ganancia_cordobas], [stock_actual], [activo], [descontinuada]) VALUES (113, 113, 113, N'Ventilador CPU 11', N'Repuesto demo para pruebas de inventario y ordenes #113', 431.75, 0.24, 4131.5, 6, 1, 0);
INSERT INTO [Repuestos] ([id_repuesto], [tipo_repuesto_id], [proveedor_id], [nombre], [descripcion], [costo_individual], [porcentaje_de_ganacia], [ganancia_cordobas], [stock_actual], [activo], [descontinuada]) VALUES (114, 114, 114, N'Kit pasta termica 11', N'Repuesto demo para pruebas de inventario y ordenes #114', 435.5, 0.28, 4167, 10, 1, 0);
INSERT INTO [Repuestos] ([id_repuesto], [tipo_repuesto_id], [proveedor_id], [nombre], [descripcion], [costo_individual], [porcentaje_de_ganacia], [ganancia_cordobas], [stock_actual], [activo], [descontinuada]) VALUES (115, 115, 115, N'Pantalla AMOLED 11', N'Repuesto demo para pruebas de inventario y ordenes #115', 439.25, 0.32, 4202.5, 11, 1, 0);
INSERT INTO [Repuestos] ([id_repuesto], [tipo_repuesto_id], [proveedor_id], [nombre], [descripcion], [costo_individual], [porcentaje_de_ganacia], [ganancia_cordobas], [stock_actual], [activo], [descontinuada]) VALUES (116, 116, 116, N'Jack DC 11', N'Repuesto demo para pruebas de inventario y ordenes #116', 443, 0.36, 4238, 9, 1, 0);
INSERT INTO [Repuestos] ([id_repuesto], [tipo_repuesto_id], [proveedor_id], [nombre], [descripcion], [costo_individual], [porcentaje_de_ganacia], [ganancia_cordobas], [stock_actual], [activo], [descontinuada]) VALUES (117, 117, 117, N'Teclado latinoamericano 11', N'Repuesto demo para pruebas de inventario y ordenes #117', 446.75, 0.4, 4273.5, 3, 1, 0);
INSERT INTO [Repuestos] ([id_repuesto], [tipo_repuesto_id], [proveedor_id], [nombre], [descripcion], [costo_individual], [porcentaje_de_ganacia], [ganancia_cordobas], [stock_actual], [activo], [descontinuada]) VALUES (118, 118, 118, N'Cable flex LVDS 11', N'Repuesto demo para pruebas de inventario y ordenes #118', 450.5, 0.44, 4309, 5, 1, 0);
INSERT INTO [Repuestos] ([id_repuesto], [tipo_repuesto_id], [proveedor_id], [nombre], [descripcion], [costo_individual], [porcentaje_de_ganacia], [ganancia_cordobas], [stock_actual], [activo], [descontinuada]) VALUES (119, 119, 119, N'Conector USB 11', N'Repuesto demo para pruebas de inventario y ordenes #119', 454.25, 0.48, 4344.5, 6, 1, 0);
INSERT INTO [Repuestos] ([id_repuesto], [tipo_repuesto_id], [proveedor_id], [nombre], [descripcion], [costo_individual], [porcentaje_de_ganacia], [ganancia_cordobas], [stock_actual], [activo], [descontinuada]) VALUES (120, 120, 120, N'Modulo WiFi 12', N'Repuesto demo para pruebas de inventario y ordenes #120', 458, 0.2, 4380, 6, 0, 1);
GO

-- Datos de Compras: 120 registros
INSERT INTO [Compras] ([id_compra], [repuesto_id], [proveedor_id], [documento], [fecha_obtencion], [cantidad], [costo_unitario], [metodo_pago]) VALUES (1, 1, 1, N'FAC-DEMO-2026-0001', CONVERT(DATETIME2, '2026-05-02 09:00:00', 126), 5, 11.75, N'Efectivo');
INSERT INTO [Compras] ([id_compra], [repuesto_id], [proveedor_id], [documento], [fecha_obtencion], [cantidad], [costo_unitario], [metodo_pago]) VALUES (2, 2, 2, N'FAC-DEMO-2026-0002', CONVERT(DATETIME2, '2026-05-02 16:00:00', 126), 6, 15.5, N'Transferencia');
INSERT INTO [Compras] ([id_compra], [repuesto_id], [proveedor_id], [documento], [fecha_obtencion], [cantidad], [costo_unitario], [metodo_pago]) VALUES (3, 3, 3, N'FAC-DEMO-2026-0003', CONVERT(DATETIME2, '2026-05-02 23:00:00', 126), 7, 19.25, N'Tarjeta');
INSERT INTO [Compras] ([id_compra], [repuesto_id], [proveedor_id], [documento], [fecha_obtencion], [cantidad], [costo_unitario], [metodo_pago]) VALUES (4, 4, 4, N'FAC-DEMO-2026-0004', CONVERT(DATETIME2, '2026-05-03 06:00:00', 126), 8, 23, N'Transferencia');
INSERT INTO [Compras] ([id_compra], [repuesto_id], [proveedor_id], [documento], [fecha_obtencion], [cantidad], [costo_unitario], [metodo_pago]) VALUES (5, 5, 5, N'FAC-DEMO-2026-0005', CONVERT(DATETIME2, '2026-05-03 13:00:00', 126), 9, 26.75, N'Efectivo');
INSERT INTO [Compras] ([id_compra], [repuesto_id], [proveedor_id], [documento], [fecha_obtencion], [cantidad], [costo_unitario], [metodo_pago]) VALUES (6, 6, 6, N'FAC-DEMO-2026-0006', CONVERT(DATETIME2, '2026-05-03 20:00:00', 126), 10, 30.5, N'Transferencia');
INSERT INTO [Compras] ([id_compra], [repuesto_id], [proveedor_id], [documento], [fecha_obtencion], [cantidad], [costo_unitario], [metodo_pago]) VALUES (7, 7, 7, N'FAC-DEMO-2026-0007', CONVERT(DATETIME2, '2026-05-04 03:00:00', 126), 11, 34.25, N'Tarjeta');
INSERT INTO [Compras] ([id_compra], [repuesto_id], [proveedor_id], [documento], [fecha_obtencion], [cantidad], [costo_unitario], [metodo_pago]) VALUES (8, 8, 8, N'FAC-DEMO-2026-0008', CONVERT(DATETIME2, '2026-05-04 10:00:00', 126), 12, 38, N'Transferencia');
INSERT INTO [Compras] ([id_compra], [repuesto_id], [proveedor_id], [documento], [fecha_obtencion], [cantidad], [costo_unitario], [metodo_pago]) VALUES (9, 9, 9, N'FAC-DEMO-2026-0009', CONVERT(DATETIME2, '2026-05-04 17:00:00', 126), 4, 41.75, N'Efectivo');
INSERT INTO [Compras] ([id_compra], [repuesto_id], [proveedor_id], [documento], [fecha_obtencion], [cantidad], [costo_unitario], [metodo_pago]) VALUES (10, 10, 10, N'FAC-DEMO-2026-0010', CONVERT(DATETIME2, '2026-05-05 00:00:00', 126), 5, 45.5, N'Transferencia');
INSERT INTO [Compras] ([id_compra], [repuesto_id], [proveedor_id], [documento], [fecha_obtencion], [cantidad], [costo_unitario], [metodo_pago]) VALUES (11, 11, 11, N'FAC-DEMO-2026-0011', CONVERT(DATETIME2, '2026-05-05 07:00:00', 126), 6, 49.25, N'Tarjeta');
INSERT INTO [Compras] ([id_compra], [repuesto_id], [proveedor_id], [documento], [fecha_obtencion], [cantidad], [costo_unitario], [metodo_pago]) VALUES (12, 12, 12, N'FAC-DEMO-2026-0012', CONVERT(DATETIME2, '2026-05-05 14:00:00', 126), 7, 53, N'Transferencia');
INSERT INTO [Compras] ([id_compra], [repuesto_id], [proveedor_id], [documento], [fecha_obtencion], [cantidad], [costo_unitario], [metodo_pago]) VALUES (13, 13, 13, N'FAC-DEMO-2026-0013', CONVERT(DATETIME2, '2026-05-05 21:00:00', 126), 8, 56.75, N'Efectivo');
INSERT INTO [Compras] ([id_compra], [repuesto_id], [proveedor_id], [documento], [fecha_obtencion], [cantidad], [costo_unitario], [metodo_pago]) VALUES (14, 14, 14, N'FAC-DEMO-2026-0014', CONVERT(DATETIME2, '2026-05-06 04:00:00', 126), 9, 60.5, N'Transferencia');
INSERT INTO [Compras] ([id_compra], [repuesto_id], [proveedor_id], [documento], [fecha_obtencion], [cantidad], [costo_unitario], [metodo_pago]) VALUES (15, 15, 15, N'FAC-DEMO-2026-0015', CONVERT(DATETIME2, '2026-05-06 11:00:00', 126), 10, 64.25, N'Tarjeta');
INSERT INTO [Compras] ([id_compra], [repuesto_id], [proveedor_id], [documento], [fecha_obtencion], [cantidad], [costo_unitario], [metodo_pago]) VALUES (16, 16, 16, N'FAC-DEMO-2026-0016', CONVERT(DATETIME2, '2026-05-06 18:00:00', 126), 11, 68, N'Transferencia');
INSERT INTO [Compras] ([id_compra], [repuesto_id], [proveedor_id], [documento], [fecha_obtencion], [cantidad], [costo_unitario], [metodo_pago]) VALUES (17, 17, 17, N'FAC-DEMO-2026-0017', CONVERT(DATETIME2, '2026-05-07 01:00:00', 126), 12, 71.75, N'Efectivo');
INSERT INTO [Compras] ([id_compra], [repuesto_id], [proveedor_id], [documento], [fecha_obtencion], [cantidad], [costo_unitario], [metodo_pago]) VALUES (18, 18, 18, N'FAC-DEMO-2026-0018', CONVERT(DATETIME2, '2026-05-07 08:00:00', 126), 4, 75.5, N'Transferencia');
INSERT INTO [Compras] ([id_compra], [repuesto_id], [proveedor_id], [documento], [fecha_obtencion], [cantidad], [costo_unitario], [metodo_pago]) VALUES (19, 19, 19, N'FAC-DEMO-2026-0019', CONVERT(DATETIME2, '2026-05-07 15:00:00', 126), 5, 79.25, N'Tarjeta');
INSERT INTO [Compras] ([id_compra], [repuesto_id], [proveedor_id], [documento], [fecha_obtencion], [cantidad], [costo_unitario], [metodo_pago]) VALUES (20, 20, 20, N'FAC-DEMO-2026-0020', CONVERT(DATETIME2, '2026-05-07 22:00:00', 126), 6, 83, N'Transferencia');
INSERT INTO [Compras] ([id_compra], [repuesto_id], [proveedor_id], [documento], [fecha_obtencion], [cantidad], [costo_unitario], [metodo_pago]) VALUES (21, 21, 21, N'FAC-DEMO-2026-0021', CONVERT(DATETIME2, '2026-05-08 05:00:00', 126), 7, 86.75, N'Efectivo');
INSERT INTO [Compras] ([id_compra], [repuesto_id], [proveedor_id], [documento], [fecha_obtencion], [cantidad], [costo_unitario], [metodo_pago]) VALUES (22, 22, 22, N'FAC-DEMO-2026-0022', CONVERT(DATETIME2, '2026-05-08 12:00:00', 126), 8, 90.5, N'Transferencia');
INSERT INTO [Compras] ([id_compra], [repuesto_id], [proveedor_id], [documento], [fecha_obtencion], [cantidad], [costo_unitario], [metodo_pago]) VALUES (23, 23, 23, N'FAC-DEMO-2026-0023', CONVERT(DATETIME2, '2026-05-08 19:00:00', 126), 9, 94.25, N'Tarjeta');
INSERT INTO [Compras] ([id_compra], [repuesto_id], [proveedor_id], [documento], [fecha_obtencion], [cantidad], [costo_unitario], [metodo_pago]) VALUES (24, 24, 24, N'FAC-DEMO-2026-0024', CONVERT(DATETIME2, '2026-05-09 02:00:00', 126), 10, 98, N'Transferencia');
INSERT INTO [Compras] ([id_compra], [repuesto_id], [proveedor_id], [documento], [fecha_obtencion], [cantidad], [costo_unitario], [metodo_pago]) VALUES (25, 25, 25, N'FAC-DEMO-2026-0025', CONVERT(DATETIME2, '2026-05-09 09:00:00', 126), 11, 101.75, N'Efectivo');
INSERT INTO [Compras] ([id_compra], [repuesto_id], [proveedor_id], [documento], [fecha_obtencion], [cantidad], [costo_unitario], [metodo_pago]) VALUES (26, 26, 26, N'FAC-DEMO-2026-0026', CONVERT(DATETIME2, '2026-05-09 16:00:00', 126), 12, 105.5, N'Transferencia');
INSERT INTO [Compras] ([id_compra], [repuesto_id], [proveedor_id], [documento], [fecha_obtencion], [cantidad], [costo_unitario], [metodo_pago]) VALUES (27, 27, 27, N'FAC-DEMO-2026-0027', CONVERT(DATETIME2, '2026-05-09 23:00:00', 126), 4, 109.25, N'Tarjeta');
INSERT INTO [Compras] ([id_compra], [repuesto_id], [proveedor_id], [documento], [fecha_obtencion], [cantidad], [costo_unitario], [metodo_pago]) VALUES (28, 28, 28, N'FAC-DEMO-2026-0028', CONVERT(DATETIME2, '2026-05-10 06:00:00', 126), 5, 113, N'Transferencia');
INSERT INTO [Compras] ([id_compra], [repuesto_id], [proveedor_id], [documento], [fecha_obtencion], [cantidad], [costo_unitario], [metodo_pago]) VALUES (29, 29, 29, N'FAC-DEMO-2026-0029', CONVERT(DATETIME2, '2026-05-10 13:00:00', 126), 6, 116.75, N'Efectivo');
INSERT INTO [Compras] ([id_compra], [repuesto_id], [proveedor_id], [documento], [fecha_obtencion], [cantidad], [costo_unitario], [metodo_pago]) VALUES (30, 30, 30, N'FAC-DEMO-2026-0030', CONVERT(DATETIME2, '2026-05-10 20:00:00', 126), 7, 120.5, N'Transferencia');
INSERT INTO [Compras] ([id_compra], [repuesto_id], [proveedor_id], [documento], [fecha_obtencion], [cantidad], [costo_unitario], [metodo_pago]) VALUES (31, 31, 31, N'FAC-DEMO-2026-0031', CONVERT(DATETIME2, '2026-05-11 03:00:00', 126), 8, 124.25, N'Tarjeta');
INSERT INTO [Compras] ([id_compra], [repuesto_id], [proveedor_id], [documento], [fecha_obtencion], [cantidad], [costo_unitario], [metodo_pago]) VALUES (32, 32, 32, N'FAC-DEMO-2026-0032', CONVERT(DATETIME2, '2026-05-11 10:00:00', 126), 9, 128, N'Transferencia');
INSERT INTO [Compras] ([id_compra], [repuesto_id], [proveedor_id], [documento], [fecha_obtencion], [cantidad], [costo_unitario], [metodo_pago]) VALUES (33, 33, 33, N'FAC-DEMO-2026-0033', CONVERT(DATETIME2, '2026-05-11 17:00:00', 126), 10, 131.75, N'Efectivo');
INSERT INTO [Compras] ([id_compra], [repuesto_id], [proveedor_id], [documento], [fecha_obtencion], [cantidad], [costo_unitario], [metodo_pago]) VALUES (34, 34, 34, N'FAC-DEMO-2026-0034', CONVERT(DATETIME2, '2026-05-12 00:00:00', 126), 11, 135.5, N'Transferencia');
INSERT INTO [Compras] ([id_compra], [repuesto_id], [proveedor_id], [documento], [fecha_obtencion], [cantidad], [costo_unitario], [metodo_pago]) VALUES (35, 35, 35, N'FAC-DEMO-2026-0035', CONVERT(DATETIME2, '2026-05-12 07:00:00', 126), 12, 139.25, N'Tarjeta');
INSERT INTO [Compras] ([id_compra], [repuesto_id], [proveedor_id], [documento], [fecha_obtencion], [cantidad], [costo_unitario], [metodo_pago]) VALUES (36, 36, 36, N'FAC-DEMO-2026-0036', CONVERT(DATETIME2, '2026-05-12 14:00:00', 126), 4, 143, N'Transferencia');
INSERT INTO [Compras] ([id_compra], [repuesto_id], [proveedor_id], [documento], [fecha_obtencion], [cantidad], [costo_unitario], [metodo_pago]) VALUES (37, 37, 37, N'FAC-DEMO-2026-0037', CONVERT(DATETIME2, '2026-05-12 21:00:00', 126), 5, 146.75, N'Efectivo');
INSERT INTO [Compras] ([id_compra], [repuesto_id], [proveedor_id], [documento], [fecha_obtencion], [cantidad], [costo_unitario], [metodo_pago]) VALUES (38, 38, 38, N'FAC-DEMO-2026-0038', CONVERT(DATETIME2, '2026-05-13 04:00:00', 126), 6, 150.5, N'Transferencia');
INSERT INTO [Compras] ([id_compra], [repuesto_id], [proveedor_id], [documento], [fecha_obtencion], [cantidad], [costo_unitario], [metodo_pago]) VALUES (39, 39, 39, N'FAC-DEMO-2026-0039', CONVERT(DATETIME2, '2026-05-13 11:00:00', 126), 7, 154.25, N'Tarjeta');
INSERT INTO [Compras] ([id_compra], [repuesto_id], [proveedor_id], [documento], [fecha_obtencion], [cantidad], [costo_unitario], [metodo_pago]) VALUES (40, 40, 40, N'FAC-DEMO-2026-0040', CONVERT(DATETIME2, '2026-05-13 18:00:00', 126), 8, 158, N'Transferencia');
INSERT INTO [Compras] ([id_compra], [repuesto_id], [proveedor_id], [documento], [fecha_obtencion], [cantidad], [costo_unitario], [metodo_pago]) VALUES (41, 41, 41, N'FAC-DEMO-2026-0041', CONVERT(DATETIME2, '2026-05-14 01:00:00', 126), 9, 161.75, N'Efectivo');
INSERT INTO [Compras] ([id_compra], [repuesto_id], [proveedor_id], [documento], [fecha_obtencion], [cantidad], [costo_unitario], [metodo_pago]) VALUES (42, 42, 42, N'FAC-DEMO-2026-0042', CONVERT(DATETIME2, '2026-05-14 08:00:00', 126), 10, 165.5, N'Transferencia');
INSERT INTO [Compras] ([id_compra], [repuesto_id], [proveedor_id], [documento], [fecha_obtencion], [cantidad], [costo_unitario], [metodo_pago]) VALUES (43, 43, 43, N'FAC-DEMO-2026-0043', CONVERT(DATETIME2, '2026-05-14 15:00:00', 126), 11, 169.25, N'Tarjeta');
INSERT INTO [Compras] ([id_compra], [repuesto_id], [proveedor_id], [documento], [fecha_obtencion], [cantidad], [costo_unitario], [metodo_pago]) VALUES (44, 44, 44, N'FAC-DEMO-2026-0044', CONVERT(DATETIME2, '2026-05-14 22:00:00', 126), 12, 173, N'Transferencia');
INSERT INTO [Compras] ([id_compra], [repuesto_id], [proveedor_id], [documento], [fecha_obtencion], [cantidad], [costo_unitario], [metodo_pago]) VALUES (45, 45, 45, N'FAC-DEMO-2026-0045', CONVERT(DATETIME2, '2026-05-15 05:00:00', 126), 4, 176.75, N'Efectivo');
INSERT INTO [Compras] ([id_compra], [repuesto_id], [proveedor_id], [documento], [fecha_obtencion], [cantidad], [costo_unitario], [metodo_pago]) VALUES (46, 46, 46, N'FAC-DEMO-2026-0046', CONVERT(DATETIME2, '2026-05-15 12:00:00', 126), 5, 180.5, N'Transferencia');
INSERT INTO [Compras] ([id_compra], [repuesto_id], [proveedor_id], [documento], [fecha_obtencion], [cantidad], [costo_unitario], [metodo_pago]) VALUES (47, 47, 47, N'FAC-DEMO-2026-0047', CONVERT(DATETIME2, '2026-05-15 19:00:00', 126), 6, 184.25, N'Tarjeta');
INSERT INTO [Compras] ([id_compra], [repuesto_id], [proveedor_id], [documento], [fecha_obtencion], [cantidad], [costo_unitario], [metodo_pago]) VALUES (48, 48, 48, N'FAC-DEMO-2026-0048', CONVERT(DATETIME2, '2026-05-16 02:00:00', 126), 7, 188, N'Transferencia');
INSERT INTO [Compras] ([id_compra], [repuesto_id], [proveedor_id], [documento], [fecha_obtencion], [cantidad], [costo_unitario], [metodo_pago]) VALUES (49, 49, 49, N'FAC-DEMO-2026-0049', CONVERT(DATETIME2, '2026-05-16 09:00:00', 126), 8, 191.75, N'Efectivo');
INSERT INTO [Compras] ([id_compra], [repuesto_id], [proveedor_id], [documento], [fecha_obtencion], [cantidad], [costo_unitario], [metodo_pago]) VALUES (50, 50, 50, N'FAC-DEMO-2026-0050', CONVERT(DATETIME2, '2026-05-16 16:00:00', 126), 9, 195.5, N'Transferencia');
INSERT INTO [Compras] ([id_compra], [repuesto_id], [proveedor_id], [documento], [fecha_obtencion], [cantidad], [costo_unitario], [metodo_pago]) VALUES (51, 51, 51, N'FAC-DEMO-2026-0051', CONVERT(DATETIME2, '2026-05-16 23:00:00', 126), 10, 199.25, N'Tarjeta');
INSERT INTO [Compras] ([id_compra], [repuesto_id], [proveedor_id], [documento], [fecha_obtencion], [cantidad], [costo_unitario], [metodo_pago]) VALUES (52, 52, 52, N'FAC-DEMO-2026-0052', CONVERT(DATETIME2, '2026-05-17 06:00:00', 126), 11, 203, N'Transferencia');
INSERT INTO [Compras] ([id_compra], [repuesto_id], [proveedor_id], [documento], [fecha_obtencion], [cantidad], [costo_unitario], [metodo_pago]) VALUES (53, 53, 53, N'FAC-DEMO-2026-0053', CONVERT(DATETIME2, '2026-05-17 13:00:00', 126), 12, 206.75, N'Efectivo');
INSERT INTO [Compras] ([id_compra], [repuesto_id], [proveedor_id], [documento], [fecha_obtencion], [cantidad], [costo_unitario], [metodo_pago]) VALUES (54, 54, 54, N'FAC-DEMO-2026-0054', CONVERT(DATETIME2, '2026-05-17 20:00:00', 126), 4, 210.5, N'Transferencia');
INSERT INTO [Compras] ([id_compra], [repuesto_id], [proveedor_id], [documento], [fecha_obtencion], [cantidad], [costo_unitario], [metodo_pago]) VALUES (55, 55, 55, N'FAC-DEMO-2026-0055', CONVERT(DATETIME2, '2026-05-18 03:00:00', 126), 5, 214.25, N'Tarjeta');
INSERT INTO [Compras] ([id_compra], [repuesto_id], [proveedor_id], [documento], [fecha_obtencion], [cantidad], [costo_unitario], [metodo_pago]) VALUES (56, 56, 56, N'FAC-DEMO-2026-0056', CONVERT(DATETIME2, '2026-05-18 10:00:00', 126), 6, 218, N'Transferencia');
INSERT INTO [Compras] ([id_compra], [repuesto_id], [proveedor_id], [documento], [fecha_obtencion], [cantidad], [costo_unitario], [metodo_pago]) VALUES (57, 57, 57, N'FAC-DEMO-2026-0057', CONVERT(DATETIME2, '2026-05-18 17:00:00', 126), 7, 221.75, N'Efectivo');
INSERT INTO [Compras] ([id_compra], [repuesto_id], [proveedor_id], [documento], [fecha_obtencion], [cantidad], [costo_unitario], [metodo_pago]) VALUES (58, 58, 58, N'FAC-DEMO-2026-0058', CONVERT(DATETIME2, '2026-05-19 00:00:00', 126), 8, 225.5, N'Transferencia');
INSERT INTO [Compras] ([id_compra], [repuesto_id], [proveedor_id], [documento], [fecha_obtencion], [cantidad], [costo_unitario], [metodo_pago]) VALUES (59, 59, 59, N'FAC-DEMO-2026-0059', CONVERT(DATETIME2, '2026-05-19 07:00:00', 126), 9, 229.25, N'Tarjeta');
INSERT INTO [Compras] ([id_compra], [repuesto_id], [proveedor_id], [documento], [fecha_obtencion], [cantidad], [costo_unitario], [metodo_pago]) VALUES (60, 60, 60, N'FAC-DEMO-2026-0060', CONVERT(DATETIME2, '2026-05-19 14:00:00', 126), 10, 233, N'Transferencia');
INSERT INTO [Compras] ([id_compra], [repuesto_id], [proveedor_id], [documento], [fecha_obtencion], [cantidad], [costo_unitario], [metodo_pago]) VALUES (61, 61, 61, N'FAC-DEMO-2026-0061', CONVERT(DATETIME2, '2026-05-19 21:00:00', 126), 11, 236.75, N'Efectivo');
INSERT INTO [Compras] ([id_compra], [repuesto_id], [proveedor_id], [documento], [fecha_obtencion], [cantidad], [costo_unitario], [metodo_pago]) VALUES (62, 62, 62, N'FAC-DEMO-2026-0062', CONVERT(DATETIME2, '2026-05-20 04:00:00', 126), 12, 240.5, N'Transferencia');
INSERT INTO [Compras] ([id_compra], [repuesto_id], [proveedor_id], [documento], [fecha_obtencion], [cantidad], [costo_unitario], [metodo_pago]) VALUES (63, 63, 63, N'FAC-DEMO-2026-0063', CONVERT(DATETIME2, '2026-05-20 11:00:00', 126), 4, 244.25, N'Tarjeta');
INSERT INTO [Compras] ([id_compra], [repuesto_id], [proveedor_id], [documento], [fecha_obtencion], [cantidad], [costo_unitario], [metodo_pago]) VALUES (64, 64, 64, N'FAC-DEMO-2026-0064', CONVERT(DATETIME2, '2026-05-20 18:00:00', 126), 5, 248, N'Transferencia');
INSERT INTO [Compras] ([id_compra], [repuesto_id], [proveedor_id], [documento], [fecha_obtencion], [cantidad], [costo_unitario], [metodo_pago]) VALUES (65, 65, 65, N'FAC-DEMO-2026-0065', CONVERT(DATETIME2, '2026-05-21 01:00:00', 126), 6, 251.75, N'Efectivo');
INSERT INTO [Compras] ([id_compra], [repuesto_id], [proveedor_id], [documento], [fecha_obtencion], [cantidad], [costo_unitario], [metodo_pago]) VALUES (66, 66, 66, N'FAC-DEMO-2026-0066', CONVERT(DATETIME2, '2026-05-21 08:00:00', 126), 7, 255.5, N'Transferencia');
INSERT INTO [Compras] ([id_compra], [repuesto_id], [proveedor_id], [documento], [fecha_obtencion], [cantidad], [costo_unitario], [metodo_pago]) VALUES (67, 67, 67, N'FAC-DEMO-2026-0067', CONVERT(DATETIME2, '2026-05-21 15:00:00', 126), 8, 259.25, N'Tarjeta');
INSERT INTO [Compras] ([id_compra], [repuesto_id], [proveedor_id], [documento], [fecha_obtencion], [cantidad], [costo_unitario], [metodo_pago]) VALUES (68, 68, 68, N'FAC-DEMO-2026-0068', CONVERT(DATETIME2, '2026-05-21 22:00:00', 126), 9, 263, N'Transferencia');
INSERT INTO [Compras] ([id_compra], [repuesto_id], [proveedor_id], [documento], [fecha_obtencion], [cantidad], [costo_unitario], [metodo_pago]) VALUES (69, 69, 69, N'FAC-DEMO-2026-0069', CONVERT(DATETIME2, '2026-05-22 05:00:00', 126), 10, 266.75, N'Efectivo');
INSERT INTO [Compras] ([id_compra], [repuesto_id], [proveedor_id], [documento], [fecha_obtencion], [cantidad], [costo_unitario], [metodo_pago]) VALUES (70, 70, 70, N'FAC-DEMO-2026-0070', CONVERT(DATETIME2, '2026-05-22 12:00:00', 126), 11, 270.5, N'Transferencia');
INSERT INTO [Compras] ([id_compra], [repuesto_id], [proveedor_id], [documento], [fecha_obtencion], [cantidad], [costo_unitario], [metodo_pago]) VALUES (71, 71, 71, N'FAC-DEMO-2026-0071', CONVERT(DATETIME2, '2026-05-22 19:00:00', 126), 12, 274.25, N'Tarjeta');
INSERT INTO [Compras] ([id_compra], [repuesto_id], [proveedor_id], [documento], [fecha_obtencion], [cantidad], [costo_unitario], [metodo_pago]) VALUES (72, 72, 72, N'FAC-DEMO-2026-0072', CONVERT(DATETIME2, '2026-05-23 02:00:00', 126), 4, 278, N'Transferencia');
INSERT INTO [Compras] ([id_compra], [repuesto_id], [proveedor_id], [documento], [fecha_obtencion], [cantidad], [costo_unitario], [metodo_pago]) VALUES (73, 73, 73, N'FAC-DEMO-2026-0073', CONVERT(DATETIME2, '2026-05-23 09:00:00', 126), 5, 281.75, N'Efectivo');
INSERT INTO [Compras] ([id_compra], [repuesto_id], [proveedor_id], [documento], [fecha_obtencion], [cantidad], [costo_unitario], [metodo_pago]) VALUES (74, 74, 74, N'FAC-DEMO-2026-0074', CONVERT(DATETIME2, '2026-05-23 16:00:00', 126), 6, 285.5, N'Transferencia');
INSERT INTO [Compras] ([id_compra], [repuesto_id], [proveedor_id], [documento], [fecha_obtencion], [cantidad], [costo_unitario], [metodo_pago]) VALUES (75, 75, 75, N'FAC-DEMO-2026-0075', CONVERT(DATETIME2, '2026-05-23 23:00:00', 126), 7, 289.25, N'Tarjeta');
INSERT INTO [Compras] ([id_compra], [repuesto_id], [proveedor_id], [documento], [fecha_obtencion], [cantidad], [costo_unitario], [metodo_pago]) VALUES (76, 76, 76, N'FAC-DEMO-2026-0076', CONVERT(DATETIME2, '2026-05-24 06:00:00', 126), 8, 293, N'Transferencia');
INSERT INTO [Compras] ([id_compra], [repuesto_id], [proveedor_id], [documento], [fecha_obtencion], [cantidad], [costo_unitario], [metodo_pago]) VALUES (77, 77, 77, N'FAC-DEMO-2026-0077', CONVERT(DATETIME2, '2026-05-24 13:00:00', 126), 9, 296.75, N'Efectivo');
INSERT INTO [Compras] ([id_compra], [repuesto_id], [proveedor_id], [documento], [fecha_obtencion], [cantidad], [costo_unitario], [metodo_pago]) VALUES (78, 78, 78, N'FAC-DEMO-2026-0078', CONVERT(DATETIME2, '2026-05-24 20:00:00', 126), 10, 300.5, N'Transferencia');
INSERT INTO [Compras] ([id_compra], [repuesto_id], [proveedor_id], [documento], [fecha_obtencion], [cantidad], [costo_unitario], [metodo_pago]) VALUES (79, 79, 79, N'FAC-DEMO-2026-0079', CONVERT(DATETIME2, '2026-05-25 03:00:00', 126), 11, 304.25, N'Tarjeta');
INSERT INTO [Compras] ([id_compra], [repuesto_id], [proveedor_id], [documento], [fecha_obtencion], [cantidad], [costo_unitario], [metodo_pago]) VALUES (80, 80, 80, N'FAC-DEMO-2026-0080', CONVERT(DATETIME2, '2026-05-25 10:00:00', 126), 12, 308, N'Transferencia');
INSERT INTO [Compras] ([id_compra], [repuesto_id], [proveedor_id], [documento], [fecha_obtencion], [cantidad], [costo_unitario], [metodo_pago]) VALUES (81, 81, 81, N'FAC-DEMO-2026-0081', CONVERT(DATETIME2, '2026-05-25 17:00:00', 126), 4, 311.75, N'Efectivo');
INSERT INTO [Compras] ([id_compra], [repuesto_id], [proveedor_id], [documento], [fecha_obtencion], [cantidad], [costo_unitario], [metodo_pago]) VALUES (82, 82, 82, N'FAC-DEMO-2026-0082', CONVERT(DATETIME2, '2026-05-26 00:00:00', 126), 5, 315.5, N'Transferencia');
INSERT INTO [Compras] ([id_compra], [repuesto_id], [proveedor_id], [documento], [fecha_obtencion], [cantidad], [costo_unitario], [metodo_pago]) VALUES (83, 83, 83, N'FAC-DEMO-2026-0083', CONVERT(DATETIME2, '2026-05-26 07:00:00', 126), 6, 319.25, N'Tarjeta');
INSERT INTO [Compras] ([id_compra], [repuesto_id], [proveedor_id], [documento], [fecha_obtencion], [cantidad], [costo_unitario], [metodo_pago]) VALUES (84, 84, 84, N'FAC-DEMO-2026-0084', CONVERT(DATETIME2, '2026-05-26 14:00:00', 126), 7, 323, N'Transferencia');
INSERT INTO [Compras] ([id_compra], [repuesto_id], [proveedor_id], [documento], [fecha_obtencion], [cantidad], [costo_unitario], [metodo_pago]) VALUES (85, 85, 85, N'FAC-DEMO-2026-0085', CONVERT(DATETIME2, '2026-05-26 21:00:00', 126), 8, 326.75, N'Efectivo');
INSERT INTO [Compras] ([id_compra], [repuesto_id], [proveedor_id], [documento], [fecha_obtencion], [cantidad], [costo_unitario], [metodo_pago]) VALUES (86, 86, 86, N'FAC-DEMO-2026-0086', CONVERT(DATETIME2, '2026-05-27 04:00:00', 126), 9, 330.5, N'Transferencia');
INSERT INTO [Compras] ([id_compra], [repuesto_id], [proveedor_id], [documento], [fecha_obtencion], [cantidad], [costo_unitario], [metodo_pago]) VALUES (87, 87, 87, N'FAC-DEMO-2026-0087', CONVERT(DATETIME2, '2026-05-27 11:00:00', 126), 10, 334.25, N'Tarjeta');
INSERT INTO [Compras] ([id_compra], [repuesto_id], [proveedor_id], [documento], [fecha_obtencion], [cantidad], [costo_unitario], [metodo_pago]) VALUES (88, 88, 88, N'FAC-DEMO-2026-0088', CONVERT(DATETIME2, '2026-05-27 18:00:00', 126), 11, 338, N'Transferencia');
INSERT INTO [Compras] ([id_compra], [repuesto_id], [proveedor_id], [documento], [fecha_obtencion], [cantidad], [costo_unitario], [metodo_pago]) VALUES (89, 89, 89, N'FAC-DEMO-2026-0089', CONVERT(DATETIME2, '2026-05-28 01:00:00', 126), 12, 341.75, N'Efectivo');
INSERT INTO [Compras] ([id_compra], [repuesto_id], [proveedor_id], [documento], [fecha_obtencion], [cantidad], [costo_unitario], [metodo_pago]) VALUES (90, 90, 90, N'FAC-DEMO-2026-0090', CONVERT(DATETIME2, '2026-05-28 08:00:00', 126), 4, 345.5, N'Transferencia');
INSERT INTO [Compras] ([id_compra], [repuesto_id], [proveedor_id], [documento], [fecha_obtencion], [cantidad], [costo_unitario], [metodo_pago]) VALUES (91, 91, 91, N'FAC-DEMO-2026-0091', CONVERT(DATETIME2, '2026-05-28 15:00:00', 126), 5, 349.25, N'Tarjeta');
INSERT INTO [Compras] ([id_compra], [repuesto_id], [proveedor_id], [documento], [fecha_obtencion], [cantidad], [costo_unitario], [metodo_pago]) VALUES (92, 92, 92, N'FAC-DEMO-2026-0092', CONVERT(DATETIME2, '2026-05-28 22:00:00', 126), 6, 353, N'Transferencia');
INSERT INTO [Compras] ([id_compra], [repuesto_id], [proveedor_id], [documento], [fecha_obtencion], [cantidad], [costo_unitario], [metodo_pago]) VALUES (93, 93, 93, N'FAC-DEMO-2026-0093', CONVERT(DATETIME2, '2026-05-29 05:00:00', 126), 7, 356.75, N'Efectivo');
INSERT INTO [Compras] ([id_compra], [repuesto_id], [proveedor_id], [documento], [fecha_obtencion], [cantidad], [costo_unitario], [metodo_pago]) VALUES (94, 94, 94, N'FAC-DEMO-2026-0094', CONVERT(DATETIME2, '2026-05-29 12:00:00', 126), 8, 360.5, N'Transferencia');
INSERT INTO [Compras] ([id_compra], [repuesto_id], [proveedor_id], [documento], [fecha_obtencion], [cantidad], [costo_unitario], [metodo_pago]) VALUES (95, 95, 95, N'FAC-DEMO-2026-0095', CONVERT(DATETIME2, '2026-05-29 19:00:00', 126), 9, 364.25, N'Tarjeta');
INSERT INTO [Compras] ([id_compra], [repuesto_id], [proveedor_id], [documento], [fecha_obtencion], [cantidad], [costo_unitario], [metodo_pago]) VALUES (96, 96, 96, N'FAC-DEMO-2026-0096', CONVERT(DATETIME2, '2026-05-30 02:00:00', 126), 10, 368, N'Transferencia');
INSERT INTO [Compras] ([id_compra], [repuesto_id], [proveedor_id], [documento], [fecha_obtencion], [cantidad], [costo_unitario], [metodo_pago]) VALUES (97, 97, 97, N'FAC-DEMO-2026-0097', CONVERT(DATETIME2, '2026-05-30 09:00:00', 126), 11, 371.75, N'Efectivo');
INSERT INTO [Compras] ([id_compra], [repuesto_id], [proveedor_id], [documento], [fecha_obtencion], [cantidad], [costo_unitario], [metodo_pago]) VALUES (98, 98, 98, N'FAC-DEMO-2026-0098', CONVERT(DATETIME2, '2026-05-30 16:00:00', 126), 12, 375.5, N'Transferencia');
INSERT INTO [Compras] ([id_compra], [repuesto_id], [proveedor_id], [documento], [fecha_obtencion], [cantidad], [costo_unitario], [metodo_pago]) VALUES (99, 99, 99, N'FAC-DEMO-2026-0099', CONVERT(DATETIME2, '2026-05-30 23:00:00', 126), 4, 379.25, N'Tarjeta');
INSERT INTO [Compras] ([id_compra], [repuesto_id], [proveedor_id], [documento], [fecha_obtencion], [cantidad], [costo_unitario], [metodo_pago]) VALUES (100, 100, 100, N'FAC-DEMO-2026-0100', CONVERT(DATETIME2, '2026-05-31 06:00:00', 126), 5, 383, N'Transferencia');
INSERT INTO [Compras] ([id_compra], [repuesto_id], [proveedor_id], [documento], [fecha_obtencion], [cantidad], [costo_unitario], [metodo_pago]) VALUES (101, 101, 101, N'FAC-DEMO-2026-0101', CONVERT(DATETIME2, '2026-05-31 13:00:00', 126), 6, 386.75, N'Efectivo');
INSERT INTO [Compras] ([id_compra], [repuesto_id], [proveedor_id], [documento], [fecha_obtencion], [cantidad], [costo_unitario], [metodo_pago]) VALUES (102, 102, 102, N'FAC-DEMO-2026-0102', CONVERT(DATETIME2, '2026-05-31 20:00:00', 126), 7, 390.5, N'Transferencia');
INSERT INTO [Compras] ([id_compra], [repuesto_id], [proveedor_id], [documento], [fecha_obtencion], [cantidad], [costo_unitario], [metodo_pago]) VALUES (103, 103, 103, N'FAC-DEMO-2026-0103', CONVERT(DATETIME2, '2026-06-01 03:00:00', 126), 8, 394.25, N'Tarjeta');
INSERT INTO [Compras] ([id_compra], [repuesto_id], [proveedor_id], [documento], [fecha_obtencion], [cantidad], [costo_unitario], [metodo_pago]) VALUES (104, 104, 104, N'FAC-DEMO-2026-0104', CONVERT(DATETIME2, '2026-06-01 10:00:00', 126), 9, 398, N'Transferencia');
INSERT INTO [Compras] ([id_compra], [repuesto_id], [proveedor_id], [documento], [fecha_obtencion], [cantidad], [costo_unitario], [metodo_pago]) VALUES (105, 105, 105, N'FAC-DEMO-2026-0105', CONVERT(DATETIME2, '2026-06-01 17:00:00', 126), 10, 401.75, N'Efectivo');
INSERT INTO [Compras] ([id_compra], [repuesto_id], [proveedor_id], [documento], [fecha_obtencion], [cantidad], [costo_unitario], [metodo_pago]) VALUES (106, 106, 106, N'FAC-DEMO-2026-0106', CONVERT(DATETIME2, '2026-06-02 00:00:00', 126), 11, 405.5, N'Transferencia');
INSERT INTO [Compras] ([id_compra], [repuesto_id], [proveedor_id], [documento], [fecha_obtencion], [cantidad], [costo_unitario], [metodo_pago]) VALUES (107, 107, 107, N'FAC-DEMO-2026-0107', CONVERT(DATETIME2, '2026-06-02 07:00:00', 126), 12, 409.25, N'Tarjeta');
INSERT INTO [Compras] ([id_compra], [repuesto_id], [proveedor_id], [documento], [fecha_obtencion], [cantidad], [costo_unitario], [metodo_pago]) VALUES (108, 108, 108, N'FAC-DEMO-2026-0108', CONVERT(DATETIME2, '2026-06-02 14:00:00', 126), 4, 413, N'Transferencia');
INSERT INTO [Compras] ([id_compra], [repuesto_id], [proveedor_id], [documento], [fecha_obtencion], [cantidad], [costo_unitario], [metodo_pago]) VALUES (109, 109, 109, N'FAC-DEMO-2026-0109', CONVERT(DATETIME2, '2026-06-02 21:00:00', 126), 5, 416.75, N'Efectivo');
INSERT INTO [Compras] ([id_compra], [repuesto_id], [proveedor_id], [documento], [fecha_obtencion], [cantidad], [costo_unitario], [metodo_pago]) VALUES (110, 110, 110, N'FAC-DEMO-2026-0110', CONVERT(DATETIME2, '2026-06-03 04:00:00', 126), 6, 420.5, N'Transferencia');
INSERT INTO [Compras] ([id_compra], [repuesto_id], [proveedor_id], [documento], [fecha_obtencion], [cantidad], [costo_unitario], [metodo_pago]) VALUES (111, 111, 111, N'FAC-DEMO-2026-0111', CONVERT(DATETIME2, '2026-06-03 11:00:00', 126), 7, 424.25, N'Tarjeta');
INSERT INTO [Compras] ([id_compra], [repuesto_id], [proveedor_id], [documento], [fecha_obtencion], [cantidad], [costo_unitario], [metodo_pago]) VALUES (112, 112, 112, N'FAC-DEMO-2026-0112', CONVERT(DATETIME2, '2026-06-03 18:00:00', 126), 8, 428, N'Transferencia');
INSERT INTO [Compras] ([id_compra], [repuesto_id], [proveedor_id], [documento], [fecha_obtencion], [cantidad], [costo_unitario], [metodo_pago]) VALUES (113, 113, 113, N'FAC-DEMO-2026-0113', CONVERT(DATETIME2, '2026-06-04 01:00:00', 126), 9, 431.75, N'Efectivo');
INSERT INTO [Compras] ([id_compra], [repuesto_id], [proveedor_id], [documento], [fecha_obtencion], [cantidad], [costo_unitario], [metodo_pago]) VALUES (114, 114, 114, N'FAC-DEMO-2026-0114', CONVERT(DATETIME2, '2026-06-04 08:00:00', 126), 10, 435.5, N'Transferencia');
INSERT INTO [Compras] ([id_compra], [repuesto_id], [proveedor_id], [documento], [fecha_obtencion], [cantidad], [costo_unitario], [metodo_pago]) VALUES (115, 115, 115, N'FAC-DEMO-2026-0115', CONVERT(DATETIME2, '2026-06-04 15:00:00', 126), 11, 439.25, N'Tarjeta');
INSERT INTO [Compras] ([id_compra], [repuesto_id], [proveedor_id], [documento], [fecha_obtencion], [cantidad], [costo_unitario], [metodo_pago]) VALUES (116, 116, 116, N'FAC-DEMO-2026-0116', CONVERT(DATETIME2, '2026-06-04 22:00:00', 126), 12, 443, N'Transferencia');
INSERT INTO [Compras] ([id_compra], [repuesto_id], [proveedor_id], [documento], [fecha_obtencion], [cantidad], [costo_unitario], [metodo_pago]) VALUES (117, 117, 117, N'FAC-DEMO-2026-0117', CONVERT(DATETIME2, '2026-06-05 05:00:00', 126), 4, 446.75, N'Efectivo');
INSERT INTO [Compras] ([id_compra], [repuesto_id], [proveedor_id], [documento], [fecha_obtencion], [cantidad], [costo_unitario], [metodo_pago]) VALUES (118, 118, 118, N'FAC-DEMO-2026-0118', CONVERT(DATETIME2, '2026-06-05 12:00:00', 126), 5, 450.5, N'Transferencia');
INSERT INTO [Compras] ([id_compra], [repuesto_id], [proveedor_id], [documento], [fecha_obtencion], [cantidad], [costo_unitario], [metodo_pago]) VALUES (119, 119, 119, N'FAC-DEMO-2026-0119', CONVERT(DATETIME2, '2026-06-05 19:00:00', 126), 6, 454.25, N'Tarjeta');
INSERT INTO [Compras] ([id_compra], [repuesto_id], [proveedor_id], [documento], [fecha_obtencion], [cantidad], [costo_unitario], [metodo_pago]) VALUES (120, 120, 120, N'FAC-DEMO-2026-0120', CONVERT(DATETIME2, '2026-06-06 02:00:00', 126), 7, 458, N'Transferencia');
GO

-- Datos de Diagnosticos: 120 registros
INSERT INTO [Diagnosticos] ([id_diagnostico], [equipo_id], [tecnico_id], [falla_reportada], [diagnostico_real], [presupuesto_estimado], [prioridad], [fecha_hora], [fecha_asignacion], [estado_del_diagnostico], [Estado_aprobacion], [deja_cargador], [enciende], [usa_corriente_ac]) VALUES (1, 1, 1, N'Equipo no enciende despues de variacion electrica.', N'Fuente con salida inestable; requiere reemplazo.', 1135.75, N'Urgente', CONVERT(DATETIME2, '2026-05-05 08:00:00', 126), CONVERT(DATETIME2, '2026-05-05 09:00:00', 126), N'DIAGNOSTICADO', N'Aprobado', 0, 1, 1);
INSERT INTO [Diagnosticos] ([id_diagnostico], [equipo_id], [tecnico_id], [falla_reportada], [diagnostico_real], [presupuesto_estimado], [prioridad], [fecha_hora], [fecha_asignacion], [estado_del_diagnostico], [Estado_aprobacion], [deja_cargador], [enciende], [usa_corriente_ac]) VALUES (2, 2, 3, N'Arranca lento y presenta errores de disco.', N'Unidad de almacenamiento degradada; se recomienda cambio y migracion.', 1321.5, N'Alta', CONVERT(DATETIME2, '2026-05-05 13:00:00', 126), CONVERT(DATETIME2, '2026-05-05 14:00:00', 126), N'EN_REVISION', N'Pendiente', 1, 1, 1);
INSERT INTO [Diagnosticos] ([id_diagnostico], [equipo_id], [tecnico_id], [falla_reportada], [diagnostico_real], [presupuesto_estimado], [prioridad], [fecha_hora], [fecha_asignacion], [estado_del_diagnostico], [Estado_aprobacion], [deja_cargador], [enciende], [usa_corriente_ac]) VALUES (3, 3, 4, N'No carga y se apaga al mover el cable.', N'Puerto de carga con sulfato; requiere cambio de flex.', 1507.25, N'Normal', CONVERT(DATETIME2, '2026-05-05 18:00:00', 126), CONVERT(DATETIME2, '2026-05-05 19:00:00', 126), N'COMPLETADO', N'Rechazado', 0, 1, 0);
INSERT INTO [Diagnosticos] ([id_diagnostico], [equipo_id], [tecnico_id], [falla_reportada], [diagnostico_real], [presupuesto_estimado], [prioridad], [fecha_hora], [fecha_asignacion], [estado_del_diagnostico], [Estado_aprobacion], [deja_cargador], [enciende], [usa_corriente_ac]) VALUES (4, 4, 5, N'Pantalla quebrada sin respuesta tactil.', N'Modulo de pantalla danado; requiere sustitucion completa.', 1693, N'Normal', CONVERT(DATETIME2, '2026-05-05 23:00:00', 126), CONVERT(DATETIME2, '2026-05-06 00:00:00', 126), N'PENDIENTE', N'Pendiente', 1, 1, 1);
INSERT INTO [Diagnosticos] ([id_diagnostico], [equipo_id], [tecnico_id], [falla_reportada], [diagnostico_real], [presupuesto_estimado], [prioridad], [fecha_hora], [fecha_asignacion], [estado_del_diagnostico], [Estado_aprobacion], [deja_cargador], [enciende], [usa_corriente_ac]) VALUES (5, 5, 6, N'Se recalienta durante uso normal.', N'Sistema de enfriamiento obstruido; requiere limpieza y pasta termica.', 1878.75, N'Urgente', CONVERT(DATETIME2, '2026-05-06 04:00:00', 126), CONVERT(DATETIME2, '2026-05-06 05:00:00', 126), N'DIAGNOSTICADO', N'Aprobado', 0, 0, 1);
INSERT INTO [Diagnosticos] ([id_diagnostico], [equipo_id], [tecnico_id], [falla_reportada], [diagnostico_real], [presupuesto_estimado], [prioridad], [fecha_hora], [fecha_asignacion], [estado_del_diagnostico], [Estado_aprobacion], [deja_cargador], [enciende], [usa_corriente_ac]) VALUES (6, 6, 1, N'Imprime con manchas y atasco frecuente.', N'Rodillos y fusor desgastados; requiere kit de mantenimiento.', 2064.5, N'Alta', CONVERT(DATETIME2, '2026-05-06 09:00:00', 126), CONVERT(DATETIME2, '2026-05-06 10:00:00', 126), N'EN_REVISION', N'Pendiente', 1, 1, 0);
INSERT INTO [Diagnosticos] ([id_diagnostico], [equipo_id], [tecnico_id], [falla_reportada], [diagnostico_real], [presupuesto_estimado], [prioridad], [fecha_hora], [fecha_asignacion], [estado_del_diagnostico], [Estado_aprobacion], [deja_cargador], [enciende], [usa_corriente_ac]) VALUES (7, 7, 3, N'No da imagen por HDMI.', N'Tarjeta principal con falla en entrada de video.', 2250.25, N'Normal', CONVERT(DATETIME2, '2026-05-06 14:00:00', 126), CONVERT(DATETIME2, '2026-05-06 15:00:00', 126), N'COMPLETADO', N'Rechazado', 0, 1, 1);
INSERT INTO [Diagnosticos] ([id_diagnostico], [equipo_id], [tecnico_id], [falla_reportada], [diagnostico_real], [presupuesto_estimado], [prioridad], [fecha_hora], [fecha_asignacion], [estado_del_diagnostico], [Estado_aprobacion], [deja_cargador], [enciende], [usa_corriente_ac]) VALUES (8, 8, 4, N'Bateria dura menos de una hora.', N'Bateria degradada; no usar hasta reemplazo.', 2436, N'Normal', CONVERT(DATETIME2, '2026-05-06 19:00:00', 126), CONVERT(DATETIME2, '2026-05-06 20:00:00', 126), N'PENDIENTE', N'Pendiente', 1, 1, 1);
INSERT INTO [Diagnosticos] ([id_diagnostico], [equipo_id], [tecnico_id], [falla_reportada], [diagnostico_real], [presupuesto_estimado], [prioridad], [fecha_hora], [fecha_asignacion], [estado_del_diagnostico], [Estado_aprobacion], [deja_cargador], [enciende], [usa_corriente_ac]) VALUES (9, 9, 5, N'Teclado escribe caracteres repetidos.', N'Teclado con membrana defectuosa.', 2621.75, N'Urgente', CONVERT(DATETIME2, '2026-05-07 00:00:00', 126), CONVERT(DATETIME2, '2026-05-07 01:00:00', 126), N'DIAGNOSTICADO', N'Aprobado', 0, 1, 0);
INSERT INTO [Diagnosticos] ([id_diagnostico], [equipo_id], [tecnico_id], [falla_reportada], [diagnostico_real], [presupuesto_estimado], [prioridad], [fecha_hora], [fecha_asignacion], [estado_del_diagnostico], [Estado_aprobacion], [deja_cargador], [enciende], [usa_corriente_ac]) VALUES (10, 10, 6, N'Se reinicia al abrir aplicaciones pesadas.', N'Memoria RAM inestable bajo carga.', 2807.5, N'Alta', CONVERT(DATETIME2, '2026-05-07 05:00:00', 126), CONVERT(DATETIME2, '2026-05-07 06:00:00', 126), N'EN_REVISION', N'Pendiente', 1, 0, 1);
INSERT INTO [Diagnosticos] ([id_diagnostico], [equipo_id], [tecnico_id], [falla_reportada], [diagnostico_real], [presupuesto_estimado], [prioridad], [fecha_hora], [fecha_asignacion], [estado_del_diagnostico], [Estado_aprobacion], [deja_cargador], [enciende], [usa_corriente_ac]) VALUES (11, 11, 1, N'Equipo no enciende despues de variacion electrica.', N'Fuente con salida inestable; requiere reemplazo.', 2993.25, N'Normal', CONVERT(DATETIME2, '2026-05-07 10:00:00', 126), CONVERT(DATETIME2, '2026-05-07 11:00:00', 126), N'COMPLETADO', N'Rechazado', 0, 1, 1);
INSERT INTO [Diagnosticos] ([id_diagnostico], [equipo_id], [tecnico_id], [falla_reportada], [diagnostico_real], [presupuesto_estimado], [prioridad], [fecha_hora], [fecha_asignacion], [estado_del_diagnostico], [Estado_aprobacion], [deja_cargador], [enciende], [usa_corriente_ac]) VALUES (12, 12, 3, N'Arranca lento y presenta errores de disco.', N'Unidad de almacenamiento degradada; se recomienda cambio y migracion.', 3179, N'Normal', CONVERT(DATETIME2, '2026-05-07 15:00:00', 126), CONVERT(DATETIME2, '2026-05-07 16:00:00', 126), N'PENDIENTE', N'Pendiente', 1, 1, 0);
INSERT INTO [Diagnosticos] ([id_diagnostico], [equipo_id], [tecnico_id], [falla_reportada], [diagnostico_real], [presupuesto_estimado], [prioridad], [fecha_hora], [fecha_asignacion], [estado_del_diagnostico], [Estado_aprobacion], [deja_cargador], [enciende], [usa_corriente_ac]) VALUES (13, 13, 4, N'No carga y se apaga al mover el cable.', N'Puerto de carga con sulfato; requiere cambio de flex.', 3364.75, N'Urgente', CONVERT(DATETIME2, '2026-05-07 20:00:00', 126), CONVERT(DATETIME2, '2026-05-07 21:00:00', 126), N'DIAGNOSTICADO', N'Aprobado', 0, 1, 1);
INSERT INTO [Diagnosticos] ([id_diagnostico], [equipo_id], [tecnico_id], [falla_reportada], [diagnostico_real], [presupuesto_estimado], [prioridad], [fecha_hora], [fecha_asignacion], [estado_del_diagnostico], [Estado_aprobacion], [deja_cargador], [enciende], [usa_corriente_ac]) VALUES (14, 14, 5, N'Pantalla quebrada sin respuesta tactil.', N'Modulo de pantalla danado; requiere sustitucion completa.', 3550.5, N'Alta', CONVERT(DATETIME2, '2026-05-08 01:00:00', 126), CONVERT(DATETIME2, '2026-05-08 02:00:00', 126), N'EN_REVISION', N'Pendiente', 1, 1, 1);
INSERT INTO [Diagnosticos] ([id_diagnostico], [equipo_id], [tecnico_id], [falla_reportada], [diagnostico_real], [presupuesto_estimado], [prioridad], [fecha_hora], [fecha_asignacion], [estado_del_diagnostico], [Estado_aprobacion], [deja_cargador], [enciende], [usa_corriente_ac]) VALUES (15, 15, 6, N'Se recalienta durante uso normal.', N'Sistema de enfriamiento obstruido; requiere limpieza y pasta termica.', 3736.25, N'Normal', CONVERT(DATETIME2, '2026-05-08 06:00:00', 126), CONVERT(DATETIME2, '2026-05-08 07:00:00', 126), N'COMPLETADO', N'Rechazado', 0, 0, 0);
INSERT INTO [Diagnosticos] ([id_diagnostico], [equipo_id], [tecnico_id], [falla_reportada], [diagnostico_real], [presupuesto_estimado], [prioridad], [fecha_hora], [fecha_asignacion], [estado_del_diagnostico], [Estado_aprobacion], [deja_cargador], [enciende], [usa_corriente_ac]) VALUES (16, 16, 1, N'Imprime con manchas y atasco frecuente.', N'Rodillos y fusor desgastados; requiere kit de mantenimiento.', 3922, N'Normal', CONVERT(DATETIME2, '2026-05-08 11:00:00', 126), CONVERT(DATETIME2, '2026-05-08 12:00:00', 126), N'PENDIENTE', N'Pendiente', 1, 1, 1);
INSERT INTO [Diagnosticos] ([id_diagnostico], [equipo_id], [tecnico_id], [falla_reportada], [diagnostico_real], [presupuesto_estimado], [prioridad], [fecha_hora], [fecha_asignacion], [estado_del_diagnostico], [Estado_aprobacion], [deja_cargador], [enciende], [usa_corriente_ac]) VALUES (17, 17, 3, N'No da imagen por HDMI.', N'Tarjeta principal con falla en entrada de video.', 4107.75, N'Urgente', CONVERT(DATETIME2, '2026-05-08 16:00:00', 126), CONVERT(DATETIME2, '2026-05-08 17:00:00', 126), N'DIAGNOSTICADO', N'Aprobado', 0, 1, 1);
INSERT INTO [Diagnosticos] ([id_diagnostico], [equipo_id], [tecnico_id], [falla_reportada], [diagnostico_real], [presupuesto_estimado], [prioridad], [fecha_hora], [fecha_asignacion], [estado_del_diagnostico], [Estado_aprobacion], [deja_cargador], [enciende], [usa_corriente_ac]) VALUES (18, 18, 4, N'Bateria dura menos de una hora.', N'Bateria degradada; no usar hasta reemplazo.', 4293.5, N'Alta', CONVERT(DATETIME2, '2026-05-08 21:00:00', 126), CONVERT(DATETIME2, '2026-05-08 22:00:00', 126), N'EN_REVISION', N'Pendiente', 1, 1, 0);
INSERT INTO [Diagnosticos] ([id_diagnostico], [equipo_id], [tecnico_id], [falla_reportada], [diagnostico_real], [presupuesto_estimado], [prioridad], [fecha_hora], [fecha_asignacion], [estado_del_diagnostico], [Estado_aprobacion], [deja_cargador], [enciende], [usa_corriente_ac]) VALUES (19, 19, 5, N'Teclado escribe caracteres repetidos.', N'Teclado con membrana defectuosa.', 4479.25, N'Normal', CONVERT(DATETIME2, '2026-05-09 02:00:00', 126), CONVERT(DATETIME2, '2026-05-09 03:00:00', 126), N'COMPLETADO', N'Rechazado', 0, 1, 1);
INSERT INTO [Diagnosticos] ([id_diagnostico], [equipo_id], [tecnico_id], [falla_reportada], [diagnostico_real], [presupuesto_estimado], [prioridad], [fecha_hora], [fecha_asignacion], [estado_del_diagnostico], [Estado_aprobacion], [deja_cargador], [enciende], [usa_corriente_ac]) VALUES (20, 20, 6, N'Se reinicia al abrir aplicaciones pesadas.', N'Memoria RAM inestable bajo carga.', 4665, N'Normal', CONVERT(DATETIME2, '2026-05-09 07:00:00', 126), CONVERT(DATETIME2, '2026-05-09 08:00:00', 126), N'PENDIENTE', N'Pendiente', 1, 0, 1);
INSERT INTO [Diagnosticos] ([id_diagnostico], [equipo_id], [tecnico_id], [falla_reportada], [diagnostico_real], [presupuesto_estimado], [prioridad], [fecha_hora], [fecha_asignacion], [estado_del_diagnostico], [Estado_aprobacion], [deja_cargador], [enciende], [usa_corriente_ac]) VALUES (21, 21, 1, N'Equipo no enciende despues de variacion electrica.', N'Fuente con salida inestable; requiere reemplazo.', 4850.75, N'Urgente', CONVERT(DATETIME2, '2026-05-09 12:00:00', 126), CONVERT(DATETIME2, '2026-05-09 13:00:00', 126), N'DIAGNOSTICADO', N'Aprobado', 0, 1, 0);
INSERT INTO [Diagnosticos] ([id_diagnostico], [equipo_id], [tecnico_id], [falla_reportada], [diagnostico_real], [presupuesto_estimado], [prioridad], [fecha_hora], [fecha_asignacion], [estado_del_diagnostico], [Estado_aprobacion], [deja_cargador], [enciende], [usa_corriente_ac]) VALUES (22, 22, 3, N'Arranca lento y presenta errores de disco.', N'Unidad de almacenamiento degradada; se recomienda cambio y migracion.', 5036.5, N'Alta', CONVERT(DATETIME2, '2026-05-09 17:00:00', 126), CONVERT(DATETIME2, '2026-05-09 18:00:00', 126), N'EN_REVISION', N'Pendiente', 1, 1, 1);
INSERT INTO [Diagnosticos] ([id_diagnostico], [equipo_id], [tecnico_id], [falla_reportada], [diagnostico_real], [presupuesto_estimado], [prioridad], [fecha_hora], [fecha_asignacion], [estado_del_diagnostico], [Estado_aprobacion], [deja_cargador], [enciende], [usa_corriente_ac]) VALUES (23, 23, 4, N'No carga y se apaga al mover el cable.', N'Puerto de carga con sulfato; requiere cambio de flex.', 5222.25, N'Normal', CONVERT(DATETIME2, '2026-05-09 22:00:00', 126), CONVERT(DATETIME2, '2026-05-09 23:00:00', 126), N'COMPLETADO', N'Rechazado', 0, 1, 1);
INSERT INTO [Diagnosticos] ([id_diagnostico], [equipo_id], [tecnico_id], [falla_reportada], [diagnostico_real], [presupuesto_estimado], [prioridad], [fecha_hora], [fecha_asignacion], [estado_del_diagnostico], [Estado_aprobacion], [deja_cargador], [enciende], [usa_corriente_ac]) VALUES (24, 24, 5, N'Pantalla quebrada sin respuesta tactil.', N'Modulo de pantalla danado; requiere sustitucion completa.', 5408, N'Normal', CONVERT(DATETIME2, '2026-05-10 03:00:00', 126), CONVERT(DATETIME2, '2026-05-10 04:00:00', 126), N'PENDIENTE', N'Pendiente', 1, 1, 0);
INSERT INTO [Diagnosticos] ([id_diagnostico], [equipo_id], [tecnico_id], [falla_reportada], [diagnostico_real], [presupuesto_estimado], [prioridad], [fecha_hora], [fecha_asignacion], [estado_del_diagnostico], [Estado_aprobacion], [deja_cargador], [enciende], [usa_corriente_ac]) VALUES (25, 25, 6, N'Se recalienta durante uso normal.', N'Sistema de enfriamiento obstruido; requiere limpieza y pasta termica.', 5593.75, N'Urgente', CONVERT(DATETIME2, '2026-05-10 08:00:00', 126), CONVERT(DATETIME2, '2026-05-10 09:00:00', 126), N'DIAGNOSTICADO', N'Aprobado', 0, 0, 1);
INSERT INTO [Diagnosticos] ([id_diagnostico], [equipo_id], [tecnico_id], [falla_reportada], [diagnostico_real], [presupuesto_estimado], [prioridad], [fecha_hora], [fecha_asignacion], [estado_del_diagnostico], [Estado_aprobacion], [deja_cargador], [enciende], [usa_corriente_ac]) VALUES (26, 26, 1, N'Imprime con manchas y atasco frecuente.', N'Rodillos y fusor desgastados; requiere kit de mantenimiento.', 5779.5, N'Alta', CONVERT(DATETIME2, '2026-05-10 13:00:00', 126), CONVERT(DATETIME2, '2026-05-10 14:00:00', 126), N'EN_REVISION', N'Pendiente', 1, 1, 1);
INSERT INTO [Diagnosticos] ([id_diagnostico], [equipo_id], [tecnico_id], [falla_reportada], [diagnostico_real], [presupuesto_estimado], [prioridad], [fecha_hora], [fecha_asignacion], [estado_del_diagnostico], [Estado_aprobacion], [deja_cargador], [enciende], [usa_corriente_ac]) VALUES (27, 27, 3, N'No da imagen por HDMI.', N'Tarjeta principal con falla en entrada de video.', 5965.25, N'Normal', CONVERT(DATETIME2, '2026-05-10 18:00:00', 126), CONVERT(DATETIME2, '2026-05-10 19:00:00', 126), N'COMPLETADO', N'Rechazado', 0, 1, 0);
INSERT INTO [Diagnosticos] ([id_diagnostico], [equipo_id], [tecnico_id], [falla_reportada], [diagnostico_real], [presupuesto_estimado], [prioridad], [fecha_hora], [fecha_asignacion], [estado_del_diagnostico], [Estado_aprobacion], [deja_cargador], [enciende], [usa_corriente_ac]) VALUES (28, 28, 4, N'Bateria dura menos de una hora.', N'Bateria degradada; no usar hasta reemplazo.', 6151, N'Normal', CONVERT(DATETIME2, '2026-05-10 23:00:00', 126), CONVERT(DATETIME2, '2026-05-11 00:00:00', 126), N'PENDIENTE', N'Pendiente', 1, 1, 1);
INSERT INTO [Diagnosticos] ([id_diagnostico], [equipo_id], [tecnico_id], [falla_reportada], [diagnostico_real], [presupuesto_estimado], [prioridad], [fecha_hora], [fecha_asignacion], [estado_del_diagnostico], [Estado_aprobacion], [deja_cargador], [enciende], [usa_corriente_ac]) VALUES (29, 29, 5, N'Teclado escribe caracteres repetidos.', N'Teclado con membrana defectuosa.', 6336.75, N'Urgente', CONVERT(DATETIME2, '2026-05-11 04:00:00', 126), CONVERT(DATETIME2, '2026-05-11 05:00:00', 126), N'DIAGNOSTICADO', N'Aprobado', 0, 1, 1);
INSERT INTO [Diagnosticos] ([id_diagnostico], [equipo_id], [tecnico_id], [falla_reportada], [diagnostico_real], [presupuesto_estimado], [prioridad], [fecha_hora], [fecha_asignacion], [estado_del_diagnostico], [Estado_aprobacion], [deja_cargador], [enciende], [usa_corriente_ac]) VALUES (30, 30, 6, N'Se reinicia al abrir aplicaciones pesadas.', N'Memoria RAM inestable bajo carga.', 6522.5, N'Alta', CONVERT(DATETIME2, '2026-05-11 09:00:00', 126), CONVERT(DATETIME2, '2026-05-11 10:00:00', 126), N'EN_REVISION', N'Pendiente', 1, 0, 0);
INSERT INTO [Diagnosticos] ([id_diagnostico], [equipo_id], [tecnico_id], [falla_reportada], [diagnostico_real], [presupuesto_estimado], [prioridad], [fecha_hora], [fecha_asignacion], [estado_del_diagnostico], [Estado_aprobacion], [deja_cargador], [enciende], [usa_corriente_ac]) VALUES (31, 31, 1, N'Equipo no enciende despues de variacion electrica.', N'Fuente con salida inestable; requiere reemplazo.', 6708.25, N'Normal', CONVERT(DATETIME2, '2026-05-11 14:00:00', 126), CONVERT(DATETIME2, '2026-05-11 15:00:00', 126), N'COMPLETADO', N'Rechazado', 0, 1, 1);
INSERT INTO [Diagnosticos] ([id_diagnostico], [equipo_id], [tecnico_id], [falla_reportada], [diagnostico_real], [presupuesto_estimado], [prioridad], [fecha_hora], [fecha_asignacion], [estado_del_diagnostico], [Estado_aprobacion], [deja_cargador], [enciende], [usa_corriente_ac]) VALUES (32, 32, 3, N'Arranca lento y presenta errores de disco.', N'Unidad de almacenamiento degradada; se recomienda cambio y migracion.', 6894, N'Normal', CONVERT(DATETIME2, '2026-05-11 19:00:00', 126), CONVERT(DATETIME2, '2026-05-11 20:00:00', 126), N'PENDIENTE', N'Pendiente', 1, 1, 1);
INSERT INTO [Diagnosticos] ([id_diagnostico], [equipo_id], [tecnico_id], [falla_reportada], [diagnostico_real], [presupuesto_estimado], [prioridad], [fecha_hora], [fecha_asignacion], [estado_del_diagnostico], [Estado_aprobacion], [deja_cargador], [enciende], [usa_corriente_ac]) VALUES (33, 33, 4, N'No carga y se apaga al mover el cable.', N'Puerto de carga con sulfato; requiere cambio de flex.', 7079.75, N'Urgente', CONVERT(DATETIME2, '2026-05-12 00:00:00', 126), CONVERT(DATETIME2, '2026-05-12 01:00:00', 126), N'DIAGNOSTICADO', N'Aprobado', 0, 1, 0);
INSERT INTO [Diagnosticos] ([id_diagnostico], [equipo_id], [tecnico_id], [falla_reportada], [diagnostico_real], [presupuesto_estimado], [prioridad], [fecha_hora], [fecha_asignacion], [estado_del_diagnostico], [Estado_aprobacion], [deja_cargador], [enciende], [usa_corriente_ac]) VALUES (34, 34, 5, N'Pantalla quebrada sin respuesta tactil.', N'Modulo de pantalla danado; requiere sustitucion completa.', 7265.5, N'Alta', CONVERT(DATETIME2, '2026-05-12 05:00:00', 126), CONVERT(DATETIME2, '2026-05-12 06:00:00', 126), N'EN_REVISION', N'Pendiente', 1, 1, 1);
INSERT INTO [Diagnosticos] ([id_diagnostico], [equipo_id], [tecnico_id], [falla_reportada], [diagnostico_real], [presupuesto_estimado], [prioridad], [fecha_hora], [fecha_asignacion], [estado_del_diagnostico], [Estado_aprobacion], [deja_cargador], [enciende], [usa_corriente_ac]) VALUES (35, 35, 6, N'Se recalienta durante uso normal.', N'Sistema de enfriamiento obstruido; requiere limpieza y pasta termica.', 7451.25, N'Normal', CONVERT(DATETIME2, '2026-05-12 10:00:00', 126), CONVERT(DATETIME2, '2026-05-12 11:00:00', 126), N'COMPLETADO', N'Rechazado', 0, 0, 1);
INSERT INTO [Diagnosticos] ([id_diagnostico], [equipo_id], [tecnico_id], [falla_reportada], [diagnostico_real], [presupuesto_estimado], [prioridad], [fecha_hora], [fecha_asignacion], [estado_del_diagnostico], [Estado_aprobacion], [deja_cargador], [enciende], [usa_corriente_ac]) VALUES (36, 36, 1, N'Imprime con manchas y atasco frecuente.', N'Rodillos y fusor desgastados; requiere kit de mantenimiento.', 7637, N'Normal', CONVERT(DATETIME2, '2026-05-12 15:00:00', 126), CONVERT(DATETIME2, '2026-05-12 16:00:00', 126), N'PENDIENTE', N'Pendiente', 1, 1, 0);
INSERT INTO [Diagnosticos] ([id_diagnostico], [equipo_id], [tecnico_id], [falla_reportada], [diagnostico_real], [presupuesto_estimado], [prioridad], [fecha_hora], [fecha_asignacion], [estado_del_diagnostico], [Estado_aprobacion], [deja_cargador], [enciende], [usa_corriente_ac]) VALUES (37, 37, 3, N'No da imagen por HDMI.', N'Tarjeta principal con falla en entrada de video.', 7822.75, N'Urgente', CONVERT(DATETIME2, '2026-05-12 20:00:00', 126), CONVERT(DATETIME2, '2026-05-12 21:00:00', 126), N'DIAGNOSTICADO', N'Aprobado', 0, 1, 1);
INSERT INTO [Diagnosticos] ([id_diagnostico], [equipo_id], [tecnico_id], [falla_reportada], [diagnostico_real], [presupuesto_estimado], [prioridad], [fecha_hora], [fecha_asignacion], [estado_del_diagnostico], [Estado_aprobacion], [deja_cargador], [enciende], [usa_corriente_ac]) VALUES (38, 38, 4, N'Bateria dura menos de una hora.', N'Bateria degradada; no usar hasta reemplazo.', 8008.5, N'Alta', CONVERT(DATETIME2, '2026-05-13 01:00:00', 126), CONVERT(DATETIME2, '2026-05-13 02:00:00', 126), N'EN_REVISION', N'Pendiente', 1, 1, 1);
INSERT INTO [Diagnosticos] ([id_diagnostico], [equipo_id], [tecnico_id], [falla_reportada], [diagnostico_real], [presupuesto_estimado], [prioridad], [fecha_hora], [fecha_asignacion], [estado_del_diagnostico], [Estado_aprobacion], [deja_cargador], [enciende], [usa_corriente_ac]) VALUES (39, 39, 5, N'Teclado escribe caracteres repetidos.', N'Teclado con membrana defectuosa.', 8194.25, N'Normal', CONVERT(DATETIME2, '2026-05-13 06:00:00', 126), CONVERT(DATETIME2, '2026-05-13 07:00:00', 126), N'COMPLETADO', N'Rechazado', 0, 1, 0);
INSERT INTO [Diagnosticos] ([id_diagnostico], [equipo_id], [tecnico_id], [falla_reportada], [diagnostico_real], [presupuesto_estimado], [prioridad], [fecha_hora], [fecha_asignacion], [estado_del_diagnostico], [Estado_aprobacion], [deja_cargador], [enciende], [usa_corriente_ac]) VALUES (40, 40, 6, N'Se reinicia al abrir aplicaciones pesadas.', N'Memoria RAM inestable bajo carga.', 8380, N'Normal', CONVERT(DATETIME2, '2026-05-13 11:00:00', 126), CONVERT(DATETIME2, '2026-05-13 12:00:00', 126), N'PENDIENTE', N'Pendiente', 1, 0, 1);
INSERT INTO [Diagnosticos] ([id_diagnostico], [equipo_id], [tecnico_id], [falla_reportada], [diagnostico_real], [presupuesto_estimado], [prioridad], [fecha_hora], [fecha_asignacion], [estado_del_diagnostico], [Estado_aprobacion], [deja_cargador], [enciende], [usa_corriente_ac]) VALUES (41, 41, 1, N'Equipo no enciende despues de variacion electrica.', N'Fuente con salida inestable; requiere reemplazo.', 8565.75, N'Urgente', CONVERT(DATETIME2, '2026-05-13 16:00:00', 126), CONVERT(DATETIME2, '2026-05-13 17:00:00', 126), N'DIAGNOSTICADO', N'Aprobado', 0, 1, 1);
INSERT INTO [Diagnosticos] ([id_diagnostico], [equipo_id], [tecnico_id], [falla_reportada], [diagnostico_real], [presupuesto_estimado], [prioridad], [fecha_hora], [fecha_asignacion], [estado_del_diagnostico], [Estado_aprobacion], [deja_cargador], [enciende], [usa_corriente_ac]) VALUES (42, 42, 3, N'Arranca lento y presenta errores de disco.', N'Unidad de almacenamiento degradada; se recomienda cambio y migracion.', 8751.5, N'Alta', CONVERT(DATETIME2, '2026-05-13 21:00:00', 126), CONVERT(DATETIME2, '2026-05-13 22:00:00', 126), N'EN_REVISION', N'Pendiente', 1, 1, 0);
INSERT INTO [Diagnosticos] ([id_diagnostico], [equipo_id], [tecnico_id], [falla_reportada], [diagnostico_real], [presupuesto_estimado], [prioridad], [fecha_hora], [fecha_asignacion], [estado_del_diagnostico], [Estado_aprobacion], [deja_cargador], [enciende], [usa_corriente_ac]) VALUES (43, 43, 4, N'No carga y se apaga al mover el cable.', N'Puerto de carga con sulfato; requiere cambio de flex.', 8937.25, N'Normal', CONVERT(DATETIME2, '2026-05-14 02:00:00', 126), CONVERT(DATETIME2, '2026-05-14 03:00:00', 126), N'COMPLETADO', N'Rechazado', 0, 1, 1);
INSERT INTO [Diagnosticos] ([id_diagnostico], [equipo_id], [tecnico_id], [falla_reportada], [diagnostico_real], [presupuesto_estimado], [prioridad], [fecha_hora], [fecha_asignacion], [estado_del_diagnostico], [Estado_aprobacion], [deja_cargador], [enciende], [usa_corriente_ac]) VALUES (44, 44, 5, N'Pantalla quebrada sin respuesta tactil.', N'Modulo de pantalla danado; requiere sustitucion completa.', 9123, N'Normal', CONVERT(DATETIME2, '2026-05-14 07:00:00', 126), CONVERT(DATETIME2, '2026-05-14 08:00:00', 126), N'PENDIENTE', N'Pendiente', 1, 1, 1);
INSERT INTO [Diagnosticos] ([id_diagnostico], [equipo_id], [tecnico_id], [falla_reportada], [diagnostico_real], [presupuesto_estimado], [prioridad], [fecha_hora], [fecha_asignacion], [estado_del_diagnostico], [Estado_aprobacion], [deja_cargador], [enciende], [usa_corriente_ac]) VALUES (45, 45, 6, N'Se recalienta durante uso normal.', N'Sistema de enfriamiento obstruido; requiere limpieza y pasta termica.', 9308.75, N'Urgente', CONVERT(DATETIME2, '2026-05-14 12:00:00', 126), CONVERT(DATETIME2, '2026-05-14 13:00:00', 126), N'DIAGNOSTICADO', N'Aprobado', 0, 0, 0);
INSERT INTO [Diagnosticos] ([id_diagnostico], [equipo_id], [tecnico_id], [falla_reportada], [diagnostico_real], [presupuesto_estimado], [prioridad], [fecha_hora], [fecha_asignacion], [estado_del_diagnostico], [Estado_aprobacion], [deja_cargador], [enciende], [usa_corriente_ac]) VALUES (46, 46, 1, N'Imprime con manchas y atasco frecuente.', N'Rodillos y fusor desgastados; requiere kit de mantenimiento.', 9494.5, N'Alta', CONVERT(DATETIME2, '2026-05-14 17:00:00', 126), CONVERT(DATETIME2, '2026-05-14 18:00:00', 126), N'EN_REVISION', N'Pendiente', 1, 1, 1);
INSERT INTO [Diagnosticos] ([id_diagnostico], [equipo_id], [tecnico_id], [falla_reportada], [diagnostico_real], [presupuesto_estimado], [prioridad], [fecha_hora], [fecha_asignacion], [estado_del_diagnostico], [Estado_aprobacion], [deja_cargador], [enciende], [usa_corriente_ac]) VALUES (47, 47, 3, N'No da imagen por HDMI.', N'Tarjeta principal con falla en entrada de video.', 9680.25, N'Normal', CONVERT(DATETIME2, '2026-05-14 22:00:00', 126), CONVERT(DATETIME2, '2026-05-14 23:00:00', 126), N'COMPLETADO', N'Rechazado', 0, 1, 1);
INSERT INTO [Diagnosticos] ([id_diagnostico], [equipo_id], [tecnico_id], [falla_reportada], [diagnostico_real], [presupuesto_estimado], [prioridad], [fecha_hora], [fecha_asignacion], [estado_del_diagnostico], [Estado_aprobacion], [deja_cargador], [enciende], [usa_corriente_ac]) VALUES (48, 48, 4, N'Bateria dura menos de una hora.', N'Bateria degradada; no usar hasta reemplazo.', 9866, N'Normal', CONVERT(DATETIME2, '2026-05-15 03:00:00', 126), CONVERT(DATETIME2, '2026-05-15 04:00:00', 126), N'PENDIENTE', N'Pendiente', 1, 1, 0);
INSERT INTO [Diagnosticos] ([id_diagnostico], [equipo_id], [tecnico_id], [falla_reportada], [diagnostico_real], [presupuesto_estimado], [prioridad], [fecha_hora], [fecha_asignacion], [estado_del_diagnostico], [Estado_aprobacion], [deja_cargador], [enciende], [usa_corriente_ac]) VALUES (49, 49, 5, N'Teclado escribe caracteres repetidos.', N'Teclado con membrana defectuosa.', 10051.75, N'Urgente', CONVERT(DATETIME2, '2026-05-15 08:00:00', 126), CONVERT(DATETIME2, '2026-05-15 09:00:00', 126), N'DIAGNOSTICADO', N'Aprobado', 0, 1, 1);
INSERT INTO [Diagnosticos] ([id_diagnostico], [equipo_id], [tecnico_id], [falla_reportada], [diagnostico_real], [presupuesto_estimado], [prioridad], [fecha_hora], [fecha_asignacion], [estado_del_diagnostico], [Estado_aprobacion], [deja_cargador], [enciende], [usa_corriente_ac]) VALUES (50, 50, 6, N'Se reinicia al abrir aplicaciones pesadas.', N'Memoria RAM inestable bajo carga.', 10237.5, N'Alta', CONVERT(DATETIME2, '2026-05-15 13:00:00', 126), CONVERT(DATETIME2, '2026-05-15 14:00:00', 126), N'EN_REVISION', N'Pendiente', 1, 0, 1);
INSERT INTO [Diagnosticos] ([id_diagnostico], [equipo_id], [tecnico_id], [falla_reportada], [diagnostico_real], [presupuesto_estimado], [prioridad], [fecha_hora], [fecha_asignacion], [estado_del_diagnostico], [Estado_aprobacion], [deja_cargador], [enciende], [usa_corriente_ac]) VALUES (51, 51, 1, N'Equipo no enciende despues de variacion electrica.', N'Fuente con salida inestable; requiere reemplazo.', 10423.25, N'Normal', CONVERT(DATETIME2, '2026-05-15 18:00:00', 126), CONVERT(DATETIME2, '2026-05-15 19:00:00', 126), N'COMPLETADO', N'Rechazado', 0, 1, 0);
INSERT INTO [Diagnosticos] ([id_diagnostico], [equipo_id], [tecnico_id], [falla_reportada], [diagnostico_real], [presupuesto_estimado], [prioridad], [fecha_hora], [fecha_asignacion], [estado_del_diagnostico], [Estado_aprobacion], [deja_cargador], [enciende], [usa_corriente_ac]) VALUES (52, 52, 3, N'Arranca lento y presenta errores de disco.', N'Unidad de almacenamiento degradada; se recomienda cambio y migracion.', 10609, N'Normal', CONVERT(DATETIME2, '2026-05-15 23:00:00', 126), CONVERT(DATETIME2, '2026-05-16 00:00:00', 126), N'PENDIENTE', N'Pendiente', 1, 1, 1);
INSERT INTO [Diagnosticos] ([id_diagnostico], [equipo_id], [tecnico_id], [falla_reportada], [diagnostico_real], [presupuesto_estimado], [prioridad], [fecha_hora], [fecha_asignacion], [estado_del_diagnostico], [Estado_aprobacion], [deja_cargador], [enciende], [usa_corriente_ac]) VALUES (53, 53, 4, N'No carga y se apaga al mover el cable.', N'Puerto de carga con sulfato; requiere cambio de flex.', 10794.75, N'Urgente', CONVERT(DATETIME2, '2026-05-16 04:00:00', 126), CONVERT(DATETIME2, '2026-05-16 05:00:00', 126), N'DIAGNOSTICADO', N'Aprobado', 0, 1, 1);
INSERT INTO [Diagnosticos] ([id_diagnostico], [equipo_id], [tecnico_id], [falla_reportada], [diagnostico_real], [presupuesto_estimado], [prioridad], [fecha_hora], [fecha_asignacion], [estado_del_diagnostico], [Estado_aprobacion], [deja_cargador], [enciende], [usa_corriente_ac]) VALUES (54, 54, 5, N'Pantalla quebrada sin respuesta tactil.', N'Modulo de pantalla danado; requiere sustitucion completa.', 10980.5, N'Alta', CONVERT(DATETIME2, '2026-05-16 09:00:00', 126), CONVERT(DATETIME2, '2026-05-16 10:00:00', 126), N'EN_REVISION', N'Pendiente', 1, 1, 0);
INSERT INTO [Diagnosticos] ([id_diagnostico], [equipo_id], [tecnico_id], [falla_reportada], [diagnostico_real], [presupuesto_estimado], [prioridad], [fecha_hora], [fecha_asignacion], [estado_del_diagnostico], [Estado_aprobacion], [deja_cargador], [enciende], [usa_corriente_ac]) VALUES (55, 55, 6, N'Se recalienta durante uso normal.', N'Sistema de enfriamiento obstruido; requiere limpieza y pasta termica.', 11166.25, N'Normal', CONVERT(DATETIME2, '2026-05-16 14:00:00', 126), CONVERT(DATETIME2, '2026-05-16 15:00:00', 126), N'COMPLETADO', N'Rechazado', 0, 0, 1);
INSERT INTO [Diagnosticos] ([id_diagnostico], [equipo_id], [tecnico_id], [falla_reportada], [diagnostico_real], [presupuesto_estimado], [prioridad], [fecha_hora], [fecha_asignacion], [estado_del_diagnostico], [Estado_aprobacion], [deja_cargador], [enciende], [usa_corriente_ac]) VALUES (56, 56, 1, N'Imprime con manchas y atasco frecuente.', N'Rodillos y fusor desgastados; requiere kit de mantenimiento.', 11352, N'Normal', CONVERT(DATETIME2, '2026-05-16 19:00:00', 126), CONVERT(DATETIME2, '2026-05-16 20:00:00', 126), N'PENDIENTE', N'Pendiente', 1, 1, 1);
INSERT INTO [Diagnosticos] ([id_diagnostico], [equipo_id], [tecnico_id], [falla_reportada], [diagnostico_real], [presupuesto_estimado], [prioridad], [fecha_hora], [fecha_asignacion], [estado_del_diagnostico], [Estado_aprobacion], [deja_cargador], [enciende], [usa_corriente_ac]) VALUES (57, 57, 3, N'No da imagen por HDMI.', N'Tarjeta principal con falla en entrada de video.', 11537.75, N'Urgente', CONVERT(DATETIME2, '2026-05-17 00:00:00', 126), CONVERT(DATETIME2, '2026-05-17 01:00:00', 126), N'DIAGNOSTICADO', N'Aprobado', 0, 1, 0);
INSERT INTO [Diagnosticos] ([id_diagnostico], [equipo_id], [tecnico_id], [falla_reportada], [diagnostico_real], [presupuesto_estimado], [prioridad], [fecha_hora], [fecha_asignacion], [estado_del_diagnostico], [Estado_aprobacion], [deja_cargador], [enciende], [usa_corriente_ac]) VALUES (58, 58, 4, N'Bateria dura menos de una hora.', N'Bateria degradada; no usar hasta reemplazo.', 11723.5, N'Alta', CONVERT(DATETIME2, '2026-05-17 05:00:00', 126), CONVERT(DATETIME2, '2026-05-17 06:00:00', 126), N'EN_REVISION', N'Pendiente', 1, 1, 1);
INSERT INTO [Diagnosticos] ([id_diagnostico], [equipo_id], [tecnico_id], [falla_reportada], [diagnostico_real], [presupuesto_estimado], [prioridad], [fecha_hora], [fecha_asignacion], [estado_del_diagnostico], [Estado_aprobacion], [deja_cargador], [enciende], [usa_corriente_ac]) VALUES (59, 59, 5, N'Teclado escribe caracteres repetidos.', N'Teclado con membrana defectuosa.', 11909.25, N'Normal', CONVERT(DATETIME2, '2026-05-17 10:00:00', 126), CONVERT(DATETIME2, '2026-05-17 11:00:00', 126), N'COMPLETADO', N'Rechazado', 0, 1, 1);
INSERT INTO [Diagnosticos] ([id_diagnostico], [equipo_id], [tecnico_id], [falla_reportada], [diagnostico_real], [presupuesto_estimado], [prioridad], [fecha_hora], [fecha_asignacion], [estado_del_diagnostico], [Estado_aprobacion], [deja_cargador], [enciende], [usa_corriente_ac]) VALUES (60, 60, 6, N'Se reinicia al abrir aplicaciones pesadas.', N'Memoria RAM inestable bajo carga.', 12095, N'Normal', CONVERT(DATETIME2, '2026-05-17 15:00:00', 126), CONVERT(DATETIME2, '2026-05-17 16:00:00', 126), N'PENDIENTE', N'Pendiente', 1, 0, 0);
INSERT INTO [Diagnosticos] ([id_diagnostico], [equipo_id], [tecnico_id], [falla_reportada], [diagnostico_real], [presupuesto_estimado], [prioridad], [fecha_hora], [fecha_asignacion], [estado_del_diagnostico], [Estado_aprobacion], [deja_cargador], [enciende], [usa_corriente_ac]) VALUES (61, 61, 1, N'Equipo no enciende despues de variacion electrica.', N'Fuente con salida inestable; requiere reemplazo.', 12280.75, N'Urgente', CONVERT(DATETIME2, '2026-05-17 20:00:00', 126), CONVERT(DATETIME2, '2026-05-17 21:00:00', 126), N'DIAGNOSTICADO', N'Aprobado', 0, 1, 1);
INSERT INTO [Diagnosticos] ([id_diagnostico], [equipo_id], [tecnico_id], [falla_reportada], [diagnostico_real], [presupuesto_estimado], [prioridad], [fecha_hora], [fecha_asignacion], [estado_del_diagnostico], [Estado_aprobacion], [deja_cargador], [enciende], [usa_corriente_ac]) VALUES (62, 62, 3, N'Arranca lento y presenta errores de disco.', N'Unidad de almacenamiento degradada; se recomienda cambio y migracion.', 12466.5, N'Alta', CONVERT(DATETIME2, '2026-05-18 01:00:00', 126), CONVERT(DATETIME2, '2026-05-18 02:00:00', 126), N'EN_REVISION', N'Pendiente', 1, 1, 1);
INSERT INTO [Diagnosticos] ([id_diagnostico], [equipo_id], [tecnico_id], [falla_reportada], [diagnostico_real], [presupuesto_estimado], [prioridad], [fecha_hora], [fecha_asignacion], [estado_del_diagnostico], [Estado_aprobacion], [deja_cargador], [enciende], [usa_corriente_ac]) VALUES (63, 63, 4, N'No carga y se apaga al mover el cable.', N'Puerto de carga con sulfato; requiere cambio de flex.', 12652.25, N'Normal', CONVERT(DATETIME2, '2026-05-18 06:00:00', 126), CONVERT(DATETIME2, '2026-05-18 07:00:00', 126), N'COMPLETADO', N'Rechazado', 0, 1, 0);
INSERT INTO [Diagnosticos] ([id_diagnostico], [equipo_id], [tecnico_id], [falla_reportada], [diagnostico_real], [presupuesto_estimado], [prioridad], [fecha_hora], [fecha_asignacion], [estado_del_diagnostico], [Estado_aprobacion], [deja_cargador], [enciende], [usa_corriente_ac]) VALUES (64, 64, 5, N'Pantalla quebrada sin respuesta tactil.', N'Modulo de pantalla danado; requiere sustitucion completa.', 12838, N'Normal', CONVERT(DATETIME2, '2026-05-18 11:00:00', 126), CONVERT(DATETIME2, '2026-05-18 12:00:00', 126), N'PENDIENTE', N'Pendiente', 1, 1, 1);
INSERT INTO [Diagnosticos] ([id_diagnostico], [equipo_id], [tecnico_id], [falla_reportada], [diagnostico_real], [presupuesto_estimado], [prioridad], [fecha_hora], [fecha_asignacion], [estado_del_diagnostico], [Estado_aprobacion], [deja_cargador], [enciende], [usa_corriente_ac]) VALUES (65, 65, 6, N'Se recalienta durante uso normal.', N'Sistema de enfriamiento obstruido; requiere limpieza y pasta termica.', 13023.75, N'Urgente', CONVERT(DATETIME2, '2026-05-18 16:00:00', 126), CONVERT(DATETIME2, '2026-05-18 17:00:00', 126), N'DIAGNOSTICADO', N'Aprobado', 0, 0, 1);
INSERT INTO [Diagnosticos] ([id_diagnostico], [equipo_id], [tecnico_id], [falla_reportada], [diagnostico_real], [presupuesto_estimado], [prioridad], [fecha_hora], [fecha_asignacion], [estado_del_diagnostico], [Estado_aprobacion], [deja_cargador], [enciende], [usa_corriente_ac]) VALUES (66, 66, 1, N'Imprime con manchas y atasco frecuente.', N'Rodillos y fusor desgastados; requiere kit de mantenimiento.', 13209.5, N'Alta', CONVERT(DATETIME2, '2026-05-18 21:00:00', 126), CONVERT(DATETIME2, '2026-05-18 22:00:00', 126), N'EN_REVISION', N'Pendiente', 1, 1, 0);
INSERT INTO [Diagnosticos] ([id_diagnostico], [equipo_id], [tecnico_id], [falla_reportada], [diagnostico_real], [presupuesto_estimado], [prioridad], [fecha_hora], [fecha_asignacion], [estado_del_diagnostico], [Estado_aprobacion], [deja_cargador], [enciende], [usa_corriente_ac]) VALUES (67, 67, 3, N'No da imagen por HDMI.', N'Tarjeta principal con falla en entrada de video.', 13395.25, N'Normal', CONVERT(DATETIME2, '2026-05-19 02:00:00', 126), CONVERT(DATETIME2, '2026-05-19 03:00:00', 126), N'COMPLETADO', N'Rechazado', 0, 1, 1);
INSERT INTO [Diagnosticos] ([id_diagnostico], [equipo_id], [tecnico_id], [falla_reportada], [diagnostico_real], [presupuesto_estimado], [prioridad], [fecha_hora], [fecha_asignacion], [estado_del_diagnostico], [Estado_aprobacion], [deja_cargador], [enciende], [usa_corriente_ac]) VALUES (68, 68, 4, N'Bateria dura menos de una hora.', N'Bateria degradada; no usar hasta reemplazo.', 13581, N'Normal', CONVERT(DATETIME2, '2026-05-19 07:00:00', 126), CONVERT(DATETIME2, '2026-05-19 08:00:00', 126), N'PENDIENTE', N'Pendiente', 1, 1, 1);
INSERT INTO [Diagnosticos] ([id_diagnostico], [equipo_id], [tecnico_id], [falla_reportada], [diagnostico_real], [presupuesto_estimado], [prioridad], [fecha_hora], [fecha_asignacion], [estado_del_diagnostico], [Estado_aprobacion], [deja_cargador], [enciende], [usa_corriente_ac]) VALUES (69, 69, 5, N'Teclado escribe caracteres repetidos.', N'Teclado con membrana defectuosa.', 13766.75, N'Urgente', CONVERT(DATETIME2, '2026-05-19 12:00:00', 126), CONVERT(DATETIME2, '2026-05-19 13:00:00', 126), N'DIAGNOSTICADO', N'Aprobado', 0, 1, 0);
INSERT INTO [Diagnosticos] ([id_diagnostico], [equipo_id], [tecnico_id], [falla_reportada], [diagnostico_real], [presupuesto_estimado], [prioridad], [fecha_hora], [fecha_asignacion], [estado_del_diagnostico], [Estado_aprobacion], [deja_cargador], [enciende], [usa_corriente_ac]) VALUES (70, 70, 6, N'Se reinicia al abrir aplicaciones pesadas.', N'Memoria RAM inestable bajo carga.', 13952.5, N'Alta', CONVERT(DATETIME2, '2026-05-19 17:00:00', 126), CONVERT(DATETIME2, '2026-05-19 18:00:00', 126), N'EN_REVISION', N'Pendiente', 1, 0, 1);
INSERT INTO [Diagnosticos] ([id_diagnostico], [equipo_id], [tecnico_id], [falla_reportada], [diagnostico_real], [presupuesto_estimado], [prioridad], [fecha_hora], [fecha_asignacion], [estado_del_diagnostico], [Estado_aprobacion], [deja_cargador], [enciende], [usa_corriente_ac]) VALUES (71, 71, 1, N'Equipo no enciende despues de variacion electrica.', N'Fuente con salida inestable; requiere reemplazo.', 14138.25, N'Normal', CONVERT(DATETIME2, '2026-05-19 22:00:00', 126), CONVERT(DATETIME2, '2026-05-19 23:00:00', 126), N'COMPLETADO', N'Rechazado', 0, 1, 1);
INSERT INTO [Diagnosticos] ([id_diagnostico], [equipo_id], [tecnico_id], [falla_reportada], [diagnostico_real], [presupuesto_estimado], [prioridad], [fecha_hora], [fecha_asignacion], [estado_del_diagnostico], [Estado_aprobacion], [deja_cargador], [enciende], [usa_corriente_ac]) VALUES (72, 72, 3, N'Arranca lento y presenta errores de disco.', N'Unidad de almacenamiento degradada; se recomienda cambio y migracion.', 14324, N'Normal', CONVERT(DATETIME2, '2026-05-20 03:00:00', 126), CONVERT(DATETIME2, '2026-05-20 04:00:00', 126), N'PENDIENTE', N'Pendiente', 1, 1, 0);
INSERT INTO [Diagnosticos] ([id_diagnostico], [equipo_id], [tecnico_id], [falla_reportada], [diagnostico_real], [presupuesto_estimado], [prioridad], [fecha_hora], [fecha_asignacion], [estado_del_diagnostico], [Estado_aprobacion], [deja_cargador], [enciende], [usa_corriente_ac]) VALUES (73, 73, 4, N'No carga y se apaga al mover el cable.', N'Puerto de carga con sulfato; requiere cambio de flex.', 14509.75, N'Urgente', CONVERT(DATETIME2, '2026-05-20 08:00:00', 126), CONVERT(DATETIME2, '2026-05-20 09:00:00', 126), N'DIAGNOSTICADO', N'Aprobado', 0, 1, 1);
INSERT INTO [Diagnosticos] ([id_diagnostico], [equipo_id], [tecnico_id], [falla_reportada], [diagnostico_real], [presupuesto_estimado], [prioridad], [fecha_hora], [fecha_asignacion], [estado_del_diagnostico], [Estado_aprobacion], [deja_cargador], [enciende], [usa_corriente_ac]) VALUES (74, 74, 5, N'Pantalla quebrada sin respuesta tactil.', N'Modulo de pantalla danado; requiere sustitucion completa.', 14695.5, N'Alta', CONVERT(DATETIME2, '2026-05-20 13:00:00', 126), CONVERT(DATETIME2, '2026-05-20 14:00:00', 126), N'EN_REVISION', N'Pendiente', 1, 1, 1);
INSERT INTO [Diagnosticos] ([id_diagnostico], [equipo_id], [tecnico_id], [falla_reportada], [diagnostico_real], [presupuesto_estimado], [prioridad], [fecha_hora], [fecha_asignacion], [estado_del_diagnostico], [Estado_aprobacion], [deja_cargador], [enciende], [usa_corriente_ac]) VALUES (75, 75, 6, N'Se recalienta durante uso normal.', N'Sistema de enfriamiento obstruido; requiere limpieza y pasta termica.', 14881.25, N'Normal', CONVERT(DATETIME2, '2026-05-20 18:00:00', 126), CONVERT(DATETIME2, '2026-05-20 19:00:00', 126), N'COMPLETADO', N'Rechazado', 0, 0, 0);
INSERT INTO [Diagnosticos] ([id_diagnostico], [equipo_id], [tecnico_id], [falla_reportada], [diagnostico_real], [presupuesto_estimado], [prioridad], [fecha_hora], [fecha_asignacion], [estado_del_diagnostico], [Estado_aprobacion], [deja_cargador], [enciende], [usa_corriente_ac]) VALUES (76, 76, 1, N'Imprime con manchas y atasco frecuente.', N'Rodillos y fusor desgastados; requiere kit de mantenimiento.', 15067, N'Normal', CONVERT(DATETIME2, '2026-05-20 23:00:00', 126), CONVERT(DATETIME2, '2026-05-21 00:00:00', 126), N'PENDIENTE', N'Pendiente', 1, 1, 1);
INSERT INTO [Diagnosticos] ([id_diagnostico], [equipo_id], [tecnico_id], [falla_reportada], [diagnostico_real], [presupuesto_estimado], [prioridad], [fecha_hora], [fecha_asignacion], [estado_del_diagnostico], [Estado_aprobacion], [deja_cargador], [enciende], [usa_corriente_ac]) VALUES (77, 77, 3, N'No da imagen por HDMI.', N'Tarjeta principal con falla en entrada de video.', 15252.75, N'Urgente', CONVERT(DATETIME2, '2026-05-21 04:00:00', 126), CONVERT(DATETIME2, '2026-05-21 05:00:00', 126), N'DIAGNOSTICADO', N'Aprobado', 0, 1, 1);
INSERT INTO [Diagnosticos] ([id_diagnostico], [equipo_id], [tecnico_id], [falla_reportada], [diagnostico_real], [presupuesto_estimado], [prioridad], [fecha_hora], [fecha_asignacion], [estado_del_diagnostico], [Estado_aprobacion], [deja_cargador], [enciende], [usa_corriente_ac]) VALUES (78, 78, 4, N'Bateria dura menos de una hora.', N'Bateria degradada; no usar hasta reemplazo.', 15438.5, N'Alta', CONVERT(DATETIME2, '2026-05-21 09:00:00', 126), CONVERT(DATETIME2, '2026-05-21 10:00:00', 126), N'EN_REVISION', N'Pendiente', 1, 1, 0);
INSERT INTO [Diagnosticos] ([id_diagnostico], [equipo_id], [tecnico_id], [falla_reportada], [diagnostico_real], [presupuesto_estimado], [prioridad], [fecha_hora], [fecha_asignacion], [estado_del_diagnostico], [Estado_aprobacion], [deja_cargador], [enciende], [usa_corriente_ac]) VALUES (79, 79, 5, N'Teclado escribe caracteres repetidos.', N'Teclado con membrana defectuosa.', 15624.25, N'Normal', CONVERT(DATETIME2, '2026-05-21 14:00:00', 126), CONVERT(DATETIME2, '2026-05-21 15:00:00', 126), N'COMPLETADO', N'Rechazado', 0, 1, 1);
INSERT INTO [Diagnosticos] ([id_diagnostico], [equipo_id], [tecnico_id], [falla_reportada], [diagnostico_real], [presupuesto_estimado], [prioridad], [fecha_hora], [fecha_asignacion], [estado_del_diagnostico], [Estado_aprobacion], [deja_cargador], [enciende], [usa_corriente_ac]) VALUES (80, 80, 6, N'Se reinicia al abrir aplicaciones pesadas.', N'Memoria RAM inestable bajo carga.', 15810, N'Normal', CONVERT(DATETIME2, '2026-05-21 19:00:00', 126), CONVERT(DATETIME2, '2026-05-21 20:00:00', 126), N'PENDIENTE', N'Pendiente', 1, 0, 1);
INSERT INTO [Diagnosticos] ([id_diagnostico], [equipo_id], [tecnico_id], [falla_reportada], [diagnostico_real], [presupuesto_estimado], [prioridad], [fecha_hora], [fecha_asignacion], [estado_del_diagnostico], [Estado_aprobacion], [deja_cargador], [enciende], [usa_corriente_ac]) VALUES (81, 81, 1, N'Equipo no enciende despues de variacion electrica.', N'Fuente con salida inestable; requiere reemplazo.', 15995.75, N'Urgente', CONVERT(DATETIME2, '2026-05-22 00:00:00', 126), CONVERT(DATETIME2, '2026-05-22 01:00:00', 126), N'DIAGNOSTICADO', N'Aprobado', 0, 1, 0);
INSERT INTO [Diagnosticos] ([id_diagnostico], [equipo_id], [tecnico_id], [falla_reportada], [diagnostico_real], [presupuesto_estimado], [prioridad], [fecha_hora], [fecha_asignacion], [estado_del_diagnostico], [Estado_aprobacion], [deja_cargador], [enciende], [usa_corriente_ac]) VALUES (82, 82, 3, N'Arranca lento y presenta errores de disco.', N'Unidad de almacenamiento degradada; se recomienda cambio y migracion.', 16181.5, N'Alta', CONVERT(DATETIME2, '2026-05-22 05:00:00', 126), CONVERT(DATETIME2, '2026-05-22 06:00:00', 126), N'EN_REVISION', N'Pendiente', 1, 1, 1);
INSERT INTO [Diagnosticos] ([id_diagnostico], [equipo_id], [tecnico_id], [falla_reportada], [diagnostico_real], [presupuesto_estimado], [prioridad], [fecha_hora], [fecha_asignacion], [estado_del_diagnostico], [Estado_aprobacion], [deja_cargador], [enciende], [usa_corriente_ac]) VALUES (83, 83, 4, N'No carga y se apaga al mover el cable.', N'Puerto de carga con sulfato; requiere cambio de flex.', 16367.25, N'Normal', CONVERT(DATETIME2, '2026-05-22 10:00:00', 126), CONVERT(DATETIME2, '2026-05-22 11:00:00', 126), N'COMPLETADO', N'Rechazado', 0, 1, 1);
INSERT INTO [Diagnosticos] ([id_diagnostico], [equipo_id], [tecnico_id], [falla_reportada], [diagnostico_real], [presupuesto_estimado], [prioridad], [fecha_hora], [fecha_asignacion], [estado_del_diagnostico], [Estado_aprobacion], [deja_cargador], [enciende], [usa_corriente_ac]) VALUES (84, 84, 5, N'Pantalla quebrada sin respuesta tactil.', N'Modulo de pantalla danado; requiere sustitucion completa.', 16553, N'Normal', CONVERT(DATETIME2, '2026-05-22 15:00:00', 126), CONVERT(DATETIME2, '2026-05-22 16:00:00', 126), N'PENDIENTE', N'Pendiente', 1, 1, 0);
INSERT INTO [Diagnosticos] ([id_diagnostico], [equipo_id], [tecnico_id], [falla_reportada], [diagnostico_real], [presupuesto_estimado], [prioridad], [fecha_hora], [fecha_asignacion], [estado_del_diagnostico], [Estado_aprobacion], [deja_cargador], [enciende], [usa_corriente_ac]) VALUES (85, 85, 6, N'Se recalienta durante uso normal.', N'Sistema de enfriamiento obstruido; requiere limpieza y pasta termica.', 16738.75, N'Urgente', CONVERT(DATETIME2, '2026-05-22 20:00:00', 126), CONVERT(DATETIME2, '2026-05-22 21:00:00', 126), N'DIAGNOSTICADO', N'Aprobado', 0, 0, 1);
INSERT INTO [Diagnosticos] ([id_diagnostico], [equipo_id], [tecnico_id], [falla_reportada], [diagnostico_real], [presupuesto_estimado], [prioridad], [fecha_hora], [fecha_asignacion], [estado_del_diagnostico], [Estado_aprobacion], [deja_cargador], [enciende], [usa_corriente_ac]) VALUES (86, 86, 1, N'Imprime con manchas y atasco frecuente.', N'Rodillos y fusor desgastados; requiere kit de mantenimiento.', 16924.5, N'Alta', CONVERT(DATETIME2, '2026-05-23 01:00:00', 126), CONVERT(DATETIME2, '2026-05-23 02:00:00', 126), N'EN_REVISION', N'Pendiente', 1, 1, 1);
INSERT INTO [Diagnosticos] ([id_diagnostico], [equipo_id], [tecnico_id], [falla_reportada], [diagnostico_real], [presupuesto_estimado], [prioridad], [fecha_hora], [fecha_asignacion], [estado_del_diagnostico], [Estado_aprobacion], [deja_cargador], [enciende], [usa_corriente_ac]) VALUES (87, 87, 3, N'No da imagen por HDMI.', N'Tarjeta principal con falla en entrada de video.', 17110.25, N'Normal', CONVERT(DATETIME2, '2026-05-23 06:00:00', 126), CONVERT(DATETIME2, '2026-05-23 07:00:00', 126), N'COMPLETADO', N'Rechazado', 0, 1, 0);
INSERT INTO [Diagnosticos] ([id_diagnostico], [equipo_id], [tecnico_id], [falla_reportada], [diagnostico_real], [presupuesto_estimado], [prioridad], [fecha_hora], [fecha_asignacion], [estado_del_diagnostico], [Estado_aprobacion], [deja_cargador], [enciende], [usa_corriente_ac]) VALUES (88, 88, 4, N'Bateria dura menos de una hora.', N'Bateria degradada; no usar hasta reemplazo.', 17296, N'Normal', CONVERT(DATETIME2, '2026-05-23 11:00:00', 126), CONVERT(DATETIME2, '2026-05-23 12:00:00', 126), N'PENDIENTE', N'Pendiente', 1, 1, 1);
INSERT INTO [Diagnosticos] ([id_diagnostico], [equipo_id], [tecnico_id], [falla_reportada], [diagnostico_real], [presupuesto_estimado], [prioridad], [fecha_hora], [fecha_asignacion], [estado_del_diagnostico], [Estado_aprobacion], [deja_cargador], [enciende], [usa_corriente_ac]) VALUES (89, 89, 5, N'Teclado escribe caracteres repetidos.', N'Teclado con membrana defectuosa.', 17481.75, N'Urgente', CONVERT(DATETIME2, '2026-05-23 16:00:00', 126), CONVERT(DATETIME2, '2026-05-23 17:00:00', 126), N'DIAGNOSTICADO', N'Aprobado', 0, 1, 1);
INSERT INTO [Diagnosticos] ([id_diagnostico], [equipo_id], [tecnico_id], [falla_reportada], [diagnostico_real], [presupuesto_estimado], [prioridad], [fecha_hora], [fecha_asignacion], [estado_del_diagnostico], [Estado_aprobacion], [deja_cargador], [enciende], [usa_corriente_ac]) VALUES (90, 90, 6, N'Se reinicia al abrir aplicaciones pesadas.', N'Memoria RAM inestable bajo carga.', 17667.5, N'Alta', CONVERT(DATETIME2, '2026-05-23 21:00:00', 126), CONVERT(DATETIME2, '2026-05-23 22:00:00', 126), N'EN_REVISION', N'Pendiente', 1, 0, 0);
INSERT INTO [Diagnosticos] ([id_diagnostico], [equipo_id], [tecnico_id], [falla_reportada], [diagnostico_real], [presupuesto_estimado], [prioridad], [fecha_hora], [fecha_asignacion], [estado_del_diagnostico], [Estado_aprobacion], [deja_cargador], [enciende], [usa_corriente_ac]) VALUES (91, 91, 1, N'Equipo no enciende despues de variacion electrica.', N'Fuente con salida inestable; requiere reemplazo.', 17853.25, N'Normal', CONVERT(DATETIME2, '2026-05-24 02:00:00', 126), CONVERT(DATETIME2, '2026-05-24 03:00:00', 126), N'COMPLETADO', N'Rechazado', 0, 1, 1);
INSERT INTO [Diagnosticos] ([id_diagnostico], [equipo_id], [tecnico_id], [falla_reportada], [diagnostico_real], [presupuesto_estimado], [prioridad], [fecha_hora], [fecha_asignacion], [estado_del_diagnostico], [Estado_aprobacion], [deja_cargador], [enciende], [usa_corriente_ac]) VALUES (92, 92, 3, N'Arranca lento y presenta errores de disco.', N'Unidad de almacenamiento degradada; se recomienda cambio y migracion.', 18039, N'Normal', CONVERT(DATETIME2, '2026-05-24 07:00:00', 126), CONVERT(DATETIME2, '2026-05-24 08:00:00', 126), N'PENDIENTE', N'Pendiente', 1, 1, 1);
INSERT INTO [Diagnosticos] ([id_diagnostico], [equipo_id], [tecnico_id], [falla_reportada], [diagnostico_real], [presupuesto_estimado], [prioridad], [fecha_hora], [fecha_asignacion], [estado_del_diagnostico], [Estado_aprobacion], [deja_cargador], [enciende], [usa_corriente_ac]) VALUES (93, 93, 4, N'No carga y se apaga al mover el cable.', N'Puerto de carga con sulfato; requiere cambio de flex.', 18224.75, N'Urgente', CONVERT(DATETIME2, '2026-05-24 12:00:00', 126), CONVERT(DATETIME2, '2026-05-24 13:00:00', 126), N'DIAGNOSTICADO', N'Aprobado', 0, 1, 0);
INSERT INTO [Diagnosticos] ([id_diagnostico], [equipo_id], [tecnico_id], [falla_reportada], [diagnostico_real], [presupuesto_estimado], [prioridad], [fecha_hora], [fecha_asignacion], [estado_del_diagnostico], [Estado_aprobacion], [deja_cargador], [enciende], [usa_corriente_ac]) VALUES (94, 94, 5, N'Pantalla quebrada sin respuesta tactil.', N'Modulo de pantalla danado; requiere sustitucion completa.', 18410.5, N'Alta', CONVERT(DATETIME2, '2026-05-24 17:00:00', 126), CONVERT(DATETIME2, '2026-05-24 18:00:00', 126), N'EN_REVISION', N'Pendiente', 1, 1, 1);
INSERT INTO [Diagnosticos] ([id_diagnostico], [equipo_id], [tecnico_id], [falla_reportada], [diagnostico_real], [presupuesto_estimado], [prioridad], [fecha_hora], [fecha_asignacion], [estado_del_diagnostico], [Estado_aprobacion], [deja_cargador], [enciende], [usa_corriente_ac]) VALUES (95, 95, 6, N'Se recalienta durante uso normal.', N'Sistema de enfriamiento obstruido; requiere limpieza y pasta termica.', 18596.25, N'Normal', CONVERT(DATETIME2, '2026-05-24 22:00:00', 126), CONVERT(DATETIME2, '2026-05-24 23:00:00', 126), N'COMPLETADO', N'Rechazado', 0, 0, 1);
INSERT INTO [Diagnosticos] ([id_diagnostico], [equipo_id], [tecnico_id], [falla_reportada], [diagnostico_real], [presupuesto_estimado], [prioridad], [fecha_hora], [fecha_asignacion], [estado_del_diagnostico], [Estado_aprobacion], [deja_cargador], [enciende], [usa_corriente_ac]) VALUES (96, 96, 1, N'Imprime con manchas y atasco frecuente.', N'Rodillos y fusor desgastados; requiere kit de mantenimiento.', 18782, N'Normal', CONVERT(DATETIME2, '2026-05-25 03:00:00', 126), CONVERT(DATETIME2, '2026-05-25 04:00:00', 126), N'PENDIENTE', N'Pendiente', 1, 1, 0);
INSERT INTO [Diagnosticos] ([id_diagnostico], [equipo_id], [tecnico_id], [falla_reportada], [diagnostico_real], [presupuesto_estimado], [prioridad], [fecha_hora], [fecha_asignacion], [estado_del_diagnostico], [Estado_aprobacion], [deja_cargador], [enciende], [usa_corriente_ac]) VALUES (97, 97, 3, N'No da imagen por HDMI.', N'Tarjeta principal con falla en entrada de video.', 18967.75, N'Urgente', CONVERT(DATETIME2, '2026-05-25 08:00:00', 126), CONVERT(DATETIME2, '2026-05-25 09:00:00', 126), N'DIAGNOSTICADO', N'Aprobado', 0, 1, 1);
INSERT INTO [Diagnosticos] ([id_diagnostico], [equipo_id], [tecnico_id], [falla_reportada], [diagnostico_real], [presupuesto_estimado], [prioridad], [fecha_hora], [fecha_asignacion], [estado_del_diagnostico], [Estado_aprobacion], [deja_cargador], [enciende], [usa_corriente_ac]) VALUES (98, 98, 4, N'Bateria dura menos de una hora.', N'Bateria degradada; no usar hasta reemplazo.', 19153.5, N'Alta', CONVERT(DATETIME2, '2026-05-25 13:00:00', 126), CONVERT(DATETIME2, '2026-05-25 14:00:00', 126), N'EN_REVISION', N'Pendiente', 1, 1, 1);
INSERT INTO [Diagnosticos] ([id_diagnostico], [equipo_id], [tecnico_id], [falla_reportada], [diagnostico_real], [presupuesto_estimado], [prioridad], [fecha_hora], [fecha_asignacion], [estado_del_diagnostico], [Estado_aprobacion], [deja_cargador], [enciende], [usa_corriente_ac]) VALUES (99, 99, 5, N'Teclado escribe caracteres repetidos.', N'Teclado con membrana defectuosa.', 19339.25, N'Normal', CONVERT(DATETIME2, '2026-05-25 18:00:00', 126), CONVERT(DATETIME2, '2026-05-25 19:00:00', 126), N'COMPLETADO', N'Rechazado', 0, 1, 0);
INSERT INTO [Diagnosticos] ([id_diagnostico], [equipo_id], [tecnico_id], [falla_reportada], [diagnostico_real], [presupuesto_estimado], [prioridad], [fecha_hora], [fecha_asignacion], [estado_del_diagnostico], [Estado_aprobacion], [deja_cargador], [enciende], [usa_corriente_ac]) VALUES (100, 100, 6, N'Se reinicia al abrir aplicaciones pesadas.', N'Memoria RAM inestable bajo carga.', 19525, N'Normal', CONVERT(DATETIME2, '2026-05-25 23:00:00', 126), CONVERT(DATETIME2, '2026-05-26 00:00:00', 126), N'PENDIENTE', N'Pendiente', 1, 0, 1);
INSERT INTO [Diagnosticos] ([id_diagnostico], [equipo_id], [tecnico_id], [falla_reportada], [diagnostico_real], [presupuesto_estimado], [prioridad], [fecha_hora], [fecha_asignacion], [estado_del_diagnostico], [Estado_aprobacion], [deja_cargador], [enciende], [usa_corriente_ac]) VALUES (101, 101, 1, N'Equipo no enciende despues de variacion electrica.', N'Fuente con salida inestable; requiere reemplazo.', 19710.75, N'Urgente', CONVERT(DATETIME2, '2026-05-26 04:00:00', 126), CONVERT(DATETIME2, '2026-05-26 05:00:00', 126), N'DIAGNOSTICADO', N'Aprobado', 0, 1, 1);
INSERT INTO [Diagnosticos] ([id_diagnostico], [equipo_id], [tecnico_id], [falla_reportada], [diagnostico_real], [presupuesto_estimado], [prioridad], [fecha_hora], [fecha_asignacion], [estado_del_diagnostico], [Estado_aprobacion], [deja_cargador], [enciende], [usa_corriente_ac]) VALUES (102, 102, 3, N'Arranca lento y presenta errores de disco.', N'Unidad de almacenamiento degradada; se recomienda cambio y migracion.', 19896.5, N'Alta', CONVERT(DATETIME2, '2026-05-26 09:00:00', 126), CONVERT(DATETIME2, '2026-05-26 10:00:00', 126), N'EN_REVISION', N'Pendiente', 1, 1, 0);
INSERT INTO [Diagnosticos] ([id_diagnostico], [equipo_id], [tecnico_id], [falla_reportada], [diagnostico_real], [presupuesto_estimado], [prioridad], [fecha_hora], [fecha_asignacion], [estado_del_diagnostico], [Estado_aprobacion], [deja_cargador], [enciende], [usa_corriente_ac]) VALUES (103, 103, 4, N'No carga y se apaga al mover el cable.', N'Puerto de carga con sulfato; requiere cambio de flex.', 20082.25, N'Normal', CONVERT(DATETIME2, '2026-05-26 14:00:00', 126), CONVERT(DATETIME2, '2026-05-26 15:00:00', 126), N'COMPLETADO', N'Rechazado', 0, 1, 1);
INSERT INTO [Diagnosticos] ([id_diagnostico], [equipo_id], [tecnico_id], [falla_reportada], [diagnostico_real], [presupuesto_estimado], [prioridad], [fecha_hora], [fecha_asignacion], [estado_del_diagnostico], [Estado_aprobacion], [deja_cargador], [enciende], [usa_corriente_ac]) VALUES (104, 104, 5, N'Pantalla quebrada sin respuesta tactil.', N'Modulo de pantalla danado; requiere sustitucion completa.', 20268, N'Normal', CONVERT(DATETIME2, '2026-05-26 19:00:00', 126), CONVERT(DATETIME2, '2026-05-26 20:00:00', 126), N'PENDIENTE', N'Pendiente', 1, 1, 1);
INSERT INTO [Diagnosticos] ([id_diagnostico], [equipo_id], [tecnico_id], [falla_reportada], [diagnostico_real], [presupuesto_estimado], [prioridad], [fecha_hora], [fecha_asignacion], [estado_del_diagnostico], [Estado_aprobacion], [deja_cargador], [enciende], [usa_corriente_ac]) VALUES (105, 105, 6, N'Se recalienta durante uso normal.', N'Sistema de enfriamiento obstruido; requiere limpieza y pasta termica.', 20453.75, N'Urgente', CONVERT(DATETIME2, '2026-05-27 00:00:00', 126), CONVERT(DATETIME2, '2026-05-27 01:00:00', 126), N'DIAGNOSTICADO', N'Aprobado', 0, 0, 0);
INSERT INTO [Diagnosticos] ([id_diagnostico], [equipo_id], [tecnico_id], [falla_reportada], [diagnostico_real], [presupuesto_estimado], [prioridad], [fecha_hora], [fecha_asignacion], [estado_del_diagnostico], [Estado_aprobacion], [deja_cargador], [enciende], [usa_corriente_ac]) VALUES (106, 106, 1, N'Imprime con manchas y atasco frecuente.', N'Rodillos y fusor desgastados; requiere kit de mantenimiento.', 20639.5, N'Alta', CONVERT(DATETIME2, '2026-05-27 05:00:00', 126), CONVERT(DATETIME2, '2026-05-27 06:00:00', 126), N'EN_REVISION', N'Pendiente', 1, 1, 1);
INSERT INTO [Diagnosticos] ([id_diagnostico], [equipo_id], [tecnico_id], [falla_reportada], [diagnostico_real], [presupuesto_estimado], [prioridad], [fecha_hora], [fecha_asignacion], [estado_del_diagnostico], [Estado_aprobacion], [deja_cargador], [enciende], [usa_corriente_ac]) VALUES (107, 107, 3, N'No da imagen por HDMI.', N'Tarjeta principal con falla en entrada de video.', 20825.25, N'Normal', CONVERT(DATETIME2, '2026-05-27 10:00:00', 126), CONVERT(DATETIME2, '2026-05-27 11:00:00', 126), N'COMPLETADO', N'Rechazado', 0, 1, 1);
INSERT INTO [Diagnosticos] ([id_diagnostico], [equipo_id], [tecnico_id], [falla_reportada], [diagnostico_real], [presupuesto_estimado], [prioridad], [fecha_hora], [fecha_asignacion], [estado_del_diagnostico], [Estado_aprobacion], [deja_cargador], [enciende], [usa_corriente_ac]) VALUES (108, 108, 4, N'Bateria dura menos de una hora.', N'Bateria degradada; no usar hasta reemplazo.', 21011, N'Normal', CONVERT(DATETIME2, '2026-05-27 15:00:00', 126), CONVERT(DATETIME2, '2026-05-27 16:00:00', 126), N'PENDIENTE', N'Pendiente', 1, 1, 0);
INSERT INTO [Diagnosticos] ([id_diagnostico], [equipo_id], [tecnico_id], [falla_reportada], [diagnostico_real], [presupuesto_estimado], [prioridad], [fecha_hora], [fecha_asignacion], [estado_del_diagnostico], [Estado_aprobacion], [deja_cargador], [enciende], [usa_corriente_ac]) VALUES (109, 109, 5, N'Teclado escribe caracteres repetidos.', N'Teclado con membrana defectuosa.', 21196.75, N'Urgente', CONVERT(DATETIME2, '2026-05-27 20:00:00', 126), CONVERT(DATETIME2, '2026-05-27 21:00:00', 126), N'DIAGNOSTICADO', N'Aprobado', 0, 1, 1);
INSERT INTO [Diagnosticos] ([id_diagnostico], [equipo_id], [tecnico_id], [falla_reportada], [diagnostico_real], [presupuesto_estimado], [prioridad], [fecha_hora], [fecha_asignacion], [estado_del_diagnostico], [Estado_aprobacion], [deja_cargador], [enciende], [usa_corriente_ac]) VALUES (110, 110, 6, N'Se reinicia al abrir aplicaciones pesadas.', N'Memoria RAM inestable bajo carga.', 21382.5, N'Alta', CONVERT(DATETIME2, '2026-05-28 01:00:00', 126), CONVERT(DATETIME2, '2026-05-28 02:00:00', 126), N'EN_REVISION', N'Pendiente', 1, 0, 1);
INSERT INTO [Diagnosticos] ([id_diagnostico], [equipo_id], [tecnico_id], [falla_reportada], [diagnostico_real], [presupuesto_estimado], [prioridad], [fecha_hora], [fecha_asignacion], [estado_del_diagnostico], [Estado_aprobacion], [deja_cargador], [enciende], [usa_corriente_ac]) VALUES (111, 111, 1, N'Equipo no enciende despues de variacion electrica.', N'Fuente con salida inestable; requiere reemplazo.', 21568.25, N'Normal', CONVERT(DATETIME2, '2026-05-28 06:00:00', 126), CONVERT(DATETIME2, '2026-05-28 07:00:00', 126), N'COMPLETADO', N'Rechazado', 0, 1, 0);
INSERT INTO [Diagnosticos] ([id_diagnostico], [equipo_id], [tecnico_id], [falla_reportada], [diagnostico_real], [presupuesto_estimado], [prioridad], [fecha_hora], [fecha_asignacion], [estado_del_diagnostico], [Estado_aprobacion], [deja_cargador], [enciende], [usa_corriente_ac]) VALUES (112, 112, 3, N'Arranca lento y presenta errores de disco.', N'Unidad de almacenamiento degradada; se recomienda cambio y migracion.', 21754, N'Normal', CONVERT(DATETIME2, '2026-05-28 11:00:00', 126), CONVERT(DATETIME2, '2026-05-28 12:00:00', 126), N'PENDIENTE', N'Pendiente', 1, 1, 1);
INSERT INTO [Diagnosticos] ([id_diagnostico], [equipo_id], [tecnico_id], [falla_reportada], [diagnostico_real], [presupuesto_estimado], [prioridad], [fecha_hora], [fecha_asignacion], [estado_del_diagnostico], [Estado_aprobacion], [deja_cargador], [enciende], [usa_corriente_ac]) VALUES (113, 113, 4, N'No carga y se apaga al mover el cable.', N'Puerto de carga con sulfato; requiere cambio de flex.', 21939.75, N'Urgente', CONVERT(DATETIME2, '2026-05-28 16:00:00', 126), CONVERT(DATETIME2, '2026-05-28 17:00:00', 126), N'DIAGNOSTICADO', N'Aprobado', 0, 1, 1);
INSERT INTO [Diagnosticos] ([id_diagnostico], [equipo_id], [tecnico_id], [falla_reportada], [diagnostico_real], [presupuesto_estimado], [prioridad], [fecha_hora], [fecha_asignacion], [estado_del_diagnostico], [Estado_aprobacion], [deja_cargador], [enciende], [usa_corriente_ac]) VALUES (114, 114, 5, N'Pantalla quebrada sin respuesta tactil.', N'Modulo de pantalla danado; requiere sustitucion completa.', 22125.5, N'Alta', CONVERT(DATETIME2, '2026-05-28 21:00:00', 126), CONVERT(DATETIME2, '2026-05-28 22:00:00', 126), N'EN_REVISION', N'Pendiente', 1, 1, 0);
INSERT INTO [Diagnosticos] ([id_diagnostico], [equipo_id], [tecnico_id], [falla_reportada], [diagnostico_real], [presupuesto_estimado], [prioridad], [fecha_hora], [fecha_asignacion], [estado_del_diagnostico], [Estado_aprobacion], [deja_cargador], [enciende], [usa_corriente_ac]) VALUES (115, 115, 6, N'Se recalienta durante uso normal.', N'Sistema de enfriamiento obstruido; requiere limpieza y pasta termica.', 22311.25, N'Normal', CONVERT(DATETIME2, '2026-05-29 02:00:00', 126), CONVERT(DATETIME2, '2026-05-29 03:00:00', 126), N'COMPLETADO', N'Rechazado', 0, 0, 1);
INSERT INTO [Diagnosticos] ([id_diagnostico], [equipo_id], [tecnico_id], [falla_reportada], [diagnostico_real], [presupuesto_estimado], [prioridad], [fecha_hora], [fecha_asignacion], [estado_del_diagnostico], [Estado_aprobacion], [deja_cargador], [enciende], [usa_corriente_ac]) VALUES (116, 116, 1, N'Imprime con manchas y atasco frecuente.', N'Rodillos y fusor desgastados; requiere kit de mantenimiento.', 22497, N'Normal', CONVERT(DATETIME2, '2026-05-29 07:00:00', 126), CONVERT(DATETIME2, '2026-05-29 08:00:00', 126), N'PENDIENTE', N'Pendiente', 1, 1, 1);
INSERT INTO [Diagnosticos] ([id_diagnostico], [equipo_id], [tecnico_id], [falla_reportada], [diagnostico_real], [presupuesto_estimado], [prioridad], [fecha_hora], [fecha_asignacion], [estado_del_diagnostico], [Estado_aprobacion], [deja_cargador], [enciende], [usa_corriente_ac]) VALUES (117, 117, 3, N'No da imagen por HDMI.', N'Tarjeta principal con falla en entrada de video.', 22682.75, N'Urgente', CONVERT(DATETIME2, '2026-05-29 12:00:00', 126), CONVERT(DATETIME2, '2026-05-29 13:00:00', 126), N'DIAGNOSTICADO', N'Aprobado', 0, 1, 0);
INSERT INTO [Diagnosticos] ([id_diagnostico], [equipo_id], [tecnico_id], [falla_reportada], [diagnostico_real], [presupuesto_estimado], [prioridad], [fecha_hora], [fecha_asignacion], [estado_del_diagnostico], [Estado_aprobacion], [deja_cargador], [enciende], [usa_corriente_ac]) VALUES (118, 118, 4, N'Bateria dura menos de una hora.', N'Bateria degradada; no usar hasta reemplazo.', 22868.5, N'Alta', CONVERT(DATETIME2, '2026-05-29 17:00:00', 126), CONVERT(DATETIME2, '2026-05-29 18:00:00', 126), N'EN_REVISION', N'Pendiente', 1, 1, 1);
INSERT INTO [Diagnosticos] ([id_diagnostico], [equipo_id], [tecnico_id], [falla_reportada], [diagnostico_real], [presupuesto_estimado], [prioridad], [fecha_hora], [fecha_asignacion], [estado_del_diagnostico], [Estado_aprobacion], [deja_cargador], [enciende], [usa_corriente_ac]) VALUES (119, 119, 5, N'Teclado escribe caracteres repetidos.', N'Teclado con membrana defectuosa.', 23054.25, N'Normal', CONVERT(DATETIME2, '2026-05-29 22:00:00', 126), CONVERT(DATETIME2, '2026-05-29 23:00:00', 126), N'COMPLETADO', N'Rechazado', 0, 1, 1);
INSERT INTO [Diagnosticos] ([id_diagnostico], [equipo_id], [tecnico_id], [falla_reportada], [diagnostico_real], [presupuesto_estimado], [prioridad], [fecha_hora], [fecha_asignacion], [estado_del_diagnostico], [Estado_aprobacion], [deja_cargador], [enciende], [usa_corriente_ac]) VALUES (120, 120, 6, N'Se reinicia al abrir aplicaciones pesadas.', N'Memoria RAM inestable bajo carga.', 23240, N'Normal', CONVERT(DATETIME2, '2026-05-30 03:00:00', 126), CONVERT(DATETIME2, '2026-05-30 04:00:00', 126), N'PENDIENTE', N'Pendiente', 1, 0, 0);
GO

-- Datos de Ordenes: 120 registros
INSERT INTO [Ordenes] ([id_orden], [diagnostico_id], [tecnico_id], [prioridad], [estado], [fecha_ingreso], [resultado_final], [enciende_salida], [usa_corriente_ac_salida], [observacion_final], [fecha_cierre]) VALUES (1, 1, 1, N'Urgente', N'PENDIENTE', CONVERT(DATETIME2, '2026-05-06 08:30:00', 126), N'REPARADO', 1, 1, N'Orden demo para flujo tecnico.', CONVERT(DATETIME2, '2026-05-12 19:00:00', 126));
INSERT INTO [Ordenes] ([id_orden], [diagnostico_id], [tecnico_id], [prioridad], [estado], [fecha_ingreso], [resultado_final], [enciende_salida], [usa_corriente_ac_salida], [observacion_final], [fecha_cierre]) VALUES (2, 2, 3, N'Alta', N'APROBADO', CONVERT(DATETIME2, '2026-05-06 14:30:00', 126), NULL, NULL, NULL, N'Pendiente confirmacion del cliente.', NULL);
INSERT INTO [Ordenes] ([id_orden], [diagnostico_id], [tecnico_id], [prioridad], [estado], [fecha_ingreso], [resultado_final], [enciende_salida], [usa_corriente_ac_salida], [observacion_final], [fecha_cierre]) VALUES (3, 3, 4, N'Normal', N'EN_REPARACION', CONVERT(DATETIME2, '2026-05-06 20:30:00', 126), NULL, NULL, NULL, N'Repuesto solicitado a inventario.', NULL);
INSERT INTO [Ordenes] ([id_orden], [diagnostico_id], [tecnico_id], [prioridad], [estado], [fecha_ingreso], [resultado_final], [enciende_salida], [usa_corriente_ac_salida], [observacion_final], [fecha_cierre]) VALUES (4, 4, 5, N'Normal', N'ESPERANDO_PIEZA', CONVERT(DATETIME2, '2026-05-07 02:30:00', 126), N'IRREPARABLE', 1, 1, N'Pruebas funcionales en proceso.', CONVERT(DATETIME2, '2026-05-13 04:00:00', 126));
INSERT INTO [Ordenes] ([id_orden], [diagnostico_id], [tecnico_id], [prioridad], [estado], [fecha_ingreso], [resultado_final], [enciende_salida], [usa_corriente_ac_salida], [observacion_final], [fecha_cierre]) VALUES (5, 5, 6, N'Urgente', N'FINALIZADO', CONVERT(DATETIME2, '2026-05-07 08:30:00', 126), N'REPARADO', 0, 1, N'Equipo listo para revision final.', CONVERT(DATETIME2, '2026-05-13 07:00:00', 126));
INSERT INTO [Ordenes] ([id_orden], [diagnostico_id], [tecnico_id], [prioridad], [estado], [fecha_ingreso], [resultado_final], [enciende_salida], [usa_corriente_ac_salida], [observacion_final], [fecha_cierre]) VALUES (6, 6, 1, N'Alta', N'ENTREGADO', CONVERT(DATETIME2, '2026-05-07 14:30:00', 126), NULL, NULL, NULL, N'Orden demo para flujo tecnico.', NULL);
INSERT INTO [Ordenes] ([id_orden], [diagnostico_id], [tecnico_id], [prioridad], [estado], [fecha_ingreso], [resultado_final], [enciende_salida], [usa_corriente_ac_salida], [observacion_final], [fecha_cierre]) VALUES (7, 7, 3, N'Normal', N'IRREPARABLE', CONVERT(DATETIME2, '2026-05-07 20:30:00', 126), NULL, NULL, NULL, N'Pendiente confirmacion del cliente.', NULL);
INSERT INTO [Ordenes] ([id_orden], [diagnostico_id], [tecnico_id], [prioridad], [estado], [fecha_ingreso], [resultado_final], [enciende_salida], [usa_corriente_ac_salida], [observacion_final], [fecha_cierre]) VALUES (8, 8, 4, N'Normal', N'APROBADO', CONVERT(DATETIME2, '2026-05-08 02:30:00', 126), N'IRREPARABLE', 1, 1, N'Repuesto solicitado a inventario.', CONVERT(DATETIME2, '2026-05-13 16:00:00', 126));
INSERT INTO [Ordenes] ([id_orden], [diagnostico_id], [tecnico_id], [prioridad], [estado], [fecha_ingreso], [resultado_final], [enciende_salida], [usa_corriente_ac_salida], [observacion_final], [fecha_cierre]) VALUES (9, 9, 5, N'Urgente', N'PENDIENTE', CONVERT(DATETIME2, '2026-05-08 08:30:00', 126), N'REPARADO', 1, 0, N'Pruebas funcionales en proceso.', CONVERT(DATETIME2, '2026-05-13 19:00:00', 126));
INSERT INTO [Ordenes] ([id_orden], [diagnostico_id], [tecnico_id], [prioridad], [estado], [fecha_ingreso], [resultado_final], [enciende_salida], [usa_corriente_ac_salida], [observacion_final], [fecha_cierre]) VALUES (10, 10, 6, N'Alta', N'APROBADO', CONVERT(DATETIME2, '2026-05-08 14:30:00', 126), NULL, NULL, NULL, N'Equipo listo para revision final.', NULL);
INSERT INTO [Ordenes] ([id_orden], [diagnostico_id], [tecnico_id], [prioridad], [estado], [fecha_ingreso], [resultado_final], [enciende_salida], [usa_corriente_ac_salida], [observacion_final], [fecha_cierre]) VALUES (11, 11, 1, N'Normal', N'EN_REPARACION', CONVERT(DATETIME2, '2026-05-08 20:30:00', 126), NULL, NULL, NULL, N'Orden demo para flujo tecnico.', NULL);
INSERT INTO [Ordenes] ([id_orden], [diagnostico_id], [tecnico_id], [prioridad], [estado], [fecha_ingreso], [resultado_final], [enciende_salida], [usa_corriente_ac_salida], [observacion_final], [fecha_cierre]) VALUES (12, 12, 3, N'Normal', N'ESPERANDO_PIEZA', CONVERT(DATETIME2, '2026-05-09 02:30:00', 126), N'IRREPARABLE', 1, 0, N'Pendiente confirmacion del cliente.', CONVERT(DATETIME2, '2026-05-14 04:00:00', 126));
INSERT INTO [Ordenes] ([id_orden], [diagnostico_id], [tecnico_id], [prioridad], [estado], [fecha_ingreso], [resultado_final], [enciende_salida], [usa_corriente_ac_salida], [observacion_final], [fecha_cierre]) VALUES (13, 13, 4, N'Urgente', N'FINALIZADO', CONVERT(DATETIME2, '2026-05-09 08:30:00', 126), N'REPARADO', 1, 1, N'Repuesto solicitado a inventario.', CONVERT(DATETIME2, '2026-05-14 07:00:00', 126));
INSERT INTO [Ordenes] ([id_orden], [diagnostico_id], [tecnico_id], [prioridad], [estado], [fecha_ingreso], [resultado_final], [enciende_salida], [usa_corriente_ac_salida], [observacion_final], [fecha_cierre]) VALUES (14, 14, 5, N'Alta', N'ENTREGADO', CONVERT(DATETIME2, '2026-05-09 14:30:00', 126), NULL, NULL, NULL, N'Pruebas funcionales en proceso.', NULL);
INSERT INTO [Ordenes] ([id_orden], [diagnostico_id], [tecnico_id], [prioridad], [estado], [fecha_ingreso], [resultado_final], [enciende_salida], [usa_corriente_ac_salida], [observacion_final], [fecha_cierre]) VALUES (15, 15, 6, N'Normal', N'IRREPARABLE', CONVERT(DATETIME2, '2026-05-09 20:30:00', 126), NULL, NULL, NULL, N'Equipo listo para revision final.', NULL);
INSERT INTO [Ordenes] ([id_orden], [diagnostico_id], [tecnico_id], [prioridad], [estado], [fecha_ingreso], [resultado_final], [enciende_salida], [usa_corriente_ac_salida], [observacion_final], [fecha_cierre]) VALUES (16, 16, 1, N'Normal', N'APROBADO', CONVERT(DATETIME2, '2026-05-10 02:30:00', 126), N'IRREPARABLE', 1, 1, N'Orden demo para flujo tecnico.', CONVERT(DATETIME2, '2026-05-14 16:00:00', 126));
INSERT INTO [Ordenes] ([id_orden], [diagnostico_id], [tecnico_id], [prioridad], [estado], [fecha_ingreso], [resultado_final], [enciende_salida], [usa_corriente_ac_salida], [observacion_final], [fecha_cierre]) VALUES (17, 17, 3, N'Urgente', N'PENDIENTE', CONVERT(DATETIME2, '2026-05-10 08:30:00', 126), N'REPARADO', 1, 1, N'Pendiente confirmacion del cliente.', CONVERT(DATETIME2, '2026-05-14 19:00:00', 126));
INSERT INTO [Ordenes] ([id_orden], [diagnostico_id], [tecnico_id], [prioridad], [estado], [fecha_ingreso], [resultado_final], [enciende_salida], [usa_corriente_ac_salida], [observacion_final], [fecha_cierre]) VALUES (18, 18, 4, N'Alta', N'APROBADO', CONVERT(DATETIME2, '2026-05-10 14:30:00', 126), NULL, NULL, NULL, N'Repuesto solicitado a inventario.', NULL);
INSERT INTO [Ordenes] ([id_orden], [diagnostico_id], [tecnico_id], [prioridad], [estado], [fecha_ingreso], [resultado_final], [enciende_salida], [usa_corriente_ac_salida], [observacion_final], [fecha_cierre]) VALUES (19, 19, 5, N'Normal', N'EN_REPARACION', CONVERT(DATETIME2, '2026-05-10 20:30:00', 126), NULL, NULL, NULL, N'Pruebas funcionales en proceso.', NULL);
INSERT INTO [Ordenes] ([id_orden], [diagnostico_id], [tecnico_id], [prioridad], [estado], [fecha_ingreso], [resultado_final], [enciende_salida], [usa_corriente_ac_salida], [observacion_final], [fecha_cierre]) VALUES (20, 20, 6, N'Normal', N'ESPERANDO_PIEZA', CONVERT(DATETIME2, '2026-05-11 02:30:00', 126), N'IRREPARABLE', 0, 1, N'Equipo listo para revision final.', CONVERT(DATETIME2, '2026-05-15 04:00:00', 126));
INSERT INTO [Ordenes] ([id_orden], [diagnostico_id], [tecnico_id], [prioridad], [estado], [fecha_ingreso], [resultado_final], [enciende_salida], [usa_corriente_ac_salida], [observacion_final], [fecha_cierre]) VALUES (21, 21, 1, N'Urgente', N'FINALIZADO', CONVERT(DATETIME2, '2026-05-11 08:30:00', 126), N'REPARADO', 1, 0, N'Orden demo para flujo tecnico.', CONVERT(DATETIME2, '2026-05-15 07:00:00', 126));
INSERT INTO [Ordenes] ([id_orden], [diagnostico_id], [tecnico_id], [prioridad], [estado], [fecha_ingreso], [resultado_final], [enciende_salida], [usa_corriente_ac_salida], [observacion_final], [fecha_cierre]) VALUES (22, 22, 3, N'Alta', N'ENTREGADO', CONVERT(DATETIME2, '2026-05-11 14:30:00', 126), NULL, NULL, NULL, N'Pendiente confirmacion del cliente.', NULL);
INSERT INTO [Ordenes] ([id_orden], [diagnostico_id], [tecnico_id], [prioridad], [estado], [fecha_ingreso], [resultado_final], [enciende_salida], [usa_corriente_ac_salida], [observacion_final], [fecha_cierre]) VALUES (23, 23, 4, N'Normal', N'IRREPARABLE', CONVERT(DATETIME2, '2026-05-11 20:30:00', 126), NULL, NULL, NULL, N'Repuesto solicitado a inventario.', NULL);
INSERT INTO [Ordenes] ([id_orden], [diagnostico_id], [tecnico_id], [prioridad], [estado], [fecha_ingreso], [resultado_final], [enciende_salida], [usa_corriente_ac_salida], [observacion_final], [fecha_cierre]) VALUES (24, 24, 5, N'Normal', N'APROBADO', CONVERT(DATETIME2, '2026-05-12 02:30:00', 126), N'IRREPARABLE', 1, 0, N'Pruebas funcionales en proceso.', CONVERT(DATETIME2, '2026-05-15 16:00:00', 126));
INSERT INTO [Ordenes] ([id_orden], [diagnostico_id], [tecnico_id], [prioridad], [estado], [fecha_ingreso], [resultado_final], [enciende_salida], [usa_corriente_ac_salida], [observacion_final], [fecha_cierre]) VALUES (25, 25, 6, N'Urgente', N'PENDIENTE', CONVERT(DATETIME2, '2026-05-12 08:30:00', 126), N'REPARADO', 0, 1, N'Equipo listo para revision final.', CONVERT(DATETIME2, '2026-05-15 19:00:00', 126));
INSERT INTO [Ordenes] ([id_orden], [diagnostico_id], [tecnico_id], [prioridad], [estado], [fecha_ingreso], [resultado_final], [enciende_salida], [usa_corriente_ac_salida], [observacion_final], [fecha_cierre]) VALUES (26, 26, 1, N'Alta', N'APROBADO', CONVERT(DATETIME2, '2026-05-12 14:30:00', 126), NULL, NULL, NULL, N'Orden demo para flujo tecnico.', NULL);
INSERT INTO [Ordenes] ([id_orden], [diagnostico_id], [tecnico_id], [prioridad], [estado], [fecha_ingreso], [resultado_final], [enciende_salida], [usa_corriente_ac_salida], [observacion_final], [fecha_cierre]) VALUES (27, 27, 3, N'Normal', N'EN_REPARACION', CONVERT(DATETIME2, '2026-05-12 20:30:00', 126), NULL, NULL, NULL, N'Pendiente confirmacion del cliente.', NULL);
INSERT INTO [Ordenes] ([id_orden], [diagnostico_id], [tecnico_id], [prioridad], [estado], [fecha_ingreso], [resultado_final], [enciende_salida], [usa_corriente_ac_salida], [observacion_final], [fecha_cierre]) VALUES (28, 28, 4, N'Normal', N'ESPERANDO_PIEZA', CONVERT(DATETIME2, '2026-05-13 02:30:00', 126), N'IRREPARABLE', 1, 1, N'Repuesto solicitado a inventario.', CONVERT(DATETIME2, '2026-05-16 04:00:00', 126));
INSERT INTO [Ordenes] ([id_orden], [diagnostico_id], [tecnico_id], [prioridad], [estado], [fecha_ingreso], [resultado_final], [enciende_salida], [usa_corriente_ac_salida], [observacion_final], [fecha_cierre]) VALUES (29, 29, 5, N'Urgente', N'FINALIZADO', CONVERT(DATETIME2, '2026-05-13 08:30:00', 126), N'REPARADO', 1, 1, N'Pruebas funcionales en proceso.', CONVERT(DATETIME2, '2026-05-16 07:00:00', 126));
INSERT INTO [Ordenes] ([id_orden], [diagnostico_id], [tecnico_id], [prioridad], [estado], [fecha_ingreso], [resultado_final], [enciende_salida], [usa_corriente_ac_salida], [observacion_final], [fecha_cierre]) VALUES (30, 30, 6, N'Alta', N'ENTREGADO', CONVERT(DATETIME2, '2026-05-13 14:30:00', 126), NULL, NULL, NULL, N'Equipo listo para revision final.', NULL);
INSERT INTO [Ordenes] ([id_orden], [diagnostico_id], [tecnico_id], [prioridad], [estado], [fecha_ingreso], [resultado_final], [enciende_salida], [usa_corriente_ac_salida], [observacion_final], [fecha_cierre]) VALUES (31, 31, 1, N'Normal', N'IRREPARABLE', CONVERT(DATETIME2, '2026-05-13 20:30:00', 126), NULL, NULL, NULL, N'Orden demo para flujo tecnico.', NULL);
INSERT INTO [Ordenes] ([id_orden], [diagnostico_id], [tecnico_id], [prioridad], [estado], [fecha_ingreso], [resultado_final], [enciende_salida], [usa_corriente_ac_salida], [observacion_final], [fecha_cierre]) VALUES (32, 32, 3, N'Normal', N'APROBADO', CONVERT(DATETIME2, '2026-05-14 02:30:00', 126), N'IRREPARABLE', 1, 1, N'Pendiente confirmacion del cliente.', CONVERT(DATETIME2, '2026-05-16 16:00:00', 126));
INSERT INTO [Ordenes] ([id_orden], [diagnostico_id], [tecnico_id], [prioridad], [estado], [fecha_ingreso], [resultado_final], [enciende_salida], [usa_corriente_ac_salida], [observacion_final], [fecha_cierre]) VALUES (33, 33, 4, N'Urgente', N'PENDIENTE', CONVERT(DATETIME2, '2026-05-14 08:30:00', 126), N'REPARADO', 1, 0, N'Repuesto solicitado a inventario.', CONVERT(DATETIME2, '2026-05-16 19:00:00', 126));
INSERT INTO [Ordenes] ([id_orden], [diagnostico_id], [tecnico_id], [prioridad], [estado], [fecha_ingreso], [resultado_final], [enciende_salida], [usa_corriente_ac_salida], [observacion_final], [fecha_cierre]) VALUES (34, 34, 5, N'Alta', N'APROBADO', CONVERT(DATETIME2, '2026-05-14 14:30:00', 126), NULL, NULL, NULL, N'Pruebas funcionales en proceso.', NULL);
INSERT INTO [Ordenes] ([id_orden], [diagnostico_id], [tecnico_id], [prioridad], [estado], [fecha_ingreso], [resultado_final], [enciende_salida], [usa_corriente_ac_salida], [observacion_final], [fecha_cierre]) VALUES (35, 35, 6, N'Normal', N'EN_REPARACION', CONVERT(DATETIME2, '2026-05-14 20:30:00', 126), NULL, NULL, NULL, N'Equipo listo para revision final.', NULL);
INSERT INTO [Ordenes] ([id_orden], [diagnostico_id], [tecnico_id], [prioridad], [estado], [fecha_ingreso], [resultado_final], [enciende_salida], [usa_corriente_ac_salida], [observacion_final], [fecha_cierre]) VALUES (36, 36, 1, N'Normal', N'ESPERANDO_PIEZA', CONVERT(DATETIME2, '2026-05-15 02:30:00', 126), N'IRREPARABLE', 1, 0, N'Orden demo para flujo tecnico.', CONVERT(DATETIME2, '2026-05-17 04:00:00', 126));
INSERT INTO [Ordenes] ([id_orden], [diagnostico_id], [tecnico_id], [prioridad], [estado], [fecha_ingreso], [resultado_final], [enciende_salida], [usa_corriente_ac_salida], [observacion_final], [fecha_cierre]) VALUES (37, 37, 3, N'Urgente', N'FINALIZADO', CONVERT(DATETIME2, '2026-05-15 08:30:00', 126), N'REPARADO', 1, 1, N'Pendiente confirmacion del cliente.', CONVERT(DATETIME2, '2026-05-17 07:00:00', 126));
INSERT INTO [Ordenes] ([id_orden], [diagnostico_id], [tecnico_id], [prioridad], [estado], [fecha_ingreso], [resultado_final], [enciende_salida], [usa_corriente_ac_salida], [observacion_final], [fecha_cierre]) VALUES (38, 38, 4, N'Alta', N'ENTREGADO', CONVERT(DATETIME2, '2026-05-15 14:30:00', 126), NULL, NULL, NULL, N'Repuesto solicitado a inventario.', NULL);
INSERT INTO [Ordenes] ([id_orden], [diagnostico_id], [tecnico_id], [prioridad], [estado], [fecha_ingreso], [resultado_final], [enciende_salida], [usa_corriente_ac_salida], [observacion_final], [fecha_cierre]) VALUES (39, 39, 5, N'Normal', N'IRREPARABLE', CONVERT(DATETIME2, '2026-05-15 20:30:00', 126), NULL, NULL, NULL, N'Pruebas funcionales en proceso.', NULL);
INSERT INTO [Ordenes] ([id_orden], [diagnostico_id], [tecnico_id], [prioridad], [estado], [fecha_ingreso], [resultado_final], [enciende_salida], [usa_corriente_ac_salida], [observacion_final], [fecha_cierre]) VALUES (40, 40, 6, N'Normal', N'APROBADO', CONVERT(DATETIME2, '2026-05-16 02:30:00', 126), N'IRREPARABLE', 0, 1, N'Equipo listo para revision final.', CONVERT(DATETIME2, '2026-05-17 16:00:00', 126));
INSERT INTO [Ordenes] ([id_orden], [diagnostico_id], [tecnico_id], [prioridad], [estado], [fecha_ingreso], [resultado_final], [enciende_salida], [usa_corriente_ac_salida], [observacion_final], [fecha_cierre]) VALUES (41, 41, 1, N'Urgente', N'PENDIENTE', CONVERT(DATETIME2, '2026-05-16 08:30:00', 126), N'REPARADO', 1, 1, N'Orden demo para flujo tecnico.', CONVERT(DATETIME2, '2026-05-17 19:00:00', 126));
INSERT INTO [Ordenes] ([id_orden], [diagnostico_id], [tecnico_id], [prioridad], [estado], [fecha_ingreso], [resultado_final], [enciende_salida], [usa_corriente_ac_salida], [observacion_final], [fecha_cierre]) VALUES (42, 42, 3, N'Alta', N'APROBADO', CONVERT(DATETIME2, '2026-05-16 14:30:00', 126), NULL, NULL, NULL, N'Pendiente confirmacion del cliente.', NULL);
INSERT INTO [Ordenes] ([id_orden], [diagnostico_id], [tecnico_id], [prioridad], [estado], [fecha_ingreso], [resultado_final], [enciende_salida], [usa_corriente_ac_salida], [observacion_final], [fecha_cierre]) VALUES (43, 43, 4, N'Normal', N'EN_REPARACION', CONVERT(DATETIME2, '2026-05-16 20:30:00', 126), NULL, NULL, NULL, N'Repuesto solicitado a inventario.', NULL);
INSERT INTO [Ordenes] ([id_orden], [diagnostico_id], [tecnico_id], [prioridad], [estado], [fecha_ingreso], [resultado_final], [enciende_salida], [usa_corriente_ac_salida], [observacion_final], [fecha_cierre]) VALUES (44, 44, 5, N'Normal', N'ESPERANDO_PIEZA', CONVERT(DATETIME2, '2026-05-17 02:30:00', 126), N'IRREPARABLE', 1, 1, N'Pruebas funcionales en proceso.', CONVERT(DATETIME2, '2026-05-18 04:00:00', 126));
INSERT INTO [Ordenes] ([id_orden], [diagnostico_id], [tecnico_id], [prioridad], [estado], [fecha_ingreso], [resultado_final], [enciende_salida], [usa_corriente_ac_salida], [observacion_final], [fecha_cierre]) VALUES (45, 45, 6, N'Urgente', N'FINALIZADO', CONVERT(DATETIME2, '2026-05-17 08:30:00', 126), N'REPARADO', 0, 0, N'Equipo listo para revision final.', CONVERT(DATETIME2, '2026-05-18 07:00:00', 126));
INSERT INTO [Ordenes] ([id_orden], [diagnostico_id], [tecnico_id], [prioridad], [estado], [fecha_ingreso], [resultado_final], [enciende_salida], [usa_corriente_ac_salida], [observacion_final], [fecha_cierre]) VALUES (46, 46, 1, N'Alta', N'ENTREGADO', CONVERT(DATETIME2, '2026-05-17 14:30:00', 126), NULL, NULL, NULL, N'Orden demo para flujo tecnico.', NULL);
INSERT INTO [Ordenes] ([id_orden], [diagnostico_id], [tecnico_id], [prioridad], [estado], [fecha_ingreso], [resultado_final], [enciende_salida], [usa_corriente_ac_salida], [observacion_final], [fecha_cierre]) VALUES (47, 47, 3, N'Normal', N'IRREPARABLE', CONVERT(DATETIME2, '2026-05-17 20:30:00', 126), NULL, NULL, NULL, N'Pendiente confirmacion del cliente.', NULL);
INSERT INTO [Ordenes] ([id_orden], [diagnostico_id], [tecnico_id], [prioridad], [estado], [fecha_ingreso], [resultado_final], [enciende_salida], [usa_corriente_ac_salida], [observacion_final], [fecha_cierre]) VALUES (48, 48, 4, N'Normal', N'APROBADO', CONVERT(DATETIME2, '2026-05-18 02:30:00', 126), N'IRREPARABLE', 1, 0, N'Repuesto solicitado a inventario.', CONVERT(DATETIME2, '2026-05-18 16:00:00', 126));
INSERT INTO [Ordenes] ([id_orden], [diagnostico_id], [tecnico_id], [prioridad], [estado], [fecha_ingreso], [resultado_final], [enciende_salida], [usa_corriente_ac_salida], [observacion_final], [fecha_cierre]) VALUES (49, 49, 5, N'Urgente', N'PENDIENTE', CONVERT(DATETIME2, '2026-05-18 08:30:00', 126), N'REPARADO', 1, 1, N'Pruebas funcionales en proceso.', CONVERT(DATETIME2, '2026-05-18 19:00:00', 126));
INSERT INTO [Ordenes] ([id_orden], [diagnostico_id], [tecnico_id], [prioridad], [estado], [fecha_ingreso], [resultado_final], [enciende_salida], [usa_corriente_ac_salida], [observacion_final], [fecha_cierre]) VALUES (50, 50, 6, N'Alta', N'APROBADO', CONVERT(DATETIME2, '2026-05-18 14:30:00', 126), NULL, NULL, NULL, N'Equipo listo para revision final.', NULL);
INSERT INTO [Ordenes] ([id_orden], [diagnostico_id], [tecnico_id], [prioridad], [estado], [fecha_ingreso], [resultado_final], [enciende_salida], [usa_corriente_ac_salida], [observacion_final], [fecha_cierre]) VALUES (51, 51, 1, N'Normal', N'EN_REPARACION', CONVERT(DATETIME2, '2026-05-18 20:30:00', 126), NULL, NULL, NULL, N'Orden demo para flujo tecnico.', NULL);
INSERT INTO [Ordenes] ([id_orden], [diagnostico_id], [tecnico_id], [prioridad], [estado], [fecha_ingreso], [resultado_final], [enciende_salida], [usa_corriente_ac_salida], [observacion_final], [fecha_cierre]) VALUES (52, 52, 3, N'Normal', N'ESPERANDO_PIEZA', CONVERT(DATETIME2, '2026-05-19 02:30:00', 126), N'IRREPARABLE', 1, 1, N'Pendiente confirmacion del cliente.', CONVERT(DATETIME2, '2026-05-19 04:00:00', 126));
INSERT INTO [Ordenes] ([id_orden], [diagnostico_id], [tecnico_id], [prioridad], [estado], [fecha_ingreso], [resultado_final], [enciende_salida], [usa_corriente_ac_salida], [observacion_final], [fecha_cierre]) VALUES (53, 53, 4, N'Urgente', N'FINALIZADO', CONVERT(DATETIME2, '2026-05-19 08:30:00', 126), N'REPARADO', 1, 1, N'Repuesto solicitado a inventario.', CONVERT(DATETIME2, '2026-05-19 07:00:00', 126));
INSERT INTO [Ordenes] ([id_orden], [diagnostico_id], [tecnico_id], [prioridad], [estado], [fecha_ingreso], [resultado_final], [enciende_salida], [usa_corriente_ac_salida], [observacion_final], [fecha_cierre]) VALUES (54, 54, 5, N'Alta', N'ENTREGADO', CONVERT(DATETIME2, '2026-05-19 14:30:00', 126), NULL, NULL, NULL, N'Pruebas funcionales en proceso.', NULL);
INSERT INTO [Ordenes] ([id_orden], [diagnostico_id], [tecnico_id], [prioridad], [estado], [fecha_ingreso], [resultado_final], [enciende_salida], [usa_corriente_ac_salida], [observacion_final], [fecha_cierre]) VALUES (55, 55, 6, N'Normal', N'IRREPARABLE', CONVERT(DATETIME2, '2026-05-19 20:30:00', 126), NULL, NULL, NULL, N'Equipo listo para revision final.', NULL);
INSERT INTO [Ordenes] ([id_orden], [diagnostico_id], [tecnico_id], [prioridad], [estado], [fecha_ingreso], [resultado_final], [enciende_salida], [usa_corriente_ac_salida], [observacion_final], [fecha_cierre]) VALUES (56, 56, 1, N'Normal', N'APROBADO', CONVERT(DATETIME2, '2026-05-20 02:30:00', 126), N'IRREPARABLE', 1, 1, N'Orden demo para flujo tecnico.', CONVERT(DATETIME2, '2026-05-19 16:00:00', 126));
INSERT INTO [Ordenes] ([id_orden], [diagnostico_id], [tecnico_id], [prioridad], [estado], [fecha_ingreso], [resultado_final], [enciende_salida], [usa_corriente_ac_salida], [observacion_final], [fecha_cierre]) VALUES (57, 57, 3, N'Urgente', N'PENDIENTE', CONVERT(DATETIME2, '2026-05-20 08:30:00', 126), N'REPARADO', 1, 0, N'Pendiente confirmacion del cliente.', CONVERT(DATETIME2, '2026-05-19 19:00:00', 126));
INSERT INTO [Ordenes] ([id_orden], [diagnostico_id], [tecnico_id], [prioridad], [estado], [fecha_ingreso], [resultado_final], [enciende_salida], [usa_corriente_ac_salida], [observacion_final], [fecha_cierre]) VALUES (58, 58, 4, N'Alta', N'APROBADO', CONVERT(DATETIME2, '2026-05-20 14:30:00', 126), NULL, NULL, NULL, N'Repuesto solicitado a inventario.', NULL);
INSERT INTO [Ordenes] ([id_orden], [diagnostico_id], [tecnico_id], [prioridad], [estado], [fecha_ingreso], [resultado_final], [enciende_salida], [usa_corriente_ac_salida], [observacion_final], [fecha_cierre]) VALUES (59, 59, 5, N'Normal', N'EN_REPARACION', CONVERT(DATETIME2, '2026-05-20 20:30:00', 126), NULL, NULL, NULL, N'Pruebas funcionales en proceso.', NULL);
INSERT INTO [Ordenes] ([id_orden], [diagnostico_id], [tecnico_id], [prioridad], [estado], [fecha_ingreso], [resultado_final], [enciende_salida], [usa_corriente_ac_salida], [observacion_final], [fecha_cierre]) VALUES (60, 60, 6, N'Normal', N'ESPERANDO_PIEZA', CONVERT(DATETIME2, '2026-05-21 02:30:00', 126), N'IRREPARABLE', 0, 0, N'Equipo listo para revision final.', CONVERT(DATETIME2, '2026-05-20 04:00:00', 126));
INSERT INTO [Ordenes] ([id_orden], [diagnostico_id], [tecnico_id], [prioridad], [estado], [fecha_ingreso], [resultado_final], [enciende_salida], [usa_corriente_ac_salida], [observacion_final], [fecha_cierre]) VALUES (61, 61, 1, N'Urgente', N'FINALIZADO', CONVERT(DATETIME2, '2026-05-21 08:30:00', 126), N'REPARADO', 1, 1, N'Orden demo para flujo tecnico.', CONVERT(DATETIME2, '2026-05-20 07:00:00', 126));
INSERT INTO [Ordenes] ([id_orden], [diagnostico_id], [tecnico_id], [prioridad], [estado], [fecha_ingreso], [resultado_final], [enciende_salida], [usa_corriente_ac_salida], [observacion_final], [fecha_cierre]) VALUES (62, 62, 3, N'Alta', N'ENTREGADO', CONVERT(DATETIME2, '2026-05-21 14:30:00', 126), NULL, NULL, NULL, N'Pendiente confirmacion del cliente.', NULL);
INSERT INTO [Ordenes] ([id_orden], [diagnostico_id], [tecnico_id], [prioridad], [estado], [fecha_ingreso], [resultado_final], [enciende_salida], [usa_corriente_ac_salida], [observacion_final], [fecha_cierre]) VALUES (63, 63, 4, N'Normal', N'IRREPARABLE', CONVERT(DATETIME2, '2026-05-21 20:30:00', 126), NULL, NULL, NULL, N'Repuesto solicitado a inventario.', NULL);
INSERT INTO [Ordenes] ([id_orden], [diagnostico_id], [tecnico_id], [prioridad], [estado], [fecha_ingreso], [resultado_final], [enciende_salida], [usa_corriente_ac_salida], [observacion_final], [fecha_cierre]) VALUES (64, 64, 5, N'Normal', N'APROBADO', CONVERT(DATETIME2, '2026-05-22 02:30:00', 126), N'IRREPARABLE', 1, 1, N'Pruebas funcionales en proceso.', CONVERT(DATETIME2, '2026-05-20 16:00:00', 126));
INSERT INTO [Ordenes] ([id_orden], [diagnostico_id], [tecnico_id], [prioridad], [estado], [fecha_ingreso], [resultado_final], [enciende_salida], [usa_corriente_ac_salida], [observacion_final], [fecha_cierre]) VALUES (65, 65, 6, N'Urgente', N'PENDIENTE', CONVERT(DATETIME2, '2026-05-22 08:30:00', 126), N'REPARADO', 0, 1, N'Equipo listo para revision final.', CONVERT(DATETIME2, '2026-05-20 19:00:00', 126));
INSERT INTO [Ordenes] ([id_orden], [diagnostico_id], [tecnico_id], [prioridad], [estado], [fecha_ingreso], [resultado_final], [enciende_salida], [usa_corriente_ac_salida], [observacion_final], [fecha_cierre]) VALUES (66, 66, 1, N'Alta', N'APROBADO', CONVERT(DATETIME2, '2026-05-22 14:30:00', 126), NULL, NULL, NULL, N'Orden demo para flujo tecnico.', NULL);
INSERT INTO [Ordenes] ([id_orden], [diagnostico_id], [tecnico_id], [prioridad], [estado], [fecha_ingreso], [resultado_final], [enciende_salida], [usa_corriente_ac_salida], [observacion_final], [fecha_cierre]) VALUES (67, 67, 3, N'Normal', N'EN_REPARACION', CONVERT(DATETIME2, '2026-05-22 20:30:00', 126), NULL, NULL, NULL, N'Pendiente confirmacion del cliente.', NULL);
INSERT INTO [Ordenes] ([id_orden], [diagnostico_id], [tecnico_id], [prioridad], [estado], [fecha_ingreso], [resultado_final], [enciende_salida], [usa_corriente_ac_salida], [observacion_final], [fecha_cierre]) VALUES (68, 68, 4, N'Normal', N'ESPERANDO_PIEZA', CONVERT(DATETIME2, '2026-05-23 02:30:00', 126), N'IRREPARABLE', 1, 1, N'Repuesto solicitado a inventario.', CONVERT(DATETIME2, '2026-05-21 04:00:00', 126));
INSERT INTO [Ordenes] ([id_orden], [diagnostico_id], [tecnico_id], [prioridad], [estado], [fecha_ingreso], [resultado_final], [enciende_salida], [usa_corriente_ac_salida], [observacion_final], [fecha_cierre]) VALUES (69, 69, 5, N'Urgente', N'FINALIZADO', CONVERT(DATETIME2, '2026-05-23 08:30:00', 126), N'REPARADO', 1, 0, N'Pruebas funcionales en proceso.', CONVERT(DATETIME2, '2026-05-21 07:00:00', 126));
INSERT INTO [Ordenes] ([id_orden], [diagnostico_id], [tecnico_id], [prioridad], [estado], [fecha_ingreso], [resultado_final], [enciende_salida], [usa_corriente_ac_salida], [observacion_final], [fecha_cierre]) VALUES (70, 70, 6, N'Alta', N'ENTREGADO', CONVERT(DATETIME2, '2026-05-23 14:30:00', 126), NULL, NULL, NULL, N'Equipo listo para revision final.', NULL);
INSERT INTO [Ordenes] ([id_orden], [diagnostico_id], [tecnico_id], [prioridad], [estado], [fecha_ingreso], [resultado_final], [enciende_salida], [usa_corriente_ac_salida], [observacion_final], [fecha_cierre]) VALUES (71, 71, 1, N'Normal', N'IRREPARABLE', CONVERT(DATETIME2, '2026-05-23 20:30:00', 126), NULL, NULL, NULL, N'Orden demo para flujo tecnico.', NULL);
INSERT INTO [Ordenes] ([id_orden], [diagnostico_id], [tecnico_id], [prioridad], [estado], [fecha_ingreso], [resultado_final], [enciende_salida], [usa_corriente_ac_salida], [observacion_final], [fecha_cierre]) VALUES (72, 72, 3, N'Normal', N'APROBADO', CONVERT(DATETIME2, '2026-05-24 02:30:00', 126), N'IRREPARABLE', 1, 0, N'Pendiente confirmacion del cliente.', CONVERT(DATETIME2, '2026-05-21 16:00:00', 126));
INSERT INTO [Ordenes] ([id_orden], [diagnostico_id], [tecnico_id], [prioridad], [estado], [fecha_ingreso], [resultado_final], [enciende_salida], [usa_corriente_ac_salida], [observacion_final], [fecha_cierre]) VALUES (73, 73, 4, N'Urgente', N'PENDIENTE', CONVERT(DATETIME2, '2026-05-24 08:30:00', 126), N'REPARADO', 1, 1, N'Repuesto solicitado a inventario.', CONVERT(DATETIME2, '2026-05-21 19:00:00', 126));
INSERT INTO [Ordenes] ([id_orden], [diagnostico_id], [tecnico_id], [prioridad], [estado], [fecha_ingreso], [resultado_final], [enciende_salida], [usa_corriente_ac_salida], [observacion_final], [fecha_cierre]) VALUES (74, 74, 5, N'Alta', N'APROBADO', CONVERT(DATETIME2, '2026-05-24 14:30:00', 126), NULL, NULL, NULL, N'Pruebas funcionales en proceso.', NULL);
INSERT INTO [Ordenes] ([id_orden], [diagnostico_id], [tecnico_id], [prioridad], [estado], [fecha_ingreso], [resultado_final], [enciende_salida], [usa_corriente_ac_salida], [observacion_final], [fecha_cierre]) VALUES (75, 75, 6, N'Normal', N'EN_REPARACION', CONVERT(DATETIME2, '2026-05-24 20:30:00', 126), NULL, NULL, NULL, N'Equipo listo para revision final.', NULL);
INSERT INTO [Ordenes] ([id_orden], [diagnostico_id], [tecnico_id], [prioridad], [estado], [fecha_ingreso], [resultado_final], [enciende_salida], [usa_corriente_ac_salida], [observacion_final], [fecha_cierre]) VALUES (76, 76, 1, N'Normal', N'ESPERANDO_PIEZA', CONVERT(DATETIME2, '2026-05-25 02:30:00', 126), N'IRREPARABLE', 1, 1, N'Orden demo para flujo tecnico.', CONVERT(DATETIME2, '2026-05-22 04:00:00', 126));
INSERT INTO [Ordenes] ([id_orden], [diagnostico_id], [tecnico_id], [prioridad], [estado], [fecha_ingreso], [resultado_final], [enciende_salida], [usa_corriente_ac_salida], [observacion_final], [fecha_cierre]) VALUES (77, 77, 3, N'Urgente', N'FINALIZADO', CONVERT(DATETIME2, '2026-05-25 08:30:00', 126), N'REPARADO', 1, 1, N'Pendiente confirmacion del cliente.', CONVERT(DATETIME2, '2026-05-22 07:00:00', 126));
INSERT INTO [Ordenes] ([id_orden], [diagnostico_id], [tecnico_id], [prioridad], [estado], [fecha_ingreso], [resultado_final], [enciende_salida], [usa_corriente_ac_salida], [observacion_final], [fecha_cierre]) VALUES (78, 78, 4, N'Alta', N'ENTREGADO', CONVERT(DATETIME2, '2026-05-25 14:30:00', 126), NULL, NULL, NULL, N'Repuesto solicitado a inventario.', NULL);
INSERT INTO [Ordenes] ([id_orden], [diagnostico_id], [tecnico_id], [prioridad], [estado], [fecha_ingreso], [resultado_final], [enciende_salida], [usa_corriente_ac_salida], [observacion_final], [fecha_cierre]) VALUES (79, 79, 5, N'Normal', N'IRREPARABLE', CONVERT(DATETIME2, '2026-05-25 20:30:00', 126), NULL, NULL, NULL, N'Pruebas funcionales en proceso.', NULL);
INSERT INTO [Ordenes] ([id_orden], [diagnostico_id], [tecnico_id], [prioridad], [estado], [fecha_ingreso], [resultado_final], [enciende_salida], [usa_corriente_ac_salida], [observacion_final], [fecha_cierre]) VALUES (80, 80, 6, N'Normal', N'APROBADO', CONVERT(DATETIME2, '2026-05-26 02:30:00', 126), N'IRREPARABLE', 0, 1, N'Equipo listo para revision final.', CONVERT(DATETIME2, '2026-05-22 16:00:00', 126));
INSERT INTO [Ordenes] ([id_orden], [diagnostico_id], [tecnico_id], [prioridad], [estado], [fecha_ingreso], [resultado_final], [enciende_salida], [usa_corriente_ac_salida], [observacion_final], [fecha_cierre]) VALUES (81, 81, 1, N'Urgente', N'PENDIENTE', CONVERT(DATETIME2, '2026-05-26 08:30:00', 126), N'REPARADO', 1, 0, N'Orden demo para flujo tecnico.', CONVERT(DATETIME2, '2026-05-22 19:00:00', 126));
INSERT INTO [Ordenes] ([id_orden], [diagnostico_id], [tecnico_id], [prioridad], [estado], [fecha_ingreso], [resultado_final], [enciende_salida], [usa_corriente_ac_salida], [observacion_final], [fecha_cierre]) VALUES (82, 82, 3, N'Alta', N'APROBADO', CONVERT(DATETIME2, '2026-05-26 14:30:00', 126), NULL, NULL, NULL, N'Pendiente confirmacion del cliente.', NULL);
INSERT INTO [Ordenes] ([id_orden], [diagnostico_id], [tecnico_id], [prioridad], [estado], [fecha_ingreso], [resultado_final], [enciende_salida], [usa_corriente_ac_salida], [observacion_final], [fecha_cierre]) VALUES (83, 83, 4, N'Normal', N'EN_REPARACION', CONVERT(DATETIME2, '2026-05-26 20:30:00', 126), NULL, NULL, NULL, N'Repuesto solicitado a inventario.', NULL);
INSERT INTO [Ordenes] ([id_orden], [diagnostico_id], [tecnico_id], [prioridad], [estado], [fecha_ingreso], [resultado_final], [enciende_salida], [usa_corriente_ac_salida], [observacion_final], [fecha_cierre]) VALUES (84, 84, 5, N'Normal', N'ESPERANDO_PIEZA', CONVERT(DATETIME2, '2026-05-27 02:30:00', 126), N'IRREPARABLE', 1, 0, N'Pruebas funcionales en proceso.', CONVERT(DATETIME2, '2026-05-23 04:00:00', 126));
INSERT INTO [Ordenes] ([id_orden], [diagnostico_id], [tecnico_id], [prioridad], [estado], [fecha_ingreso], [resultado_final], [enciende_salida], [usa_corriente_ac_salida], [observacion_final], [fecha_cierre]) VALUES (85, 85, 6, N'Urgente', N'FINALIZADO', CONVERT(DATETIME2, '2026-05-27 08:30:00', 126), N'REPARADO', 0, 1, N'Equipo listo para revision final.', CONVERT(DATETIME2, '2026-05-23 07:00:00', 126));
INSERT INTO [Ordenes] ([id_orden], [diagnostico_id], [tecnico_id], [prioridad], [estado], [fecha_ingreso], [resultado_final], [enciende_salida], [usa_corriente_ac_salida], [observacion_final], [fecha_cierre]) VALUES (86, 86, 1, N'Alta', N'ENTREGADO', CONVERT(DATETIME2, '2026-05-27 14:30:00', 126), NULL, NULL, NULL, N'Orden demo para flujo tecnico.', NULL);
INSERT INTO [Ordenes] ([id_orden], [diagnostico_id], [tecnico_id], [prioridad], [estado], [fecha_ingreso], [resultado_final], [enciende_salida], [usa_corriente_ac_salida], [observacion_final], [fecha_cierre]) VALUES (87, 87, 3, N'Normal', N'IRREPARABLE', CONVERT(DATETIME2, '2026-05-27 20:30:00', 126), NULL, NULL, NULL, N'Pendiente confirmacion del cliente.', NULL);
INSERT INTO [Ordenes] ([id_orden], [diagnostico_id], [tecnico_id], [prioridad], [estado], [fecha_ingreso], [resultado_final], [enciende_salida], [usa_corriente_ac_salida], [observacion_final], [fecha_cierre]) VALUES (88, 88, 4, N'Normal', N'APROBADO', CONVERT(DATETIME2, '2026-05-28 02:30:00', 126), N'IRREPARABLE', 1, 1, N'Repuesto solicitado a inventario.', CONVERT(DATETIME2, '2026-05-23 16:00:00', 126));
INSERT INTO [Ordenes] ([id_orden], [diagnostico_id], [tecnico_id], [prioridad], [estado], [fecha_ingreso], [resultado_final], [enciende_salida], [usa_corriente_ac_salida], [observacion_final], [fecha_cierre]) VALUES (89, 89, 5, N'Urgente', N'PENDIENTE', CONVERT(DATETIME2, '2026-05-28 08:30:00', 126), N'REPARADO', 1, 1, N'Pruebas funcionales en proceso.', CONVERT(DATETIME2, '2026-05-23 19:00:00', 126));
INSERT INTO [Ordenes] ([id_orden], [diagnostico_id], [tecnico_id], [prioridad], [estado], [fecha_ingreso], [resultado_final], [enciende_salida], [usa_corriente_ac_salida], [observacion_final], [fecha_cierre]) VALUES (90, 90, 6, N'Alta', N'APROBADO', CONVERT(DATETIME2, '2026-05-28 14:30:00', 126), NULL, NULL, NULL, N'Equipo listo para revision final.', NULL);
INSERT INTO [Ordenes] ([id_orden], [diagnostico_id], [tecnico_id], [prioridad], [estado], [fecha_ingreso], [resultado_final], [enciende_salida], [usa_corriente_ac_salida], [observacion_final], [fecha_cierre]) VALUES (91, 91, 1, N'Normal', N'EN_REPARACION', CONVERT(DATETIME2, '2026-05-28 20:30:00', 126), NULL, NULL, NULL, N'Orden demo para flujo tecnico.', NULL);
INSERT INTO [Ordenes] ([id_orden], [diagnostico_id], [tecnico_id], [prioridad], [estado], [fecha_ingreso], [resultado_final], [enciende_salida], [usa_corriente_ac_salida], [observacion_final], [fecha_cierre]) VALUES (92, 92, 3, N'Normal', N'ESPERANDO_PIEZA', CONVERT(DATETIME2, '2026-05-29 02:30:00', 126), N'IRREPARABLE', 1, 1, N'Pendiente confirmacion del cliente.', CONVERT(DATETIME2, '2026-05-24 04:00:00', 126));
INSERT INTO [Ordenes] ([id_orden], [diagnostico_id], [tecnico_id], [prioridad], [estado], [fecha_ingreso], [resultado_final], [enciende_salida], [usa_corriente_ac_salida], [observacion_final], [fecha_cierre]) VALUES (93, 93, 4, N'Urgente', N'FINALIZADO', CONVERT(DATETIME2, '2026-05-29 08:30:00', 126), N'REPARADO', 1, 0, N'Repuesto solicitado a inventario.', CONVERT(DATETIME2, '2026-05-24 07:00:00', 126));
INSERT INTO [Ordenes] ([id_orden], [diagnostico_id], [tecnico_id], [prioridad], [estado], [fecha_ingreso], [resultado_final], [enciende_salida], [usa_corriente_ac_salida], [observacion_final], [fecha_cierre]) VALUES (94, 94, 5, N'Alta', N'ENTREGADO', CONVERT(DATETIME2, '2026-05-29 14:30:00', 126), NULL, NULL, NULL, N'Pruebas funcionales en proceso.', NULL);
INSERT INTO [Ordenes] ([id_orden], [diagnostico_id], [tecnico_id], [prioridad], [estado], [fecha_ingreso], [resultado_final], [enciende_salida], [usa_corriente_ac_salida], [observacion_final], [fecha_cierre]) VALUES (95, 95, 6, N'Normal', N'IRREPARABLE', CONVERT(DATETIME2, '2026-05-29 20:30:00', 126), NULL, NULL, NULL, N'Equipo listo para revision final.', NULL);
INSERT INTO [Ordenes] ([id_orden], [diagnostico_id], [tecnico_id], [prioridad], [estado], [fecha_ingreso], [resultado_final], [enciende_salida], [usa_corriente_ac_salida], [observacion_final], [fecha_cierre]) VALUES (96, 96, 1, N'Normal', N'APROBADO', CONVERT(DATETIME2, '2026-05-30 02:30:00', 126), N'IRREPARABLE', 1, 0, N'Orden demo para flujo tecnico.', CONVERT(DATETIME2, '2026-05-24 16:00:00', 126));
INSERT INTO [Ordenes] ([id_orden], [diagnostico_id], [tecnico_id], [prioridad], [estado], [fecha_ingreso], [resultado_final], [enciende_salida], [usa_corriente_ac_salida], [observacion_final], [fecha_cierre]) VALUES (97, 97, 3, N'Urgente', N'PENDIENTE', CONVERT(DATETIME2, '2026-05-30 08:30:00', 126), N'REPARADO', 1, 1, N'Pendiente confirmacion del cliente.', CONVERT(DATETIME2, '2026-05-24 19:00:00', 126));
INSERT INTO [Ordenes] ([id_orden], [diagnostico_id], [tecnico_id], [prioridad], [estado], [fecha_ingreso], [resultado_final], [enciende_salida], [usa_corriente_ac_salida], [observacion_final], [fecha_cierre]) VALUES (98, 98, 4, N'Alta', N'APROBADO', CONVERT(DATETIME2, '2026-05-30 14:30:00', 126), NULL, NULL, NULL, N'Repuesto solicitado a inventario.', NULL);
INSERT INTO [Ordenes] ([id_orden], [diagnostico_id], [tecnico_id], [prioridad], [estado], [fecha_ingreso], [resultado_final], [enciende_salida], [usa_corriente_ac_salida], [observacion_final], [fecha_cierre]) VALUES (99, 99, 5, N'Normal', N'EN_REPARACION', CONVERT(DATETIME2, '2026-05-30 20:30:00', 126), NULL, NULL, NULL, N'Pruebas funcionales en proceso.', NULL);
INSERT INTO [Ordenes] ([id_orden], [diagnostico_id], [tecnico_id], [prioridad], [estado], [fecha_ingreso], [resultado_final], [enciende_salida], [usa_corriente_ac_salida], [observacion_final], [fecha_cierre]) VALUES (100, 100, 6, N'Normal', N'ESPERANDO_PIEZA', CONVERT(DATETIME2, '2026-05-31 02:30:00', 126), N'IRREPARABLE', 0, 1, N'Equipo listo para revision final.', CONVERT(DATETIME2, '2026-05-25 04:00:00', 126));
INSERT INTO [Ordenes] ([id_orden], [diagnostico_id], [tecnico_id], [prioridad], [estado], [fecha_ingreso], [resultado_final], [enciende_salida], [usa_corriente_ac_salida], [observacion_final], [fecha_cierre]) VALUES (101, 101, 1, N'Urgente', N'FINALIZADO', CONVERT(DATETIME2, '2026-05-31 08:30:00', 126), N'REPARADO', 1, 1, N'Orden demo para flujo tecnico.', CONVERT(DATETIME2, '2026-05-25 07:00:00', 126));
INSERT INTO [Ordenes] ([id_orden], [diagnostico_id], [tecnico_id], [prioridad], [estado], [fecha_ingreso], [resultado_final], [enciende_salida], [usa_corriente_ac_salida], [observacion_final], [fecha_cierre]) VALUES (102, 102, 3, N'Alta', N'ENTREGADO', CONVERT(DATETIME2, '2026-05-31 14:30:00', 126), NULL, NULL, NULL, N'Pendiente confirmacion del cliente.', NULL);
INSERT INTO [Ordenes] ([id_orden], [diagnostico_id], [tecnico_id], [prioridad], [estado], [fecha_ingreso], [resultado_final], [enciende_salida], [usa_corriente_ac_salida], [observacion_final], [fecha_cierre]) VALUES (103, 103, 4, N'Normal', N'IRREPARABLE', CONVERT(DATETIME2, '2026-05-31 20:30:00', 126), NULL, NULL, NULL, N'Repuesto solicitado a inventario.', NULL);
INSERT INTO [Ordenes] ([id_orden], [diagnostico_id], [tecnico_id], [prioridad], [estado], [fecha_ingreso], [resultado_final], [enciende_salida], [usa_corriente_ac_salida], [observacion_final], [fecha_cierre]) VALUES (104, 104, 5, N'Normal', N'APROBADO', CONVERT(DATETIME2, '2026-06-01 02:30:00', 126), N'IRREPARABLE', 1, 1, N'Pruebas funcionales en proceso.', CONVERT(DATETIME2, '2026-05-25 16:00:00', 126));
INSERT INTO [Ordenes] ([id_orden], [diagnostico_id], [tecnico_id], [prioridad], [estado], [fecha_ingreso], [resultado_final], [enciende_salida], [usa_corriente_ac_salida], [observacion_final], [fecha_cierre]) VALUES (105, 105, 6, N'Urgente', N'PENDIENTE', CONVERT(DATETIME2, '2026-06-01 08:30:00', 126), N'REPARADO', 0, 0, N'Equipo listo para revision final.', CONVERT(DATETIME2, '2026-05-25 19:00:00', 126));
INSERT INTO [Ordenes] ([id_orden], [diagnostico_id], [tecnico_id], [prioridad], [estado], [fecha_ingreso], [resultado_final], [enciende_salida], [usa_corriente_ac_salida], [observacion_final], [fecha_cierre]) VALUES (106, 106, 1, N'Alta', N'APROBADO', CONVERT(DATETIME2, '2026-06-01 14:30:00', 126), NULL, NULL, NULL, N'Orden demo para flujo tecnico.', NULL);
INSERT INTO [Ordenes] ([id_orden], [diagnostico_id], [tecnico_id], [prioridad], [estado], [fecha_ingreso], [resultado_final], [enciende_salida], [usa_corriente_ac_salida], [observacion_final], [fecha_cierre]) VALUES (107, 107, 3, N'Normal', N'EN_REPARACION', CONVERT(DATETIME2, '2026-06-01 20:30:00', 126), NULL, NULL, NULL, N'Pendiente confirmacion del cliente.', NULL);
INSERT INTO [Ordenes] ([id_orden], [diagnostico_id], [tecnico_id], [prioridad], [estado], [fecha_ingreso], [resultado_final], [enciende_salida], [usa_corriente_ac_salida], [observacion_final], [fecha_cierre]) VALUES (108, 108, 4, N'Normal', N'ESPERANDO_PIEZA', CONVERT(DATETIME2, '2026-06-02 02:30:00', 126), N'IRREPARABLE', 1, 0, N'Repuesto solicitado a inventario.', CONVERT(DATETIME2, '2026-05-26 04:00:00', 126));
INSERT INTO [Ordenes] ([id_orden], [diagnostico_id], [tecnico_id], [prioridad], [estado], [fecha_ingreso], [resultado_final], [enciende_salida], [usa_corriente_ac_salida], [observacion_final], [fecha_cierre]) VALUES (109, 109, 5, N'Urgente', N'FINALIZADO', CONVERT(DATETIME2, '2026-06-02 08:30:00', 126), N'REPARADO', 1, 1, N'Pruebas funcionales en proceso.', CONVERT(DATETIME2, '2026-05-26 07:00:00', 126));
INSERT INTO [Ordenes] ([id_orden], [diagnostico_id], [tecnico_id], [prioridad], [estado], [fecha_ingreso], [resultado_final], [enciende_salida], [usa_corriente_ac_salida], [observacion_final], [fecha_cierre]) VALUES (110, 110, 6, N'Alta', N'ENTREGADO', CONVERT(DATETIME2, '2026-06-02 14:30:00', 126), NULL, NULL, NULL, N'Equipo listo para revision final.', NULL);
INSERT INTO [Ordenes] ([id_orden], [diagnostico_id], [tecnico_id], [prioridad], [estado], [fecha_ingreso], [resultado_final], [enciende_salida], [usa_corriente_ac_salida], [observacion_final], [fecha_cierre]) VALUES (111, 111, 1, N'Normal', N'IRREPARABLE', CONVERT(DATETIME2, '2026-06-02 20:30:00', 126), NULL, NULL, NULL, N'Orden demo para flujo tecnico.', NULL);
INSERT INTO [Ordenes] ([id_orden], [diagnostico_id], [tecnico_id], [prioridad], [estado], [fecha_ingreso], [resultado_final], [enciende_salida], [usa_corriente_ac_salida], [observacion_final], [fecha_cierre]) VALUES (112, 112, 3, N'Normal', N'APROBADO', CONVERT(DATETIME2, '2026-06-03 02:30:00', 126), N'IRREPARABLE', 1, 1, N'Pendiente confirmacion del cliente.', CONVERT(DATETIME2, '2026-05-26 16:00:00', 126));
INSERT INTO [Ordenes] ([id_orden], [diagnostico_id], [tecnico_id], [prioridad], [estado], [fecha_ingreso], [resultado_final], [enciende_salida], [usa_corriente_ac_salida], [observacion_final], [fecha_cierre]) VALUES (113, 113, 4, N'Urgente', N'PENDIENTE', CONVERT(DATETIME2, '2026-06-03 08:30:00', 126), N'REPARADO', 1, 1, N'Repuesto solicitado a inventario.', CONVERT(DATETIME2, '2026-05-26 19:00:00', 126));
INSERT INTO [Ordenes] ([id_orden], [diagnostico_id], [tecnico_id], [prioridad], [estado], [fecha_ingreso], [resultado_final], [enciende_salida], [usa_corriente_ac_salida], [observacion_final], [fecha_cierre]) VALUES (114, 114, 5, N'Alta', N'APROBADO', CONVERT(DATETIME2, '2026-06-03 14:30:00', 126), NULL, NULL, NULL, N'Pruebas funcionales en proceso.', NULL);
INSERT INTO [Ordenes] ([id_orden], [diagnostico_id], [tecnico_id], [prioridad], [estado], [fecha_ingreso], [resultado_final], [enciende_salida], [usa_corriente_ac_salida], [observacion_final], [fecha_cierre]) VALUES (115, 115, 6, N'Normal', N'EN_REPARACION', CONVERT(DATETIME2, '2026-06-03 20:30:00', 126), NULL, NULL, NULL, N'Equipo listo para revision final.', NULL);
INSERT INTO [Ordenes] ([id_orden], [diagnostico_id], [tecnico_id], [prioridad], [estado], [fecha_ingreso], [resultado_final], [enciende_salida], [usa_corriente_ac_salida], [observacion_final], [fecha_cierre]) VALUES (116, 116, 1, N'Normal', N'ESPERANDO_PIEZA', CONVERT(DATETIME2, '2026-06-04 02:30:00', 126), N'IRREPARABLE', 1, 1, N'Orden demo para flujo tecnico.', CONVERT(DATETIME2, '2026-05-27 04:00:00', 126));
INSERT INTO [Ordenes] ([id_orden], [diagnostico_id], [tecnico_id], [prioridad], [estado], [fecha_ingreso], [resultado_final], [enciende_salida], [usa_corriente_ac_salida], [observacion_final], [fecha_cierre]) VALUES (117, 117, 3, N'Urgente', N'FINALIZADO', CONVERT(DATETIME2, '2026-06-04 08:30:00', 126), N'REPARADO', 1, 0, N'Pendiente confirmacion del cliente.', CONVERT(DATETIME2, '2026-05-27 07:00:00', 126));
INSERT INTO [Ordenes] ([id_orden], [diagnostico_id], [tecnico_id], [prioridad], [estado], [fecha_ingreso], [resultado_final], [enciende_salida], [usa_corriente_ac_salida], [observacion_final], [fecha_cierre]) VALUES (118, 118, 4, N'Alta', N'ENTREGADO', CONVERT(DATETIME2, '2026-06-04 14:30:00', 126), NULL, NULL, NULL, N'Repuesto solicitado a inventario.', NULL);
INSERT INTO [Ordenes] ([id_orden], [diagnostico_id], [tecnico_id], [prioridad], [estado], [fecha_ingreso], [resultado_final], [enciende_salida], [usa_corriente_ac_salida], [observacion_final], [fecha_cierre]) VALUES (119, 119, 5, N'Normal', N'IRREPARABLE', CONVERT(DATETIME2, '2026-06-04 20:30:00', 126), NULL, NULL, NULL, N'Pruebas funcionales en proceso.', NULL);
INSERT INTO [Ordenes] ([id_orden], [diagnostico_id], [tecnico_id], [prioridad], [estado], [fecha_ingreso], [resultado_final], [enciende_salida], [usa_corriente_ac_salida], [observacion_final], [fecha_cierre]) VALUES (120, 120, 6, N'Normal', N'APROBADO', CONVERT(DATETIME2, '2026-06-05 02:30:00', 126), N'IRREPARABLE', 0, 0, N'Equipo listo para revision final.', CONVERT(DATETIME2, '2026-05-27 16:00:00', 126));
GO

-- Datos de Ordenes_Repuestos: 120 registros
INSERT INTO [Ordenes_Repuestos] ([id_detalle_repuesto], [orden_id], [repuesto_id], [pieza_solicitada], [cantidad_usada], [estado_aprobacion]) VALUES (1, 1, 1, N'Pieza solicitada demo #01', 2, N'APROBADO');
INSERT INTO [Ordenes_Repuestos] ([id_detalle_repuesto], [orden_id], [repuesto_id], [pieza_solicitada], [cantidad_usada], [estado_aprobacion]) VALUES (2, 2, 2, N'Pieza solicitada demo #02', 3, N'PENDIENTE');
INSERT INTO [Ordenes_Repuestos] ([id_detalle_repuesto], [orden_id], [repuesto_id], [pieza_solicitada], [cantidad_usada], [estado_aprobacion]) VALUES (3, 3, 3, N'Pieza solicitada demo #03', 1, N'DENEGADO');
INSERT INTO [Ordenes_Repuestos] ([id_detalle_repuesto], [orden_id], [repuesto_id], [pieza_solicitada], [cantidad_usada], [estado_aprobacion]) VALUES (4, 4, 4, N'Pieza solicitada demo #04', 2, N'APROBADO');
INSERT INTO [Ordenes_Repuestos] ([id_detalle_repuesto], [orden_id], [repuesto_id], [pieza_solicitada], [cantidad_usada], [estado_aprobacion]) VALUES (5, 5, 5, N'Pieza solicitada demo #05', 3, N'APROBADO');
INSERT INTO [Ordenes_Repuestos] ([id_detalle_repuesto], [orden_id], [repuesto_id], [pieza_solicitada], [cantidad_usada], [estado_aprobacion]) VALUES (6, 6, 6, N'Pieza solicitada demo #06', 1, N'PENDIENTE');
INSERT INTO [Ordenes_Repuestos] ([id_detalle_repuesto], [orden_id], [repuesto_id], [pieza_solicitada], [cantidad_usada], [estado_aprobacion]) VALUES (7, 7, 7, N'Pieza solicitada demo #07', 2, N'DENEGADO');
INSERT INTO [Ordenes_Repuestos] ([id_detalle_repuesto], [orden_id], [repuesto_id], [pieza_solicitada], [cantidad_usada], [estado_aprobacion]) VALUES (8, 8, 8, N'Pieza solicitada demo #08', 3, N'APROBADO');
INSERT INTO [Ordenes_Repuestos] ([id_detalle_repuesto], [orden_id], [repuesto_id], [pieza_solicitada], [cantidad_usada], [estado_aprobacion]) VALUES (9, 9, 9, N'Pieza solicitada demo #09', 1, N'APROBADO');
INSERT INTO [Ordenes_Repuestos] ([id_detalle_repuesto], [orden_id], [repuesto_id], [pieza_solicitada], [cantidad_usada], [estado_aprobacion]) VALUES (10, 10, 10, N'Pieza solicitada demo #10', 2, N'PENDIENTE');
INSERT INTO [Ordenes_Repuestos] ([id_detalle_repuesto], [orden_id], [repuesto_id], [pieza_solicitada], [cantidad_usada], [estado_aprobacion]) VALUES (11, 11, 11, N'Pieza solicitada demo #11', 3, N'DENEGADO');
INSERT INTO [Ordenes_Repuestos] ([id_detalle_repuesto], [orden_id], [repuesto_id], [pieza_solicitada], [cantidad_usada], [estado_aprobacion]) VALUES (12, 12, 12, N'Pieza solicitada demo #12', 1, N'APROBADO');
INSERT INTO [Ordenes_Repuestos] ([id_detalle_repuesto], [orden_id], [repuesto_id], [pieza_solicitada], [cantidad_usada], [estado_aprobacion]) VALUES (13, 13, 13, N'Pieza solicitada demo #13', 2, N'APROBADO');
INSERT INTO [Ordenes_Repuestos] ([id_detalle_repuesto], [orden_id], [repuesto_id], [pieza_solicitada], [cantidad_usada], [estado_aprobacion]) VALUES (14, 14, 14, N'Pieza solicitada demo #14', 3, N'PENDIENTE');
INSERT INTO [Ordenes_Repuestos] ([id_detalle_repuesto], [orden_id], [repuesto_id], [pieza_solicitada], [cantidad_usada], [estado_aprobacion]) VALUES (15, 15, 15, N'Pieza solicitada demo #15', 1, N'DENEGADO');
INSERT INTO [Ordenes_Repuestos] ([id_detalle_repuesto], [orden_id], [repuesto_id], [pieza_solicitada], [cantidad_usada], [estado_aprobacion]) VALUES (16, 16, 16, N'Pieza solicitada demo #16', 2, N'APROBADO');
INSERT INTO [Ordenes_Repuestos] ([id_detalle_repuesto], [orden_id], [repuesto_id], [pieza_solicitada], [cantidad_usada], [estado_aprobacion]) VALUES (17, 17, 17, N'Pieza solicitada demo #17', 3, N'APROBADO');
INSERT INTO [Ordenes_Repuestos] ([id_detalle_repuesto], [orden_id], [repuesto_id], [pieza_solicitada], [cantidad_usada], [estado_aprobacion]) VALUES (18, 18, 18, N'Pieza solicitada demo #18', 1, N'PENDIENTE');
INSERT INTO [Ordenes_Repuestos] ([id_detalle_repuesto], [orden_id], [repuesto_id], [pieza_solicitada], [cantidad_usada], [estado_aprobacion]) VALUES (19, 19, 19, N'Pieza solicitada demo #19', 2, N'DENEGADO');
INSERT INTO [Ordenes_Repuestos] ([id_detalle_repuesto], [orden_id], [repuesto_id], [pieza_solicitada], [cantidad_usada], [estado_aprobacion]) VALUES (20, 20, 20, N'Pieza solicitada demo #20', 3, N'APROBADO');
INSERT INTO [Ordenes_Repuestos] ([id_detalle_repuesto], [orden_id], [repuesto_id], [pieza_solicitada], [cantidad_usada], [estado_aprobacion]) VALUES (21, 21, 21, N'Pieza solicitada demo #21', 1, N'APROBADO');
INSERT INTO [Ordenes_Repuestos] ([id_detalle_repuesto], [orden_id], [repuesto_id], [pieza_solicitada], [cantidad_usada], [estado_aprobacion]) VALUES (22, 22, 22, N'Pieza solicitada demo #22', 2, N'PENDIENTE');
INSERT INTO [Ordenes_Repuestos] ([id_detalle_repuesto], [orden_id], [repuesto_id], [pieza_solicitada], [cantidad_usada], [estado_aprobacion]) VALUES (23, 23, 23, N'Pieza solicitada demo #23', 3, N'DENEGADO');
INSERT INTO [Ordenes_Repuestos] ([id_detalle_repuesto], [orden_id], [repuesto_id], [pieza_solicitada], [cantidad_usada], [estado_aprobacion]) VALUES (24, 24, 24, N'Pieza solicitada demo #24', 1, N'APROBADO');
INSERT INTO [Ordenes_Repuestos] ([id_detalle_repuesto], [orden_id], [repuesto_id], [pieza_solicitada], [cantidad_usada], [estado_aprobacion]) VALUES (25, 25, 25, N'Pieza solicitada demo #25', 2, N'APROBADO');
INSERT INTO [Ordenes_Repuestos] ([id_detalle_repuesto], [orden_id], [repuesto_id], [pieza_solicitada], [cantidad_usada], [estado_aprobacion]) VALUES (26, 26, 26, N'Pieza solicitada demo #26', 3, N'PENDIENTE');
INSERT INTO [Ordenes_Repuestos] ([id_detalle_repuesto], [orden_id], [repuesto_id], [pieza_solicitada], [cantidad_usada], [estado_aprobacion]) VALUES (27, 27, 27, N'Pieza solicitada demo #27', 1, N'DENEGADO');
INSERT INTO [Ordenes_Repuestos] ([id_detalle_repuesto], [orden_id], [repuesto_id], [pieza_solicitada], [cantidad_usada], [estado_aprobacion]) VALUES (28, 28, 28, N'Pieza solicitada demo #28', 2, N'APROBADO');
INSERT INTO [Ordenes_Repuestos] ([id_detalle_repuesto], [orden_id], [repuesto_id], [pieza_solicitada], [cantidad_usada], [estado_aprobacion]) VALUES (29, 29, 29, N'Pieza solicitada demo #29', 3, N'APROBADO');
INSERT INTO [Ordenes_Repuestos] ([id_detalle_repuesto], [orden_id], [repuesto_id], [pieza_solicitada], [cantidad_usada], [estado_aprobacion]) VALUES (30, 30, 30, N'Pieza solicitada demo #30', 1, N'PENDIENTE');
INSERT INTO [Ordenes_Repuestos] ([id_detalle_repuesto], [orden_id], [repuesto_id], [pieza_solicitada], [cantidad_usada], [estado_aprobacion]) VALUES (31, 31, 31, N'Pieza solicitada demo #31', 2, N'DENEGADO');
INSERT INTO [Ordenes_Repuestos] ([id_detalle_repuesto], [orden_id], [repuesto_id], [pieza_solicitada], [cantidad_usada], [estado_aprobacion]) VALUES (32, 32, 32, N'Pieza solicitada demo #32', 3, N'APROBADO');
INSERT INTO [Ordenes_Repuestos] ([id_detalle_repuesto], [orden_id], [repuesto_id], [pieza_solicitada], [cantidad_usada], [estado_aprobacion]) VALUES (33, 33, 33, N'Pieza solicitada demo #33', 1, N'APROBADO');
INSERT INTO [Ordenes_Repuestos] ([id_detalle_repuesto], [orden_id], [repuesto_id], [pieza_solicitada], [cantidad_usada], [estado_aprobacion]) VALUES (34, 34, 34, N'Pieza solicitada demo #34', 2, N'PENDIENTE');
INSERT INTO [Ordenes_Repuestos] ([id_detalle_repuesto], [orden_id], [repuesto_id], [pieza_solicitada], [cantidad_usada], [estado_aprobacion]) VALUES (35, 35, 35, N'Pieza solicitada demo #35', 3, N'DENEGADO');
INSERT INTO [Ordenes_Repuestos] ([id_detalle_repuesto], [orden_id], [repuesto_id], [pieza_solicitada], [cantidad_usada], [estado_aprobacion]) VALUES (36, 36, 36, N'Pieza solicitada demo #36', 1, N'APROBADO');
INSERT INTO [Ordenes_Repuestos] ([id_detalle_repuesto], [orden_id], [repuesto_id], [pieza_solicitada], [cantidad_usada], [estado_aprobacion]) VALUES (37, 37, 37, N'Pieza solicitada demo #37', 2, N'APROBADO');
INSERT INTO [Ordenes_Repuestos] ([id_detalle_repuesto], [orden_id], [repuesto_id], [pieza_solicitada], [cantidad_usada], [estado_aprobacion]) VALUES (38, 38, 38, N'Pieza solicitada demo #38', 3, N'PENDIENTE');
INSERT INTO [Ordenes_Repuestos] ([id_detalle_repuesto], [orden_id], [repuesto_id], [pieza_solicitada], [cantidad_usada], [estado_aprobacion]) VALUES (39, 39, 39, N'Pieza solicitada demo #39', 1, N'DENEGADO');
INSERT INTO [Ordenes_Repuestos] ([id_detalle_repuesto], [orden_id], [repuesto_id], [pieza_solicitada], [cantidad_usada], [estado_aprobacion]) VALUES (40, 40, 40, N'Pieza solicitada demo #40', 2, N'APROBADO');
INSERT INTO [Ordenes_Repuestos] ([id_detalle_repuesto], [orden_id], [repuesto_id], [pieza_solicitada], [cantidad_usada], [estado_aprobacion]) VALUES (41, 41, 41, N'Pieza solicitada demo #41', 3, N'APROBADO');
INSERT INTO [Ordenes_Repuestos] ([id_detalle_repuesto], [orden_id], [repuesto_id], [pieza_solicitada], [cantidad_usada], [estado_aprobacion]) VALUES (42, 42, 42, N'Pieza solicitada demo #42', 1, N'PENDIENTE');
INSERT INTO [Ordenes_Repuestos] ([id_detalle_repuesto], [orden_id], [repuesto_id], [pieza_solicitada], [cantidad_usada], [estado_aprobacion]) VALUES (43, 43, 43, N'Pieza solicitada demo #43', 2, N'DENEGADO');
INSERT INTO [Ordenes_Repuestos] ([id_detalle_repuesto], [orden_id], [repuesto_id], [pieza_solicitada], [cantidad_usada], [estado_aprobacion]) VALUES (44, 44, 44, N'Pieza solicitada demo #44', 3, N'APROBADO');
INSERT INTO [Ordenes_Repuestos] ([id_detalle_repuesto], [orden_id], [repuesto_id], [pieza_solicitada], [cantidad_usada], [estado_aprobacion]) VALUES (45, 45, 45, N'Pieza solicitada demo #45', 1, N'APROBADO');
INSERT INTO [Ordenes_Repuestos] ([id_detalle_repuesto], [orden_id], [repuesto_id], [pieza_solicitada], [cantidad_usada], [estado_aprobacion]) VALUES (46, 46, 46, N'Pieza solicitada demo #46', 2, N'PENDIENTE');
INSERT INTO [Ordenes_Repuestos] ([id_detalle_repuesto], [orden_id], [repuesto_id], [pieza_solicitada], [cantidad_usada], [estado_aprobacion]) VALUES (47, 47, 47, N'Pieza solicitada demo #47', 3, N'DENEGADO');
INSERT INTO [Ordenes_Repuestos] ([id_detalle_repuesto], [orden_id], [repuesto_id], [pieza_solicitada], [cantidad_usada], [estado_aprobacion]) VALUES (48, 48, 48, N'Pieza solicitada demo #48', 1, N'APROBADO');
INSERT INTO [Ordenes_Repuestos] ([id_detalle_repuesto], [orden_id], [repuesto_id], [pieza_solicitada], [cantidad_usada], [estado_aprobacion]) VALUES (49, 49, 49, N'Pieza solicitada demo #49', 2, N'APROBADO');
INSERT INTO [Ordenes_Repuestos] ([id_detalle_repuesto], [orden_id], [repuesto_id], [pieza_solicitada], [cantidad_usada], [estado_aprobacion]) VALUES (50, 50, 50, N'Pieza solicitada demo #50', 3, N'PENDIENTE');
INSERT INTO [Ordenes_Repuestos] ([id_detalle_repuesto], [orden_id], [repuesto_id], [pieza_solicitada], [cantidad_usada], [estado_aprobacion]) VALUES (51, 51, 51, N'Pieza solicitada demo #51', 1, N'DENEGADO');
INSERT INTO [Ordenes_Repuestos] ([id_detalle_repuesto], [orden_id], [repuesto_id], [pieza_solicitada], [cantidad_usada], [estado_aprobacion]) VALUES (52, 52, 52, N'Pieza solicitada demo #52', 2, N'APROBADO');
INSERT INTO [Ordenes_Repuestos] ([id_detalle_repuesto], [orden_id], [repuesto_id], [pieza_solicitada], [cantidad_usada], [estado_aprobacion]) VALUES (53, 53, 53, N'Pieza solicitada demo #53', 3, N'APROBADO');
INSERT INTO [Ordenes_Repuestos] ([id_detalle_repuesto], [orden_id], [repuesto_id], [pieza_solicitada], [cantidad_usada], [estado_aprobacion]) VALUES (54, 54, 54, N'Pieza solicitada demo #54', 1, N'PENDIENTE');
INSERT INTO [Ordenes_Repuestos] ([id_detalle_repuesto], [orden_id], [repuesto_id], [pieza_solicitada], [cantidad_usada], [estado_aprobacion]) VALUES (55, 55, 55, N'Pieza solicitada demo #55', 2, N'DENEGADO');
INSERT INTO [Ordenes_Repuestos] ([id_detalle_repuesto], [orden_id], [repuesto_id], [pieza_solicitada], [cantidad_usada], [estado_aprobacion]) VALUES (56, 56, 56, N'Pieza solicitada demo #56', 3, N'APROBADO');
INSERT INTO [Ordenes_Repuestos] ([id_detalle_repuesto], [orden_id], [repuesto_id], [pieza_solicitada], [cantidad_usada], [estado_aprobacion]) VALUES (57, 57, 57, N'Pieza solicitada demo #57', 1, N'APROBADO');
INSERT INTO [Ordenes_Repuestos] ([id_detalle_repuesto], [orden_id], [repuesto_id], [pieza_solicitada], [cantidad_usada], [estado_aprobacion]) VALUES (58, 58, 58, N'Pieza solicitada demo #58', 2, N'PENDIENTE');
INSERT INTO [Ordenes_Repuestos] ([id_detalle_repuesto], [orden_id], [repuesto_id], [pieza_solicitada], [cantidad_usada], [estado_aprobacion]) VALUES (59, 59, 59, N'Pieza solicitada demo #59', 3, N'DENEGADO');
INSERT INTO [Ordenes_Repuestos] ([id_detalle_repuesto], [orden_id], [repuesto_id], [pieza_solicitada], [cantidad_usada], [estado_aprobacion]) VALUES (60, 60, 60, N'Pieza solicitada demo #60', 1, N'APROBADO');
INSERT INTO [Ordenes_Repuestos] ([id_detalle_repuesto], [orden_id], [repuesto_id], [pieza_solicitada], [cantidad_usada], [estado_aprobacion]) VALUES (61, 61, 61, N'Pieza solicitada demo #61', 2, N'APROBADO');
INSERT INTO [Ordenes_Repuestos] ([id_detalle_repuesto], [orden_id], [repuesto_id], [pieza_solicitada], [cantidad_usada], [estado_aprobacion]) VALUES (62, 62, 62, N'Pieza solicitada demo #62', 3, N'PENDIENTE');
INSERT INTO [Ordenes_Repuestos] ([id_detalle_repuesto], [orden_id], [repuesto_id], [pieza_solicitada], [cantidad_usada], [estado_aprobacion]) VALUES (63, 63, 63, N'Pieza solicitada demo #63', 1, N'DENEGADO');
INSERT INTO [Ordenes_Repuestos] ([id_detalle_repuesto], [orden_id], [repuesto_id], [pieza_solicitada], [cantidad_usada], [estado_aprobacion]) VALUES (64, 64, 64, N'Pieza solicitada demo #64', 2, N'APROBADO');
INSERT INTO [Ordenes_Repuestos] ([id_detalle_repuesto], [orden_id], [repuesto_id], [pieza_solicitada], [cantidad_usada], [estado_aprobacion]) VALUES (65, 65, 65, N'Pieza solicitada demo #65', 3, N'APROBADO');
INSERT INTO [Ordenes_Repuestos] ([id_detalle_repuesto], [orden_id], [repuesto_id], [pieza_solicitada], [cantidad_usada], [estado_aprobacion]) VALUES (66, 66, 66, N'Pieza solicitada demo #66', 1, N'PENDIENTE');
INSERT INTO [Ordenes_Repuestos] ([id_detalle_repuesto], [orden_id], [repuesto_id], [pieza_solicitada], [cantidad_usada], [estado_aprobacion]) VALUES (67, 67, 67, N'Pieza solicitada demo #67', 2, N'DENEGADO');
INSERT INTO [Ordenes_Repuestos] ([id_detalle_repuesto], [orden_id], [repuesto_id], [pieza_solicitada], [cantidad_usada], [estado_aprobacion]) VALUES (68, 68, 68, N'Pieza solicitada demo #68', 3, N'APROBADO');
INSERT INTO [Ordenes_Repuestos] ([id_detalle_repuesto], [orden_id], [repuesto_id], [pieza_solicitada], [cantidad_usada], [estado_aprobacion]) VALUES (69, 69, 69, N'Pieza solicitada demo #69', 1, N'APROBADO');
INSERT INTO [Ordenes_Repuestos] ([id_detalle_repuesto], [orden_id], [repuesto_id], [pieza_solicitada], [cantidad_usada], [estado_aprobacion]) VALUES (70, 70, 70, N'Pieza solicitada demo #70', 2, N'PENDIENTE');
INSERT INTO [Ordenes_Repuestos] ([id_detalle_repuesto], [orden_id], [repuesto_id], [pieza_solicitada], [cantidad_usada], [estado_aprobacion]) VALUES (71, 71, 71, N'Pieza solicitada demo #71', 3, N'DENEGADO');
INSERT INTO [Ordenes_Repuestos] ([id_detalle_repuesto], [orden_id], [repuesto_id], [pieza_solicitada], [cantidad_usada], [estado_aprobacion]) VALUES (72, 72, 72, N'Pieza solicitada demo #72', 1, N'APROBADO');
INSERT INTO [Ordenes_Repuestos] ([id_detalle_repuesto], [orden_id], [repuesto_id], [pieza_solicitada], [cantidad_usada], [estado_aprobacion]) VALUES (73, 73, 73, N'Pieza solicitada demo #73', 2, N'APROBADO');
INSERT INTO [Ordenes_Repuestos] ([id_detalle_repuesto], [orden_id], [repuesto_id], [pieza_solicitada], [cantidad_usada], [estado_aprobacion]) VALUES (74, 74, 74, N'Pieza solicitada demo #74', 3, N'PENDIENTE');
INSERT INTO [Ordenes_Repuestos] ([id_detalle_repuesto], [orden_id], [repuesto_id], [pieza_solicitada], [cantidad_usada], [estado_aprobacion]) VALUES (75, 75, 75, N'Pieza solicitada demo #75', 1, N'DENEGADO');
INSERT INTO [Ordenes_Repuestos] ([id_detalle_repuesto], [orden_id], [repuesto_id], [pieza_solicitada], [cantidad_usada], [estado_aprobacion]) VALUES (76, 76, 76, N'Pieza solicitada demo #76', 2, N'APROBADO');
INSERT INTO [Ordenes_Repuestos] ([id_detalle_repuesto], [orden_id], [repuesto_id], [pieza_solicitada], [cantidad_usada], [estado_aprobacion]) VALUES (77, 77, 77, N'Pieza solicitada demo #77', 3, N'APROBADO');
INSERT INTO [Ordenes_Repuestos] ([id_detalle_repuesto], [orden_id], [repuesto_id], [pieza_solicitada], [cantidad_usada], [estado_aprobacion]) VALUES (78, 78, 78, N'Pieza solicitada demo #78', 1, N'PENDIENTE');
INSERT INTO [Ordenes_Repuestos] ([id_detalle_repuesto], [orden_id], [repuesto_id], [pieza_solicitada], [cantidad_usada], [estado_aprobacion]) VALUES (79, 79, 79, N'Pieza solicitada demo #79', 2, N'DENEGADO');
INSERT INTO [Ordenes_Repuestos] ([id_detalle_repuesto], [orden_id], [repuesto_id], [pieza_solicitada], [cantidad_usada], [estado_aprobacion]) VALUES (80, 80, 80, N'Pieza solicitada demo #80', 3, N'APROBADO');
INSERT INTO [Ordenes_Repuestos] ([id_detalle_repuesto], [orden_id], [repuesto_id], [pieza_solicitada], [cantidad_usada], [estado_aprobacion]) VALUES (81, 81, 81, N'Pieza solicitada demo #81', 1, N'APROBADO');
INSERT INTO [Ordenes_Repuestos] ([id_detalle_repuesto], [orden_id], [repuesto_id], [pieza_solicitada], [cantidad_usada], [estado_aprobacion]) VALUES (82, 82, 82, N'Pieza solicitada demo #82', 2, N'PENDIENTE');
INSERT INTO [Ordenes_Repuestos] ([id_detalle_repuesto], [orden_id], [repuesto_id], [pieza_solicitada], [cantidad_usada], [estado_aprobacion]) VALUES (83, 83, 83, N'Pieza solicitada demo #83', 3, N'DENEGADO');
INSERT INTO [Ordenes_Repuestos] ([id_detalle_repuesto], [orden_id], [repuesto_id], [pieza_solicitada], [cantidad_usada], [estado_aprobacion]) VALUES (84, 84, 84, N'Pieza solicitada demo #84', 1, N'APROBADO');
INSERT INTO [Ordenes_Repuestos] ([id_detalle_repuesto], [orden_id], [repuesto_id], [pieza_solicitada], [cantidad_usada], [estado_aprobacion]) VALUES (85, 85, 85, N'Pieza solicitada demo #85', 2, N'APROBADO');
INSERT INTO [Ordenes_Repuestos] ([id_detalle_repuesto], [orden_id], [repuesto_id], [pieza_solicitada], [cantidad_usada], [estado_aprobacion]) VALUES (86, 86, 86, N'Pieza solicitada demo #86', 3, N'PENDIENTE');
INSERT INTO [Ordenes_Repuestos] ([id_detalle_repuesto], [orden_id], [repuesto_id], [pieza_solicitada], [cantidad_usada], [estado_aprobacion]) VALUES (87, 87, 87, N'Pieza solicitada demo #87', 1, N'DENEGADO');
INSERT INTO [Ordenes_Repuestos] ([id_detalle_repuesto], [orden_id], [repuesto_id], [pieza_solicitada], [cantidad_usada], [estado_aprobacion]) VALUES (88, 88, 88, N'Pieza solicitada demo #88', 2, N'APROBADO');
INSERT INTO [Ordenes_Repuestos] ([id_detalle_repuesto], [orden_id], [repuesto_id], [pieza_solicitada], [cantidad_usada], [estado_aprobacion]) VALUES (89, 89, 89, N'Pieza solicitada demo #89', 3, N'APROBADO');
INSERT INTO [Ordenes_Repuestos] ([id_detalle_repuesto], [orden_id], [repuesto_id], [pieza_solicitada], [cantidad_usada], [estado_aprobacion]) VALUES (90, 90, 90, N'Pieza solicitada demo #90', 1, N'PENDIENTE');
INSERT INTO [Ordenes_Repuestos] ([id_detalle_repuesto], [orden_id], [repuesto_id], [pieza_solicitada], [cantidad_usada], [estado_aprobacion]) VALUES (91, 91, 91, N'Pieza solicitada demo #91', 2, N'DENEGADO');
INSERT INTO [Ordenes_Repuestos] ([id_detalle_repuesto], [orden_id], [repuesto_id], [pieza_solicitada], [cantidad_usada], [estado_aprobacion]) VALUES (92, 92, 92, N'Pieza solicitada demo #92', 3, N'APROBADO');
INSERT INTO [Ordenes_Repuestos] ([id_detalle_repuesto], [orden_id], [repuesto_id], [pieza_solicitada], [cantidad_usada], [estado_aprobacion]) VALUES (93, 93, 93, N'Pieza solicitada demo #93', 1, N'APROBADO');
INSERT INTO [Ordenes_Repuestos] ([id_detalle_repuesto], [orden_id], [repuesto_id], [pieza_solicitada], [cantidad_usada], [estado_aprobacion]) VALUES (94, 94, 94, N'Pieza solicitada demo #94', 2, N'PENDIENTE');
INSERT INTO [Ordenes_Repuestos] ([id_detalle_repuesto], [orden_id], [repuesto_id], [pieza_solicitada], [cantidad_usada], [estado_aprobacion]) VALUES (95, 95, 95, N'Pieza solicitada demo #95', 3, N'DENEGADO');
INSERT INTO [Ordenes_Repuestos] ([id_detalle_repuesto], [orden_id], [repuesto_id], [pieza_solicitada], [cantidad_usada], [estado_aprobacion]) VALUES (96, 96, 96, N'Pieza solicitada demo #96', 1, N'APROBADO');
INSERT INTO [Ordenes_Repuestos] ([id_detalle_repuesto], [orden_id], [repuesto_id], [pieza_solicitada], [cantidad_usada], [estado_aprobacion]) VALUES (97, 97, 97, N'Pieza solicitada demo #97', 2, N'APROBADO');
INSERT INTO [Ordenes_Repuestos] ([id_detalle_repuesto], [orden_id], [repuesto_id], [pieza_solicitada], [cantidad_usada], [estado_aprobacion]) VALUES (98, 98, 98, N'Pieza solicitada demo #98', 3, N'PENDIENTE');
INSERT INTO [Ordenes_Repuestos] ([id_detalle_repuesto], [orden_id], [repuesto_id], [pieza_solicitada], [cantidad_usada], [estado_aprobacion]) VALUES (99, 99, 99, N'Pieza solicitada demo #99', 1, N'DENEGADO');
INSERT INTO [Ordenes_Repuestos] ([id_detalle_repuesto], [orden_id], [repuesto_id], [pieza_solicitada], [cantidad_usada], [estado_aprobacion]) VALUES (100, 100, 100, N'Pieza solicitada demo #10', 2, N'APROBADO');
INSERT INTO [Ordenes_Repuestos] ([id_detalle_repuesto], [orden_id], [repuesto_id], [pieza_solicitada], [cantidad_usada], [estado_aprobacion]) VALUES (101, 101, 101, N'Pieza solicitada demo #10', 3, N'APROBADO');
INSERT INTO [Ordenes_Repuestos] ([id_detalle_repuesto], [orden_id], [repuesto_id], [pieza_solicitada], [cantidad_usada], [estado_aprobacion]) VALUES (102, 102, 102, N'Pieza solicitada demo #10', 1, N'PENDIENTE');
INSERT INTO [Ordenes_Repuestos] ([id_detalle_repuesto], [orden_id], [repuesto_id], [pieza_solicitada], [cantidad_usada], [estado_aprobacion]) VALUES (103, 103, 103, N'Pieza solicitada demo #10', 2, N'DENEGADO');
INSERT INTO [Ordenes_Repuestos] ([id_detalle_repuesto], [orden_id], [repuesto_id], [pieza_solicitada], [cantidad_usada], [estado_aprobacion]) VALUES (104, 104, 104, N'Pieza solicitada demo #10', 3, N'APROBADO');
INSERT INTO [Ordenes_Repuestos] ([id_detalle_repuesto], [orden_id], [repuesto_id], [pieza_solicitada], [cantidad_usada], [estado_aprobacion]) VALUES (105, 105, 105, N'Pieza solicitada demo #10', 1, N'APROBADO');
INSERT INTO [Ordenes_Repuestos] ([id_detalle_repuesto], [orden_id], [repuesto_id], [pieza_solicitada], [cantidad_usada], [estado_aprobacion]) VALUES (106, 106, 106, N'Pieza solicitada demo #10', 2, N'PENDIENTE');
INSERT INTO [Ordenes_Repuestos] ([id_detalle_repuesto], [orden_id], [repuesto_id], [pieza_solicitada], [cantidad_usada], [estado_aprobacion]) VALUES (107, 107, 107, N'Pieza solicitada demo #10', 3, N'DENEGADO');
INSERT INTO [Ordenes_Repuestos] ([id_detalle_repuesto], [orden_id], [repuesto_id], [pieza_solicitada], [cantidad_usada], [estado_aprobacion]) VALUES (108, 108, 108, N'Pieza solicitada demo #10', 1, N'APROBADO');
INSERT INTO [Ordenes_Repuestos] ([id_detalle_repuesto], [orden_id], [repuesto_id], [pieza_solicitada], [cantidad_usada], [estado_aprobacion]) VALUES (109, 109, 109, N'Pieza solicitada demo #10', 2, N'APROBADO');
INSERT INTO [Ordenes_Repuestos] ([id_detalle_repuesto], [orden_id], [repuesto_id], [pieza_solicitada], [cantidad_usada], [estado_aprobacion]) VALUES (110, 110, 110, N'Pieza solicitada demo #11', 3, N'PENDIENTE');
INSERT INTO [Ordenes_Repuestos] ([id_detalle_repuesto], [orden_id], [repuesto_id], [pieza_solicitada], [cantidad_usada], [estado_aprobacion]) VALUES (111, 111, 111, N'Pieza solicitada demo #11', 1, N'DENEGADO');
INSERT INTO [Ordenes_Repuestos] ([id_detalle_repuesto], [orden_id], [repuesto_id], [pieza_solicitada], [cantidad_usada], [estado_aprobacion]) VALUES (112, 112, 112, N'Pieza solicitada demo #11', 2, N'APROBADO');
INSERT INTO [Ordenes_Repuestos] ([id_detalle_repuesto], [orden_id], [repuesto_id], [pieza_solicitada], [cantidad_usada], [estado_aprobacion]) VALUES (113, 113, 113, N'Pieza solicitada demo #11', 3, N'APROBADO');
INSERT INTO [Ordenes_Repuestos] ([id_detalle_repuesto], [orden_id], [repuesto_id], [pieza_solicitada], [cantidad_usada], [estado_aprobacion]) VALUES (114, 114, 114, N'Pieza solicitada demo #11', 1, N'PENDIENTE');
INSERT INTO [Ordenes_Repuestos] ([id_detalle_repuesto], [orden_id], [repuesto_id], [pieza_solicitada], [cantidad_usada], [estado_aprobacion]) VALUES (115, 115, 115, N'Pieza solicitada demo #11', 2, N'DENEGADO');
INSERT INTO [Ordenes_Repuestos] ([id_detalle_repuesto], [orden_id], [repuesto_id], [pieza_solicitada], [cantidad_usada], [estado_aprobacion]) VALUES (116, 116, 116, N'Pieza solicitada demo #11', 3, N'APROBADO');
INSERT INTO [Ordenes_Repuestos] ([id_detalle_repuesto], [orden_id], [repuesto_id], [pieza_solicitada], [cantidad_usada], [estado_aprobacion]) VALUES (117, 117, 117, N'Pieza solicitada demo #11', 1, N'APROBADO');
INSERT INTO [Ordenes_Repuestos] ([id_detalle_repuesto], [orden_id], [repuesto_id], [pieza_solicitada], [cantidad_usada], [estado_aprobacion]) VALUES (118, 118, 118, N'Pieza solicitada demo #11', 2, N'PENDIENTE');
INSERT INTO [Ordenes_Repuestos] ([id_detalle_repuesto], [orden_id], [repuesto_id], [pieza_solicitada], [cantidad_usada], [estado_aprobacion]) VALUES (119, 119, 119, N'Pieza solicitada demo #11', 3, N'DENEGADO');
INSERT INTO [Ordenes_Repuestos] ([id_detalle_repuesto], [orden_id], [repuesto_id], [pieza_solicitada], [cantidad_usada], [estado_aprobacion]) VALUES (120, 120, 120, N'Pieza solicitada demo #12', 1, N'APROBADO');
GO

-- Datos de Facturas: 120 registros
INSERT INTO [Facturas] ([id_factura], [orden_id], [fecha_emision], [monto_repuestos], [mano_obra], [subtotal], [impuestos], [total], [metodo_pago]) VALUES (1, 1, CONVERT(DATETIME2, '2026-05-13 10:00:00', 126), 342.25, 678.5, 1020.75, 153.11, 1173.86, N'Efectivo');
INSERT INTO [Facturas] ([id_factura], [orden_id], [fecha_emision], [monto_repuestos], [mano_obra], [subtotal], [impuestos], [total], [metodo_pago]) VALUES (2, 2, CONVERT(DATETIME2, '2026-05-13 18:00:00', 126), 384.5, 707, 1091.5, 163.73, 1255.23, N'Transferencia');
INSERT INTO [Facturas] ([id_factura], [orden_id], [fecha_emision], [monto_repuestos], [mano_obra], [subtotal], [impuestos], [total], [metodo_pago]) VALUES (3, 3, CONVERT(DATETIME2, '2026-05-14 02:00:00', 126), 426.75, 735.5, 1162.25, 174.34, 1336.59, N'Tarjeta');
INSERT INTO [Facturas] ([id_factura], [orden_id], [fecha_emision], [monto_repuestos], [mano_obra], [subtotal], [impuestos], [total], [metodo_pago]) VALUES (4, 4, CONVERT(DATETIME2, '2026-05-14 10:00:00', 126), 469, 764, 1233, 184.95, 1417.95, N'Transferencia');
INSERT INTO [Facturas] ([id_factura], [orden_id], [fecha_emision], [monto_repuestos], [mano_obra], [subtotal], [impuestos], [total], [metodo_pago]) VALUES (5, 5, CONVERT(DATETIME2, '2026-05-14 18:00:00', 126), 511.25, 792.5, 1303.75, 195.56, 1499.31, N'Efectivo');
INSERT INTO [Facturas] ([id_factura], [orden_id], [fecha_emision], [monto_repuestos], [mano_obra], [subtotal], [impuestos], [total], [metodo_pago]) VALUES (6, 6, CONVERT(DATETIME2, '2026-05-15 02:00:00', 126), 553.5, 821, 1374.5, 206.18, 1580.68, N'Transferencia');
INSERT INTO [Facturas] ([id_factura], [orden_id], [fecha_emision], [monto_repuestos], [mano_obra], [subtotal], [impuestos], [total], [metodo_pago]) VALUES (7, 7, CONVERT(DATETIME2, '2026-05-15 10:00:00', 126), 595.75, 849.5, 1445.25, 216.79, 1662.04, N'Tarjeta');
INSERT INTO [Facturas] ([id_factura], [orden_id], [fecha_emision], [monto_repuestos], [mano_obra], [subtotal], [impuestos], [total], [metodo_pago]) VALUES (8, 8, CONVERT(DATETIME2, '2026-05-15 18:00:00', 126), 638, 878, 1516, 227.4, 1743.4, N'Transferencia');
INSERT INTO [Facturas] ([id_factura], [orden_id], [fecha_emision], [monto_repuestos], [mano_obra], [subtotal], [impuestos], [total], [metodo_pago]) VALUES (9, 9, CONVERT(DATETIME2, '2026-05-16 02:00:00', 126), 680.25, 906.5, 1586.75, 238.01, 1824.76, N'Efectivo');
INSERT INTO [Facturas] ([id_factura], [orden_id], [fecha_emision], [monto_repuestos], [mano_obra], [subtotal], [impuestos], [total], [metodo_pago]) VALUES (10, 10, CONVERT(DATETIME2, '2026-05-16 10:00:00', 126), 722.5, 935, 1657.5, 248.63, 1906.13, N'Transferencia');
INSERT INTO [Facturas] ([id_factura], [orden_id], [fecha_emision], [monto_repuestos], [mano_obra], [subtotal], [impuestos], [total], [metodo_pago]) VALUES (11, 11, CONVERT(DATETIME2, '2026-05-16 18:00:00', 126), 764.75, 963.5, 1728.25, 259.24, 1987.49, N'Tarjeta');
INSERT INTO [Facturas] ([id_factura], [orden_id], [fecha_emision], [monto_repuestos], [mano_obra], [subtotal], [impuestos], [total], [metodo_pago]) VALUES (12, 12, CONVERT(DATETIME2, '2026-05-17 02:00:00', 126), 807, 992, 1799, 269.85, 2068.85, N'Transferencia');
INSERT INTO [Facturas] ([id_factura], [orden_id], [fecha_emision], [monto_repuestos], [mano_obra], [subtotal], [impuestos], [total], [metodo_pago]) VALUES (13, 13, CONVERT(DATETIME2, '2026-05-17 10:00:00', 126), 849.25, 1020.5, 1869.75, 280.46, 2150.21, N'Efectivo');
INSERT INTO [Facturas] ([id_factura], [orden_id], [fecha_emision], [monto_repuestos], [mano_obra], [subtotal], [impuestos], [total], [metodo_pago]) VALUES (14, 14, CONVERT(DATETIME2, '2026-05-17 18:00:00', 126), 891.5, 1049, 1940.5, 291.08, 2231.58, N'Transferencia');
INSERT INTO [Facturas] ([id_factura], [orden_id], [fecha_emision], [monto_repuestos], [mano_obra], [subtotal], [impuestos], [total], [metodo_pago]) VALUES (15, 15, CONVERT(DATETIME2, '2026-05-18 02:00:00', 126), 933.75, 1077.5, 2011.25, 301.69, 2312.94, N'Tarjeta');
INSERT INTO [Facturas] ([id_factura], [orden_id], [fecha_emision], [monto_repuestos], [mano_obra], [subtotal], [impuestos], [total], [metodo_pago]) VALUES (16, 16, CONVERT(DATETIME2, '2026-05-18 10:00:00', 126), 976, 1106, 2082, 312.3, 2394.3, N'Transferencia');
INSERT INTO [Facturas] ([id_factura], [orden_id], [fecha_emision], [monto_repuestos], [mano_obra], [subtotal], [impuestos], [total], [metodo_pago]) VALUES (17, 17, CONVERT(DATETIME2, '2026-05-18 18:00:00', 126), 1018.25, 1134.5, 2152.75, 322.91, 2475.66, N'Efectivo');
INSERT INTO [Facturas] ([id_factura], [orden_id], [fecha_emision], [monto_repuestos], [mano_obra], [subtotal], [impuestos], [total], [metodo_pago]) VALUES (18, 18, CONVERT(DATETIME2, '2026-05-19 02:00:00', 126), 1060.5, 1163, 2223.5, 333.53, 2557.03, N'Transferencia');
INSERT INTO [Facturas] ([id_factura], [orden_id], [fecha_emision], [monto_repuestos], [mano_obra], [subtotal], [impuestos], [total], [metodo_pago]) VALUES (19, 19, CONVERT(DATETIME2, '2026-05-19 10:00:00', 126), 1102.75, 1191.5, 2294.25, 344.14, 2638.39, N'Tarjeta');
INSERT INTO [Facturas] ([id_factura], [orden_id], [fecha_emision], [monto_repuestos], [mano_obra], [subtotal], [impuestos], [total], [metodo_pago]) VALUES (20, 20, CONVERT(DATETIME2, '2026-05-19 18:00:00', 126), 1145, 1220, 2365, 354.75, 2719.75, N'Transferencia');
INSERT INTO [Facturas] ([id_factura], [orden_id], [fecha_emision], [monto_repuestos], [mano_obra], [subtotal], [impuestos], [total], [metodo_pago]) VALUES (21, 21, CONVERT(DATETIME2, '2026-05-20 02:00:00', 126), 1187.25, 1248.5, 2435.75, 365.36, 2801.11, N'Efectivo');
INSERT INTO [Facturas] ([id_factura], [orden_id], [fecha_emision], [monto_repuestos], [mano_obra], [subtotal], [impuestos], [total], [metodo_pago]) VALUES (22, 22, CONVERT(DATETIME2, '2026-05-20 10:00:00', 126), 1229.5, 1277, 2506.5, 375.98, 2882.48, N'Transferencia');
INSERT INTO [Facturas] ([id_factura], [orden_id], [fecha_emision], [monto_repuestos], [mano_obra], [subtotal], [impuestos], [total], [metodo_pago]) VALUES (23, 23, CONVERT(DATETIME2, '2026-05-20 18:00:00', 126), 1271.75, 1305.5, 2577.25, 386.59, 2963.84, N'Tarjeta');
INSERT INTO [Facturas] ([id_factura], [orden_id], [fecha_emision], [monto_repuestos], [mano_obra], [subtotal], [impuestos], [total], [metodo_pago]) VALUES (24, 24, CONVERT(DATETIME2, '2026-05-21 02:00:00', 126), 1314, 1334, 2648, 397.2, 3045.2, N'Transferencia');
INSERT INTO [Facturas] ([id_factura], [orden_id], [fecha_emision], [monto_repuestos], [mano_obra], [subtotal], [impuestos], [total], [metodo_pago]) VALUES (25, 25, CONVERT(DATETIME2, '2026-05-21 10:00:00', 126), 1356.25, 1362.5, 2718.75, 407.81, 3126.56, N'Efectivo');
INSERT INTO [Facturas] ([id_factura], [orden_id], [fecha_emision], [monto_repuestos], [mano_obra], [subtotal], [impuestos], [total], [metodo_pago]) VALUES (26, 26, CONVERT(DATETIME2, '2026-05-21 18:00:00', 126), 1398.5, 1391, 2789.5, 418.43, 3207.93, N'Transferencia');
INSERT INTO [Facturas] ([id_factura], [orden_id], [fecha_emision], [monto_repuestos], [mano_obra], [subtotal], [impuestos], [total], [metodo_pago]) VALUES (27, 27, CONVERT(DATETIME2, '2026-05-22 02:00:00', 126), 1440.75, 1419.5, 2860.25, 429.04, 3289.29, N'Tarjeta');
INSERT INTO [Facturas] ([id_factura], [orden_id], [fecha_emision], [monto_repuestos], [mano_obra], [subtotal], [impuestos], [total], [metodo_pago]) VALUES (28, 28, CONVERT(DATETIME2, '2026-05-22 10:00:00', 126), 1483, 1448, 2931, 439.65, 3370.65, N'Transferencia');
INSERT INTO [Facturas] ([id_factura], [orden_id], [fecha_emision], [monto_repuestos], [mano_obra], [subtotal], [impuestos], [total], [metodo_pago]) VALUES (29, 29, CONVERT(DATETIME2, '2026-05-22 18:00:00', 126), 1525.25, 1476.5, 3001.75, 450.26, 3452.01, N'Efectivo');
INSERT INTO [Facturas] ([id_factura], [orden_id], [fecha_emision], [monto_repuestos], [mano_obra], [subtotal], [impuestos], [total], [metodo_pago]) VALUES (30, 30, CONVERT(DATETIME2, '2026-05-23 02:00:00', 126), 1567.5, 1505, 3072.5, 460.88, 3533.38, N'Transferencia');
INSERT INTO [Facturas] ([id_factura], [orden_id], [fecha_emision], [monto_repuestos], [mano_obra], [subtotal], [impuestos], [total], [metodo_pago]) VALUES (31, 31, CONVERT(DATETIME2, '2026-05-23 10:00:00', 126), 1609.75, 1533.5, 3143.25, 471.49, 3614.74, N'Tarjeta');
INSERT INTO [Facturas] ([id_factura], [orden_id], [fecha_emision], [monto_repuestos], [mano_obra], [subtotal], [impuestos], [total], [metodo_pago]) VALUES (32, 32, CONVERT(DATETIME2, '2026-05-23 18:00:00', 126), 1652, 1562, 3214, 482.1, 3696.1, N'Transferencia');
INSERT INTO [Facturas] ([id_factura], [orden_id], [fecha_emision], [monto_repuestos], [mano_obra], [subtotal], [impuestos], [total], [metodo_pago]) VALUES (33, 33, CONVERT(DATETIME2, '2026-05-24 02:00:00', 126), 1694.25, 1590.5, 3284.75, 492.71, 3777.46, N'Efectivo');
INSERT INTO [Facturas] ([id_factura], [orden_id], [fecha_emision], [monto_repuestos], [mano_obra], [subtotal], [impuestos], [total], [metodo_pago]) VALUES (34, 34, CONVERT(DATETIME2, '2026-05-24 10:00:00', 126), 1736.5, 1619, 3355.5, 503.33, 3858.83, N'Transferencia');
INSERT INTO [Facturas] ([id_factura], [orden_id], [fecha_emision], [monto_repuestos], [mano_obra], [subtotal], [impuestos], [total], [metodo_pago]) VALUES (35, 35, CONVERT(DATETIME2, '2026-05-24 18:00:00', 126), 1778.75, 1647.5, 3426.25, 513.94, 3940.19, N'Tarjeta');
INSERT INTO [Facturas] ([id_factura], [orden_id], [fecha_emision], [monto_repuestos], [mano_obra], [subtotal], [impuestos], [total], [metodo_pago]) VALUES (36, 36, CONVERT(DATETIME2, '2026-05-25 02:00:00', 126), 1821, 1676, 3497, 524.55, 4021.55, N'Transferencia');
INSERT INTO [Facturas] ([id_factura], [orden_id], [fecha_emision], [monto_repuestos], [mano_obra], [subtotal], [impuestos], [total], [metodo_pago]) VALUES (37, 37, CONVERT(DATETIME2, '2026-05-25 10:00:00', 126), 1863.25, 1704.5, 3567.75, 535.16, 4102.91, N'Efectivo');
INSERT INTO [Facturas] ([id_factura], [orden_id], [fecha_emision], [monto_repuestos], [mano_obra], [subtotal], [impuestos], [total], [metodo_pago]) VALUES (38, 38, CONVERT(DATETIME2, '2026-05-25 18:00:00', 126), 1905.5, 1733, 3638.5, 545.78, 4184.28, N'Transferencia');
INSERT INTO [Facturas] ([id_factura], [orden_id], [fecha_emision], [monto_repuestos], [mano_obra], [subtotal], [impuestos], [total], [metodo_pago]) VALUES (39, 39, CONVERT(DATETIME2, '2026-05-26 02:00:00', 126), 1947.75, 1761.5, 3709.25, 556.39, 4265.64, N'Tarjeta');
INSERT INTO [Facturas] ([id_factura], [orden_id], [fecha_emision], [monto_repuestos], [mano_obra], [subtotal], [impuestos], [total], [metodo_pago]) VALUES (40, 40, CONVERT(DATETIME2, '2026-05-26 10:00:00', 126), 1990, 1790, 3780, 567, 4347, N'Transferencia');
INSERT INTO [Facturas] ([id_factura], [orden_id], [fecha_emision], [monto_repuestos], [mano_obra], [subtotal], [impuestos], [total], [metodo_pago]) VALUES (41, 41, CONVERT(DATETIME2, '2026-05-26 18:00:00', 126), 2032.25, 1818.5, 3850.75, 577.61, 4428.36, N'Efectivo');
INSERT INTO [Facturas] ([id_factura], [orden_id], [fecha_emision], [monto_repuestos], [mano_obra], [subtotal], [impuestos], [total], [metodo_pago]) VALUES (42, 42, CONVERT(DATETIME2, '2026-05-27 02:00:00', 126), 2074.5, 1847, 3921.5, 588.23, 4509.73, N'Transferencia');
INSERT INTO [Facturas] ([id_factura], [orden_id], [fecha_emision], [monto_repuestos], [mano_obra], [subtotal], [impuestos], [total], [metodo_pago]) VALUES (43, 43, CONVERT(DATETIME2, '2026-05-27 10:00:00', 126), 2116.75, 1875.5, 3992.25, 598.84, 4591.09, N'Tarjeta');
INSERT INTO [Facturas] ([id_factura], [orden_id], [fecha_emision], [monto_repuestos], [mano_obra], [subtotal], [impuestos], [total], [metodo_pago]) VALUES (44, 44, CONVERT(DATETIME2, '2026-05-27 18:00:00', 126), 2159, 1904, 4063, 609.45, 4672.45, N'Transferencia');
INSERT INTO [Facturas] ([id_factura], [orden_id], [fecha_emision], [monto_repuestos], [mano_obra], [subtotal], [impuestos], [total], [metodo_pago]) VALUES (45, 45, CONVERT(DATETIME2, '2026-05-28 02:00:00', 126), 2201.25, 1932.5, 4133.75, 620.06, 4753.81, N'Efectivo');
INSERT INTO [Facturas] ([id_factura], [orden_id], [fecha_emision], [monto_repuestos], [mano_obra], [subtotal], [impuestos], [total], [metodo_pago]) VALUES (46, 46, CONVERT(DATETIME2, '2026-05-28 10:00:00', 126), 2243.5, 1961, 4204.5, 630.68, 4835.18, N'Transferencia');
INSERT INTO [Facturas] ([id_factura], [orden_id], [fecha_emision], [monto_repuestos], [mano_obra], [subtotal], [impuestos], [total], [metodo_pago]) VALUES (47, 47, CONVERT(DATETIME2, '2026-05-28 18:00:00', 126), 2285.75, 1989.5, 4275.25, 641.29, 4916.54, N'Tarjeta');
INSERT INTO [Facturas] ([id_factura], [orden_id], [fecha_emision], [monto_repuestos], [mano_obra], [subtotal], [impuestos], [total], [metodo_pago]) VALUES (48, 48, CONVERT(DATETIME2, '2026-05-29 02:00:00', 126), 2328, 2018, 4346, 651.9, 4997.9, N'Transferencia');
INSERT INTO [Facturas] ([id_factura], [orden_id], [fecha_emision], [monto_repuestos], [mano_obra], [subtotal], [impuestos], [total], [metodo_pago]) VALUES (49, 49, CONVERT(DATETIME2, '2026-05-29 10:00:00', 126), 2370.25, 2046.5, 4416.75, 662.51, 5079.26, N'Efectivo');
INSERT INTO [Facturas] ([id_factura], [orden_id], [fecha_emision], [monto_repuestos], [mano_obra], [subtotal], [impuestos], [total], [metodo_pago]) VALUES (50, 50, CONVERT(DATETIME2, '2026-05-29 18:00:00', 126), 2412.5, 2075, 4487.5, 673.13, 5160.63, N'Transferencia');
INSERT INTO [Facturas] ([id_factura], [orden_id], [fecha_emision], [monto_repuestos], [mano_obra], [subtotal], [impuestos], [total], [metodo_pago]) VALUES (51, 51, CONVERT(DATETIME2, '2026-05-30 02:00:00', 126), 2454.75, 2103.5, 4558.25, 683.74, 5241.99, N'Tarjeta');
INSERT INTO [Facturas] ([id_factura], [orden_id], [fecha_emision], [monto_repuestos], [mano_obra], [subtotal], [impuestos], [total], [metodo_pago]) VALUES (52, 52, CONVERT(DATETIME2, '2026-05-30 10:00:00', 126), 2497, 2132, 4629, 694.35, 5323.35, N'Transferencia');
INSERT INTO [Facturas] ([id_factura], [orden_id], [fecha_emision], [monto_repuestos], [mano_obra], [subtotal], [impuestos], [total], [metodo_pago]) VALUES (53, 53, CONVERT(DATETIME2, '2026-05-30 18:00:00', 126), 2539.25, 2160.5, 4699.75, 704.96, 5404.71, N'Efectivo');
INSERT INTO [Facturas] ([id_factura], [orden_id], [fecha_emision], [monto_repuestos], [mano_obra], [subtotal], [impuestos], [total], [metodo_pago]) VALUES (54, 54, CONVERT(DATETIME2, '2026-05-31 02:00:00', 126), 2581.5, 2189, 4770.5, 715.58, 5486.08, N'Transferencia');
INSERT INTO [Facturas] ([id_factura], [orden_id], [fecha_emision], [monto_repuestos], [mano_obra], [subtotal], [impuestos], [total], [metodo_pago]) VALUES (55, 55, CONVERT(DATETIME2, '2026-05-31 10:00:00', 126), 2623.75, 2217.5, 4841.25, 726.19, 5567.44, N'Tarjeta');
INSERT INTO [Facturas] ([id_factura], [orden_id], [fecha_emision], [monto_repuestos], [mano_obra], [subtotal], [impuestos], [total], [metodo_pago]) VALUES (56, 56, CONVERT(DATETIME2, '2026-05-31 18:00:00', 126), 2666, 2246, 4912, 736.8, 5648.8, N'Transferencia');
INSERT INTO [Facturas] ([id_factura], [orden_id], [fecha_emision], [monto_repuestos], [mano_obra], [subtotal], [impuestos], [total], [metodo_pago]) VALUES (57, 57, CONVERT(DATETIME2, '2026-06-01 02:00:00', 126), 2708.25, 2274.5, 4982.75, 747.41, 5730.16, N'Efectivo');
INSERT INTO [Facturas] ([id_factura], [orden_id], [fecha_emision], [monto_repuestos], [mano_obra], [subtotal], [impuestos], [total], [metodo_pago]) VALUES (58, 58, CONVERT(DATETIME2, '2026-06-01 10:00:00', 126), 2750.5, 2303, 5053.5, 758.03, 5811.53, N'Transferencia');
INSERT INTO [Facturas] ([id_factura], [orden_id], [fecha_emision], [monto_repuestos], [mano_obra], [subtotal], [impuestos], [total], [metodo_pago]) VALUES (59, 59, CONVERT(DATETIME2, '2026-06-01 18:00:00', 126), 2792.75, 2331.5, 5124.25, 768.64, 5892.89, N'Tarjeta');
INSERT INTO [Facturas] ([id_factura], [orden_id], [fecha_emision], [monto_repuestos], [mano_obra], [subtotal], [impuestos], [total], [metodo_pago]) VALUES (60, 60, CONVERT(DATETIME2, '2026-06-02 02:00:00', 126), 2835, 2360, 5195, 779.25, 5974.25, N'Transferencia');
INSERT INTO [Facturas] ([id_factura], [orden_id], [fecha_emision], [monto_repuestos], [mano_obra], [subtotal], [impuestos], [total], [metodo_pago]) VALUES (61, 61, CONVERT(DATETIME2, '2026-06-02 10:00:00', 126), 2877.25, 2388.5, 5265.75, 789.86, 6055.61, N'Efectivo');
INSERT INTO [Facturas] ([id_factura], [orden_id], [fecha_emision], [monto_repuestos], [mano_obra], [subtotal], [impuestos], [total], [metodo_pago]) VALUES (62, 62, CONVERT(DATETIME2, '2026-06-02 18:00:00', 126), 2919.5, 2417, 5336.5, 800.48, 6136.98, N'Transferencia');
INSERT INTO [Facturas] ([id_factura], [orden_id], [fecha_emision], [monto_repuestos], [mano_obra], [subtotal], [impuestos], [total], [metodo_pago]) VALUES (63, 63, CONVERT(DATETIME2, '2026-06-03 02:00:00', 126), 2961.75, 2445.5, 5407.25, 811.09, 6218.34, N'Tarjeta');
INSERT INTO [Facturas] ([id_factura], [orden_id], [fecha_emision], [monto_repuestos], [mano_obra], [subtotal], [impuestos], [total], [metodo_pago]) VALUES (64, 64, CONVERT(DATETIME2, '2026-06-03 10:00:00', 126), 3004, 2474, 5478, 821.7, 6299.7, N'Transferencia');
INSERT INTO [Facturas] ([id_factura], [orden_id], [fecha_emision], [monto_repuestos], [mano_obra], [subtotal], [impuestos], [total], [metodo_pago]) VALUES (65, 65, CONVERT(DATETIME2, '2026-06-03 18:00:00', 126), 3046.25, 2502.5, 5548.75, 832.31, 6381.06, N'Efectivo');
INSERT INTO [Facturas] ([id_factura], [orden_id], [fecha_emision], [monto_repuestos], [mano_obra], [subtotal], [impuestos], [total], [metodo_pago]) VALUES (66, 66, CONVERT(DATETIME2, '2026-06-04 02:00:00', 126), 3088.5, 2531, 5619.5, 842.93, 6462.43, N'Transferencia');
INSERT INTO [Facturas] ([id_factura], [orden_id], [fecha_emision], [monto_repuestos], [mano_obra], [subtotal], [impuestos], [total], [metodo_pago]) VALUES (67, 67, CONVERT(DATETIME2, '2026-06-04 10:00:00', 126), 3130.75, 2559.5, 5690.25, 853.54, 6543.79, N'Tarjeta');
INSERT INTO [Facturas] ([id_factura], [orden_id], [fecha_emision], [monto_repuestos], [mano_obra], [subtotal], [impuestos], [total], [metodo_pago]) VALUES (68, 68, CONVERT(DATETIME2, '2026-06-04 18:00:00', 126), 3173, 2588, 5761, 864.15, 6625.15, N'Transferencia');
INSERT INTO [Facturas] ([id_factura], [orden_id], [fecha_emision], [monto_repuestos], [mano_obra], [subtotal], [impuestos], [total], [metodo_pago]) VALUES (69, 69, CONVERT(DATETIME2, '2026-06-05 02:00:00', 126), 3215.25, 2616.5, 5831.75, 874.76, 6706.51, N'Efectivo');
INSERT INTO [Facturas] ([id_factura], [orden_id], [fecha_emision], [monto_repuestos], [mano_obra], [subtotal], [impuestos], [total], [metodo_pago]) VALUES (70, 70, CONVERT(DATETIME2, '2026-06-05 10:00:00', 126), 3257.5, 2645, 5902.5, 885.38, 6787.88, N'Transferencia');
INSERT INTO [Facturas] ([id_factura], [orden_id], [fecha_emision], [monto_repuestos], [mano_obra], [subtotal], [impuestos], [total], [metodo_pago]) VALUES (71, 71, CONVERT(DATETIME2, '2026-06-05 18:00:00', 126), 3299.75, 2673.5, 5973.25, 895.99, 6869.24, N'Tarjeta');
INSERT INTO [Facturas] ([id_factura], [orden_id], [fecha_emision], [monto_repuestos], [mano_obra], [subtotal], [impuestos], [total], [metodo_pago]) VALUES (72, 72, CONVERT(DATETIME2, '2026-06-06 02:00:00', 126), 3342, 2702, 6044, 906.6, 6950.6, N'Transferencia');
INSERT INTO [Facturas] ([id_factura], [orden_id], [fecha_emision], [monto_repuestos], [mano_obra], [subtotal], [impuestos], [total], [metodo_pago]) VALUES (73, 73, CONVERT(DATETIME2, '2026-06-06 10:00:00', 126), 3384.25, 2730.5, 6114.75, 917.21, 7031.96, N'Efectivo');
INSERT INTO [Facturas] ([id_factura], [orden_id], [fecha_emision], [monto_repuestos], [mano_obra], [subtotal], [impuestos], [total], [metodo_pago]) VALUES (74, 74, CONVERT(DATETIME2, '2026-06-06 18:00:00', 126), 3426.5, 2759, 6185.5, 927.83, 7113.33, N'Transferencia');
INSERT INTO [Facturas] ([id_factura], [orden_id], [fecha_emision], [monto_repuestos], [mano_obra], [subtotal], [impuestos], [total], [metodo_pago]) VALUES (75, 75, CONVERT(DATETIME2, '2026-06-07 02:00:00', 126), 3468.75, 2787.5, 6256.25, 938.44, 7194.69, N'Tarjeta');
INSERT INTO [Facturas] ([id_factura], [orden_id], [fecha_emision], [monto_repuestos], [mano_obra], [subtotal], [impuestos], [total], [metodo_pago]) VALUES (76, 76, CONVERT(DATETIME2, '2026-06-07 10:00:00', 126), 3511, 2816, 6327, 949.05, 7276.05, N'Transferencia');
INSERT INTO [Facturas] ([id_factura], [orden_id], [fecha_emision], [monto_repuestos], [mano_obra], [subtotal], [impuestos], [total], [metodo_pago]) VALUES (77, 77, CONVERT(DATETIME2, '2026-06-07 18:00:00', 126), 3553.25, 2844.5, 6397.75, 959.66, 7357.41, N'Efectivo');
INSERT INTO [Facturas] ([id_factura], [orden_id], [fecha_emision], [monto_repuestos], [mano_obra], [subtotal], [impuestos], [total], [metodo_pago]) VALUES (78, 78, CONVERT(DATETIME2, '2026-06-08 02:00:00', 126), 3595.5, 2873, 6468.5, 970.28, 7438.78, N'Transferencia');
INSERT INTO [Facturas] ([id_factura], [orden_id], [fecha_emision], [monto_repuestos], [mano_obra], [subtotal], [impuestos], [total], [metodo_pago]) VALUES (79, 79, CONVERT(DATETIME2, '2026-06-08 10:00:00', 126), 3637.75, 2901.5, 6539.25, 980.89, 7520.14, N'Tarjeta');
INSERT INTO [Facturas] ([id_factura], [orden_id], [fecha_emision], [monto_repuestos], [mano_obra], [subtotal], [impuestos], [total], [metodo_pago]) VALUES (80, 80, CONVERT(DATETIME2, '2026-06-08 18:00:00', 126), 3680, 2930, 6610, 991.5, 7601.5, N'Transferencia');
INSERT INTO [Facturas] ([id_factura], [orden_id], [fecha_emision], [monto_repuestos], [mano_obra], [subtotal], [impuestos], [total], [metodo_pago]) VALUES (81, 81, CONVERT(DATETIME2, '2026-06-09 02:00:00', 126), 3722.25, 2958.5, 6680.75, 1002.11, 7682.86, N'Efectivo');
INSERT INTO [Facturas] ([id_factura], [orden_id], [fecha_emision], [monto_repuestos], [mano_obra], [subtotal], [impuestos], [total], [metodo_pago]) VALUES (82, 82, CONVERT(DATETIME2, '2026-06-09 10:00:00', 126), 3764.5, 2987, 6751.5, 1012.73, 7764.23, N'Transferencia');
INSERT INTO [Facturas] ([id_factura], [orden_id], [fecha_emision], [monto_repuestos], [mano_obra], [subtotal], [impuestos], [total], [metodo_pago]) VALUES (83, 83, CONVERT(DATETIME2, '2026-06-09 18:00:00', 126), 3806.75, 3015.5, 6822.25, 1023.34, 7845.59, N'Tarjeta');
INSERT INTO [Facturas] ([id_factura], [orden_id], [fecha_emision], [monto_repuestos], [mano_obra], [subtotal], [impuestos], [total], [metodo_pago]) VALUES (84, 84, CONVERT(DATETIME2, '2026-06-10 02:00:00', 126), 3849, 3044, 6893, 1033.95, 7926.95, N'Transferencia');
INSERT INTO [Facturas] ([id_factura], [orden_id], [fecha_emision], [monto_repuestos], [mano_obra], [subtotal], [impuestos], [total], [metodo_pago]) VALUES (85, 85, CONVERT(DATETIME2, '2026-06-10 10:00:00', 126), 3891.25, 3072.5, 6963.75, 1044.56, 8008.31, N'Efectivo');
INSERT INTO [Facturas] ([id_factura], [orden_id], [fecha_emision], [monto_repuestos], [mano_obra], [subtotal], [impuestos], [total], [metodo_pago]) VALUES (86, 86, CONVERT(DATETIME2, '2026-06-10 18:00:00', 126), 3933.5, 3101, 7034.5, 1055.18, 8089.68, N'Transferencia');
INSERT INTO [Facturas] ([id_factura], [orden_id], [fecha_emision], [monto_repuestos], [mano_obra], [subtotal], [impuestos], [total], [metodo_pago]) VALUES (87, 87, CONVERT(DATETIME2, '2026-06-11 02:00:00', 126), 3975.75, 3129.5, 7105.25, 1065.79, 8171.04, N'Tarjeta');
INSERT INTO [Facturas] ([id_factura], [orden_id], [fecha_emision], [monto_repuestos], [mano_obra], [subtotal], [impuestos], [total], [metodo_pago]) VALUES (88, 88, CONVERT(DATETIME2, '2026-06-11 10:00:00', 126), 4018, 3158, 7176, 1076.4, 8252.4, N'Transferencia');
INSERT INTO [Facturas] ([id_factura], [orden_id], [fecha_emision], [monto_repuestos], [mano_obra], [subtotal], [impuestos], [total], [metodo_pago]) VALUES (89, 89, CONVERT(DATETIME2, '2026-06-11 18:00:00', 126), 4060.25, 3186.5, 7246.75, 1087.01, 8333.76, N'Efectivo');
INSERT INTO [Facturas] ([id_factura], [orden_id], [fecha_emision], [monto_repuestos], [mano_obra], [subtotal], [impuestos], [total], [metodo_pago]) VALUES (90, 90, CONVERT(DATETIME2, '2026-06-12 02:00:00', 126), 4102.5, 3215, 7317.5, 1097.63, 8415.13, N'Transferencia');
INSERT INTO [Facturas] ([id_factura], [orden_id], [fecha_emision], [monto_repuestos], [mano_obra], [subtotal], [impuestos], [total], [metodo_pago]) VALUES (91, 91, CONVERT(DATETIME2, '2026-06-12 10:00:00', 126), 4144.75, 3243.5, 7388.25, 1108.24, 8496.49, N'Tarjeta');
INSERT INTO [Facturas] ([id_factura], [orden_id], [fecha_emision], [monto_repuestos], [mano_obra], [subtotal], [impuestos], [total], [metodo_pago]) VALUES (92, 92, CONVERT(DATETIME2, '2026-06-12 18:00:00', 126), 4187, 3272, 7459, 1118.85, 8577.85, N'Transferencia');
INSERT INTO [Facturas] ([id_factura], [orden_id], [fecha_emision], [monto_repuestos], [mano_obra], [subtotal], [impuestos], [total], [metodo_pago]) VALUES (93, 93, CONVERT(DATETIME2, '2026-06-13 02:00:00', 126), 4229.25, 3300.5, 7529.75, 1129.46, 8659.21, N'Efectivo');
INSERT INTO [Facturas] ([id_factura], [orden_id], [fecha_emision], [monto_repuestos], [mano_obra], [subtotal], [impuestos], [total], [metodo_pago]) VALUES (94, 94, CONVERT(DATETIME2, '2026-06-13 10:00:00', 126), 4271.5, 3329, 7600.5, 1140.08, 8740.58, N'Transferencia');
INSERT INTO [Facturas] ([id_factura], [orden_id], [fecha_emision], [monto_repuestos], [mano_obra], [subtotal], [impuestos], [total], [metodo_pago]) VALUES (95, 95, CONVERT(DATETIME2, '2026-06-13 18:00:00', 126), 4313.75, 3357.5, 7671.25, 1150.69, 8821.94, N'Tarjeta');
INSERT INTO [Facturas] ([id_factura], [orden_id], [fecha_emision], [monto_repuestos], [mano_obra], [subtotal], [impuestos], [total], [metodo_pago]) VALUES (96, 96, CONVERT(DATETIME2, '2026-06-14 02:00:00', 126), 4356, 3386, 7742, 1161.3, 8903.3, N'Transferencia');
INSERT INTO [Facturas] ([id_factura], [orden_id], [fecha_emision], [monto_repuestos], [mano_obra], [subtotal], [impuestos], [total], [metodo_pago]) VALUES (97, 97, CONVERT(DATETIME2, '2026-06-14 10:00:00', 126), 4398.25, 3414.5, 7812.75, 1171.91, 8984.66, N'Efectivo');
INSERT INTO [Facturas] ([id_factura], [orden_id], [fecha_emision], [monto_repuestos], [mano_obra], [subtotal], [impuestos], [total], [metodo_pago]) VALUES (98, 98, CONVERT(DATETIME2, '2026-06-14 18:00:00', 126), 4440.5, 3443, 7883.5, 1182.53, 9066.03, N'Transferencia');
INSERT INTO [Facturas] ([id_factura], [orden_id], [fecha_emision], [monto_repuestos], [mano_obra], [subtotal], [impuestos], [total], [metodo_pago]) VALUES (99, 99, CONVERT(DATETIME2, '2026-06-15 02:00:00', 126), 4482.75, 3471.5, 7954.25, 1193.14, 9147.39, N'Tarjeta');
INSERT INTO [Facturas] ([id_factura], [orden_id], [fecha_emision], [monto_repuestos], [mano_obra], [subtotal], [impuestos], [total], [metodo_pago]) VALUES (100, 100, CONVERT(DATETIME2, '2026-06-15 10:00:00', 126), 4525, 3500, 8025, 1203.75, 9228.75, N'Transferencia');
INSERT INTO [Facturas] ([id_factura], [orden_id], [fecha_emision], [monto_repuestos], [mano_obra], [subtotal], [impuestos], [total], [metodo_pago]) VALUES (101, 101, CONVERT(DATETIME2, '2026-06-15 18:00:00', 126), 4567.25, 3528.5, 8095.75, 1214.36, 9310.11, N'Efectivo');
INSERT INTO [Facturas] ([id_factura], [orden_id], [fecha_emision], [monto_repuestos], [mano_obra], [subtotal], [impuestos], [total], [metodo_pago]) VALUES (102, 102, CONVERT(DATETIME2, '2026-06-16 02:00:00', 126), 4609.5, 3557, 8166.5, 1224.98, 9391.48, N'Transferencia');
INSERT INTO [Facturas] ([id_factura], [orden_id], [fecha_emision], [monto_repuestos], [mano_obra], [subtotal], [impuestos], [total], [metodo_pago]) VALUES (103, 103, CONVERT(DATETIME2, '2026-06-16 10:00:00', 126), 4651.75, 3585.5, 8237.25, 1235.59, 9472.84, N'Tarjeta');
INSERT INTO [Facturas] ([id_factura], [orden_id], [fecha_emision], [monto_repuestos], [mano_obra], [subtotal], [impuestos], [total], [metodo_pago]) VALUES (104, 104, CONVERT(DATETIME2, '2026-06-16 18:00:00', 126), 4694, 3614, 8308, 1246.2, 9554.2, N'Transferencia');
INSERT INTO [Facturas] ([id_factura], [orden_id], [fecha_emision], [monto_repuestos], [mano_obra], [subtotal], [impuestos], [total], [metodo_pago]) VALUES (105, 105, CONVERT(DATETIME2, '2026-06-17 02:00:00', 126), 4736.25, 3642.5, 8378.75, 1256.81, 9635.56, N'Efectivo');
INSERT INTO [Facturas] ([id_factura], [orden_id], [fecha_emision], [monto_repuestos], [mano_obra], [subtotal], [impuestos], [total], [metodo_pago]) VALUES (106, 106, CONVERT(DATETIME2, '2026-06-17 10:00:00', 126), 4778.5, 3671, 8449.5, 1267.43, 9716.93, N'Transferencia');
INSERT INTO [Facturas] ([id_factura], [orden_id], [fecha_emision], [monto_repuestos], [mano_obra], [subtotal], [impuestos], [total], [metodo_pago]) VALUES (107, 107, CONVERT(DATETIME2, '2026-06-17 18:00:00', 126), 4820.75, 3699.5, 8520.25, 1278.04, 9798.29, N'Tarjeta');
INSERT INTO [Facturas] ([id_factura], [orden_id], [fecha_emision], [monto_repuestos], [mano_obra], [subtotal], [impuestos], [total], [metodo_pago]) VALUES (108, 108, CONVERT(DATETIME2, '2026-06-18 02:00:00', 126), 4863, 3728, 8591, 1288.65, 9879.65, N'Transferencia');
INSERT INTO [Facturas] ([id_factura], [orden_id], [fecha_emision], [monto_repuestos], [mano_obra], [subtotal], [impuestos], [total], [metodo_pago]) VALUES (109, 109, CONVERT(DATETIME2, '2026-06-18 10:00:00', 126), 4905.25, 3756.5, 8661.75, 1299.26, 9961.01, N'Efectivo');
INSERT INTO [Facturas] ([id_factura], [orden_id], [fecha_emision], [monto_repuestos], [mano_obra], [subtotal], [impuestos], [total], [metodo_pago]) VALUES (110, 110, CONVERT(DATETIME2, '2026-06-18 18:00:00', 126), 4947.5, 3785, 8732.5, 1309.88, 10042.38, N'Transferencia');
INSERT INTO [Facturas] ([id_factura], [orden_id], [fecha_emision], [monto_repuestos], [mano_obra], [subtotal], [impuestos], [total], [metodo_pago]) VALUES (111, 111, CONVERT(DATETIME2, '2026-06-19 02:00:00', 126), 4989.75, 3813.5, 8803.25, 1320.49, 10123.74, N'Tarjeta');
INSERT INTO [Facturas] ([id_factura], [orden_id], [fecha_emision], [monto_repuestos], [mano_obra], [subtotal], [impuestos], [total], [metodo_pago]) VALUES (112, 112, CONVERT(DATETIME2, '2026-06-19 10:00:00', 126), 5032, 3842, 8874, 1331.1, 10205.1, N'Transferencia');
INSERT INTO [Facturas] ([id_factura], [orden_id], [fecha_emision], [monto_repuestos], [mano_obra], [subtotal], [impuestos], [total], [metodo_pago]) VALUES (113, 113, CONVERT(DATETIME2, '2026-06-19 18:00:00', 126), 5074.25, 3870.5, 8944.75, 1341.71, 10286.46, N'Efectivo');
INSERT INTO [Facturas] ([id_factura], [orden_id], [fecha_emision], [monto_repuestos], [mano_obra], [subtotal], [impuestos], [total], [metodo_pago]) VALUES (114, 114, CONVERT(DATETIME2, '2026-06-20 02:00:00', 126), 5116.5, 3899, 9015.5, 1352.33, 10367.83, N'Transferencia');
INSERT INTO [Facturas] ([id_factura], [orden_id], [fecha_emision], [monto_repuestos], [mano_obra], [subtotal], [impuestos], [total], [metodo_pago]) VALUES (115, 115, CONVERT(DATETIME2, '2026-06-20 10:00:00', 126), 5158.75, 3927.5, 9086.25, 1362.94, 10449.19, N'Tarjeta');
INSERT INTO [Facturas] ([id_factura], [orden_id], [fecha_emision], [monto_repuestos], [mano_obra], [subtotal], [impuestos], [total], [metodo_pago]) VALUES (116, 116, CONVERT(DATETIME2, '2026-06-20 18:00:00', 126), 5201, 3956, 9157, 1373.55, 10530.55, N'Transferencia');
INSERT INTO [Facturas] ([id_factura], [orden_id], [fecha_emision], [monto_repuestos], [mano_obra], [subtotal], [impuestos], [total], [metodo_pago]) VALUES (117, 117, CONVERT(DATETIME2, '2026-06-21 02:00:00', 126), 5243.25, 3984.5, 9227.75, 1384.16, 10611.91, N'Efectivo');
INSERT INTO [Facturas] ([id_factura], [orden_id], [fecha_emision], [monto_repuestos], [mano_obra], [subtotal], [impuestos], [total], [metodo_pago]) VALUES (118, 118, CONVERT(DATETIME2, '2026-06-21 10:00:00', 126), 5285.5, 4013, 9298.5, 1394.78, 10693.28, N'Transferencia');
INSERT INTO [Facturas] ([id_factura], [orden_id], [fecha_emision], [monto_repuestos], [mano_obra], [subtotal], [impuestos], [total], [metodo_pago]) VALUES (119, 119, CONVERT(DATETIME2, '2026-06-21 18:00:00', 126), 5327.75, 4041.5, 9369.25, 1405.39, 10774.64, N'Tarjeta');
INSERT INTO [Facturas] ([id_factura], [orden_id], [fecha_emision], [monto_repuestos], [mano_obra], [subtotal], [impuestos], [total], [metodo_pago]) VALUES (120, 120, CONVERT(DATETIME2, '2026-06-22 02:00:00', 126), 5370, 4070, 9440, 1416, 10856, N'Transferencia');
GO

-- Datos de Garantias: 120 registros
INSERT INTO [Garantias] ([id_garantia], [factura_id], [condiciones], [duracion_meses], [fecha_inicio], [fecha_vencimiento]) VALUES (1, 1, N'Garantia limitada sobre repuesto instalado; no cubre humedad ni golpes.', 2, CONVERT(DATETIME2, '2026-05-13 10:00:00', 126), CONVERT(DATETIME2, '2026-07-13 10:00:00', 126));
INSERT INTO [Garantias] ([id_garantia], [factura_id], [condiciones], [duracion_meses], [fecha_inicio], [fecha_vencimiento]) VALUES (2, 2, N'Garantia sobre mano de obra y ajuste final del equipo.', 3, CONVERT(DATETIME2, '2026-05-13 18:00:00', 126), CONVERT(DATETIME2, '2026-08-13 18:00:00', 126));
INSERT INTO [Garantias] ([id_garantia], [factura_id], [condiciones], [duracion_meses], [fecha_inicio], [fecha_vencimiento]) VALUES (3, 3, N'Garantia condicionada a uso correcto y regulacion electrica.', 4, CONVERT(DATETIME2, '2026-05-14 02:00:00', 126), CONVERT(DATETIME2, '2026-09-14 02:00:00', 126));
INSERT INTO [Garantias] ([id_garantia], [factura_id], [condiciones], [duracion_meses], [fecha_inicio], [fecha_vencimiento]) VALUES (4, 4, N'Servicio de diagnostico con garantia limitada por revision.', 5, CONVERT(DATETIME2, '2026-05-14 10:00:00', 126), CONVERT(DATETIME2, '2026-10-14 10:00:00', 126));
INSERT INTO [Garantias] ([id_garantia], [factura_id], [condiciones], [duracion_meses], [fecha_inicio], [fecha_vencimiento]) VALUES (5, 5, N'Garantia sobre limpieza, calibracion y pruebas funcionales.', 6, CONVERT(DATETIME2, '2026-05-14 18:00:00', 126), CONVERT(DATETIME2, '2026-11-14 18:00:00', 126));
INSERT INTO [Garantias] ([id_garantia], [factura_id], [condiciones], [duracion_meses], [fecha_inicio], [fecha_vencimiento]) VALUES (6, 6, N'Garantia limitada sobre repuesto instalado; no cubre humedad ni golpes.', 1, CONVERT(DATETIME2, '2026-05-15 02:00:00', 126), CONVERT(DATETIME2, '2026-06-15 02:00:00', 126));
INSERT INTO [Garantias] ([id_garantia], [factura_id], [condiciones], [duracion_meses], [fecha_inicio], [fecha_vencimiento]) VALUES (7, 7, N'Garantia sobre mano de obra y ajuste final del equipo.', 2, CONVERT(DATETIME2, '2026-05-15 10:00:00', 126), CONVERT(DATETIME2, '2026-07-15 10:00:00', 126));
INSERT INTO [Garantias] ([id_garantia], [factura_id], [condiciones], [duracion_meses], [fecha_inicio], [fecha_vencimiento]) VALUES (8, 8, N'Garantia condicionada a uso correcto y regulacion electrica.', 3, CONVERT(DATETIME2, '2026-05-15 18:00:00', 126), CONVERT(DATETIME2, '2026-08-15 18:00:00', 126));
INSERT INTO [Garantias] ([id_garantia], [factura_id], [condiciones], [duracion_meses], [fecha_inicio], [fecha_vencimiento]) VALUES (9, 9, N'Servicio de diagnostico con garantia limitada por revision.', 4, CONVERT(DATETIME2, '2026-05-16 02:00:00', 126), CONVERT(DATETIME2, '2026-09-16 02:00:00', 126));
INSERT INTO [Garantias] ([id_garantia], [factura_id], [condiciones], [duracion_meses], [fecha_inicio], [fecha_vencimiento]) VALUES (10, 10, N'Garantia sobre limpieza, calibracion y pruebas funcionales.', 5, CONVERT(DATETIME2, '2026-05-16 10:00:00', 126), CONVERT(DATETIME2, '2026-10-16 10:00:00', 126));
INSERT INTO [Garantias] ([id_garantia], [factura_id], [condiciones], [duracion_meses], [fecha_inicio], [fecha_vencimiento]) VALUES (11, 11, N'Garantia limitada sobre repuesto instalado; no cubre humedad ni golpes.', 6, CONVERT(DATETIME2, '2026-05-16 18:00:00', 126), CONVERT(DATETIME2, '2026-11-16 18:00:00', 126));
INSERT INTO [Garantias] ([id_garantia], [factura_id], [condiciones], [duracion_meses], [fecha_inicio], [fecha_vencimiento]) VALUES (12, 12, N'Garantia sobre mano de obra y ajuste final del equipo.', 1, CONVERT(DATETIME2, '2026-05-17 02:00:00', 126), CONVERT(DATETIME2, '2026-06-17 02:00:00', 126));
INSERT INTO [Garantias] ([id_garantia], [factura_id], [condiciones], [duracion_meses], [fecha_inicio], [fecha_vencimiento]) VALUES (13, 13, N'Garantia condicionada a uso correcto y regulacion electrica.', 2, CONVERT(DATETIME2, '2026-05-17 10:00:00', 126), CONVERT(DATETIME2, '2026-07-17 10:00:00', 126));
INSERT INTO [Garantias] ([id_garantia], [factura_id], [condiciones], [duracion_meses], [fecha_inicio], [fecha_vencimiento]) VALUES (14, 14, N'Servicio de diagnostico con garantia limitada por revision.', 3, CONVERT(DATETIME2, '2026-05-17 18:00:00', 126), CONVERT(DATETIME2, '2026-08-17 18:00:00', 126));
INSERT INTO [Garantias] ([id_garantia], [factura_id], [condiciones], [duracion_meses], [fecha_inicio], [fecha_vencimiento]) VALUES (15, 15, N'Garantia sobre limpieza, calibracion y pruebas funcionales.', 4, CONVERT(DATETIME2, '2026-05-18 02:00:00', 126), CONVERT(DATETIME2, '2026-09-18 02:00:00', 126));
INSERT INTO [Garantias] ([id_garantia], [factura_id], [condiciones], [duracion_meses], [fecha_inicio], [fecha_vencimiento]) VALUES (16, 16, N'Garantia limitada sobre repuesto instalado; no cubre humedad ni golpes.', 5, CONVERT(DATETIME2, '2026-05-18 10:00:00', 126), CONVERT(DATETIME2, '2026-10-18 10:00:00', 126));
INSERT INTO [Garantias] ([id_garantia], [factura_id], [condiciones], [duracion_meses], [fecha_inicio], [fecha_vencimiento]) VALUES (17, 17, N'Garantia sobre mano de obra y ajuste final del equipo.', 6, CONVERT(DATETIME2, '2026-05-18 18:00:00', 126), CONVERT(DATETIME2, '2026-11-18 18:00:00', 126));
INSERT INTO [Garantias] ([id_garantia], [factura_id], [condiciones], [duracion_meses], [fecha_inicio], [fecha_vencimiento]) VALUES (18, 18, N'Garantia condicionada a uso correcto y regulacion electrica.', 1, CONVERT(DATETIME2, '2026-05-19 02:00:00', 126), CONVERT(DATETIME2, '2026-06-19 02:00:00', 126));
INSERT INTO [Garantias] ([id_garantia], [factura_id], [condiciones], [duracion_meses], [fecha_inicio], [fecha_vencimiento]) VALUES (19, 19, N'Servicio de diagnostico con garantia limitada por revision.', 2, CONVERT(DATETIME2, '2026-05-19 10:00:00', 126), CONVERT(DATETIME2, '2026-07-19 10:00:00', 126));
INSERT INTO [Garantias] ([id_garantia], [factura_id], [condiciones], [duracion_meses], [fecha_inicio], [fecha_vencimiento]) VALUES (20, 20, N'Garantia sobre limpieza, calibracion y pruebas funcionales.', 3, CONVERT(DATETIME2, '2026-05-19 18:00:00', 126), CONVERT(DATETIME2, '2026-08-19 18:00:00', 126));
INSERT INTO [Garantias] ([id_garantia], [factura_id], [condiciones], [duracion_meses], [fecha_inicio], [fecha_vencimiento]) VALUES (21, 21, N'Garantia limitada sobre repuesto instalado; no cubre humedad ni golpes.', 4, CONVERT(DATETIME2, '2026-05-20 02:00:00', 126), CONVERT(DATETIME2, '2026-09-20 02:00:00', 126));
INSERT INTO [Garantias] ([id_garantia], [factura_id], [condiciones], [duracion_meses], [fecha_inicio], [fecha_vencimiento]) VALUES (22, 22, N'Garantia sobre mano de obra y ajuste final del equipo.', 5, CONVERT(DATETIME2, '2026-05-20 10:00:00', 126), CONVERT(DATETIME2, '2026-10-20 10:00:00', 126));
INSERT INTO [Garantias] ([id_garantia], [factura_id], [condiciones], [duracion_meses], [fecha_inicio], [fecha_vencimiento]) VALUES (23, 23, N'Garantia condicionada a uso correcto y regulacion electrica.', 6, CONVERT(DATETIME2, '2026-05-20 18:00:00', 126), CONVERT(DATETIME2, '2026-11-20 18:00:00', 126));
INSERT INTO [Garantias] ([id_garantia], [factura_id], [condiciones], [duracion_meses], [fecha_inicio], [fecha_vencimiento]) VALUES (24, 24, N'Servicio de diagnostico con garantia limitada por revision.', 1, CONVERT(DATETIME2, '2026-05-21 02:00:00', 126), CONVERT(DATETIME2, '2026-06-21 02:00:00', 126));
INSERT INTO [Garantias] ([id_garantia], [factura_id], [condiciones], [duracion_meses], [fecha_inicio], [fecha_vencimiento]) VALUES (25, 25, N'Garantia sobre limpieza, calibracion y pruebas funcionales.', 2, CONVERT(DATETIME2, '2026-05-21 10:00:00', 126), CONVERT(DATETIME2, '2026-07-21 10:00:00', 126));
INSERT INTO [Garantias] ([id_garantia], [factura_id], [condiciones], [duracion_meses], [fecha_inicio], [fecha_vencimiento]) VALUES (26, 26, N'Garantia limitada sobre repuesto instalado; no cubre humedad ni golpes.', 3, CONVERT(DATETIME2, '2026-05-21 18:00:00', 126), CONVERT(DATETIME2, '2026-08-21 18:00:00', 126));
INSERT INTO [Garantias] ([id_garantia], [factura_id], [condiciones], [duracion_meses], [fecha_inicio], [fecha_vencimiento]) VALUES (27, 27, N'Garantia sobre mano de obra y ajuste final del equipo.', 4, CONVERT(DATETIME2, '2026-05-22 02:00:00', 126), CONVERT(DATETIME2, '2026-09-22 02:00:00', 126));
INSERT INTO [Garantias] ([id_garantia], [factura_id], [condiciones], [duracion_meses], [fecha_inicio], [fecha_vencimiento]) VALUES (28, 28, N'Garantia condicionada a uso correcto y regulacion electrica.', 5, CONVERT(DATETIME2, '2026-05-22 10:00:00', 126), CONVERT(DATETIME2, '2026-10-22 10:00:00', 126));
INSERT INTO [Garantias] ([id_garantia], [factura_id], [condiciones], [duracion_meses], [fecha_inicio], [fecha_vencimiento]) VALUES (29, 29, N'Servicio de diagnostico con garantia limitada por revision.', 6, CONVERT(DATETIME2, '2026-05-22 18:00:00', 126), CONVERT(DATETIME2, '2026-11-22 18:00:00', 126));
INSERT INTO [Garantias] ([id_garantia], [factura_id], [condiciones], [duracion_meses], [fecha_inicio], [fecha_vencimiento]) VALUES (30, 30, N'Garantia sobre limpieza, calibracion y pruebas funcionales.', 1, CONVERT(DATETIME2, '2026-05-23 02:00:00', 126), CONVERT(DATETIME2, '2026-06-23 02:00:00', 126));
INSERT INTO [Garantias] ([id_garantia], [factura_id], [condiciones], [duracion_meses], [fecha_inicio], [fecha_vencimiento]) VALUES (31, 31, N'Garantia limitada sobre repuesto instalado; no cubre humedad ni golpes.', 2, CONVERT(DATETIME2, '2026-05-23 10:00:00', 126), CONVERT(DATETIME2, '2026-07-23 10:00:00', 126));
INSERT INTO [Garantias] ([id_garantia], [factura_id], [condiciones], [duracion_meses], [fecha_inicio], [fecha_vencimiento]) VALUES (32, 32, N'Garantia sobre mano de obra y ajuste final del equipo.', 3, CONVERT(DATETIME2, '2026-05-23 18:00:00', 126), CONVERT(DATETIME2, '2026-08-23 18:00:00', 126));
INSERT INTO [Garantias] ([id_garantia], [factura_id], [condiciones], [duracion_meses], [fecha_inicio], [fecha_vencimiento]) VALUES (33, 33, N'Garantia condicionada a uso correcto y regulacion electrica.', 4, CONVERT(DATETIME2, '2026-05-24 02:00:00', 126), CONVERT(DATETIME2, '2026-09-24 02:00:00', 126));
INSERT INTO [Garantias] ([id_garantia], [factura_id], [condiciones], [duracion_meses], [fecha_inicio], [fecha_vencimiento]) VALUES (34, 34, N'Servicio de diagnostico con garantia limitada por revision.', 5, CONVERT(DATETIME2, '2026-05-24 10:00:00', 126), CONVERT(DATETIME2, '2026-10-24 10:00:00', 126));
INSERT INTO [Garantias] ([id_garantia], [factura_id], [condiciones], [duracion_meses], [fecha_inicio], [fecha_vencimiento]) VALUES (35, 35, N'Garantia sobre limpieza, calibracion y pruebas funcionales.', 6, CONVERT(DATETIME2, '2026-05-24 18:00:00', 126), CONVERT(DATETIME2, '2026-11-24 18:00:00', 126));
INSERT INTO [Garantias] ([id_garantia], [factura_id], [condiciones], [duracion_meses], [fecha_inicio], [fecha_vencimiento]) VALUES (36, 36, N'Garantia limitada sobre repuesto instalado; no cubre humedad ni golpes.', 1, CONVERT(DATETIME2, '2026-05-25 02:00:00', 126), CONVERT(DATETIME2, '2026-06-25 02:00:00', 126));
INSERT INTO [Garantias] ([id_garantia], [factura_id], [condiciones], [duracion_meses], [fecha_inicio], [fecha_vencimiento]) VALUES (37, 37, N'Garantia sobre mano de obra y ajuste final del equipo.', 2, CONVERT(DATETIME2, '2026-05-25 10:00:00', 126), CONVERT(DATETIME2, '2026-07-25 10:00:00', 126));
INSERT INTO [Garantias] ([id_garantia], [factura_id], [condiciones], [duracion_meses], [fecha_inicio], [fecha_vencimiento]) VALUES (38, 38, N'Garantia condicionada a uso correcto y regulacion electrica.', 3, CONVERT(DATETIME2, '2026-05-25 18:00:00', 126), CONVERT(DATETIME2, '2026-08-25 18:00:00', 126));
INSERT INTO [Garantias] ([id_garantia], [factura_id], [condiciones], [duracion_meses], [fecha_inicio], [fecha_vencimiento]) VALUES (39, 39, N'Servicio de diagnostico con garantia limitada por revision.', 4, CONVERT(DATETIME2, '2026-05-26 02:00:00', 126), CONVERT(DATETIME2, '2026-09-26 02:00:00', 126));
INSERT INTO [Garantias] ([id_garantia], [factura_id], [condiciones], [duracion_meses], [fecha_inicio], [fecha_vencimiento]) VALUES (40, 40, N'Garantia sobre limpieza, calibracion y pruebas funcionales.', 5, CONVERT(DATETIME2, '2026-05-26 10:00:00', 126), CONVERT(DATETIME2, '2026-10-26 10:00:00', 126));
INSERT INTO [Garantias] ([id_garantia], [factura_id], [condiciones], [duracion_meses], [fecha_inicio], [fecha_vencimiento]) VALUES (41, 41, N'Garantia limitada sobre repuesto instalado; no cubre humedad ni golpes.', 6, CONVERT(DATETIME2, '2026-05-26 18:00:00', 126), CONVERT(DATETIME2, '2026-11-26 18:00:00', 126));
INSERT INTO [Garantias] ([id_garantia], [factura_id], [condiciones], [duracion_meses], [fecha_inicio], [fecha_vencimiento]) VALUES (42, 42, N'Garantia sobre mano de obra y ajuste final del equipo.', 1, CONVERT(DATETIME2, '2026-05-27 02:00:00', 126), CONVERT(DATETIME2, '2026-06-27 02:00:00', 126));
INSERT INTO [Garantias] ([id_garantia], [factura_id], [condiciones], [duracion_meses], [fecha_inicio], [fecha_vencimiento]) VALUES (43, 43, N'Garantia condicionada a uso correcto y regulacion electrica.', 2, CONVERT(DATETIME2, '2026-05-27 10:00:00', 126), CONVERT(DATETIME2, '2026-07-27 10:00:00', 126));
INSERT INTO [Garantias] ([id_garantia], [factura_id], [condiciones], [duracion_meses], [fecha_inicio], [fecha_vencimiento]) VALUES (44, 44, N'Servicio de diagnostico con garantia limitada por revision.', 3, CONVERT(DATETIME2, '2026-05-27 18:00:00', 126), CONVERT(DATETIME2, '2026-08-27 18:00:00', 126));
INSERT INTO [Garantias] ([id_garantia], [factura_id], [condiciones], [duracion_meses], [fecha_inicio], [fecha_vencimiento]) VALUES (45, 45, N'Garantia sobre limpieza, calibracion y pruebas funcionales.', 4, CONVERT(DATETIME2, '2026-05-28 02:00:00', 126), CONVERT(DATETIME2, '2026-09-28 02:00:00', 126));
INSERT INTO [Garantias] ([id_garantia], [factura_id], [condiciones], [duracion_meses], [fecha_inicio], [fecha_vencimiento]) VALUES (46, 46, N'Garantia limitada sobre repuesto instalado; no cubre humedad ni golpes.', 5, CONVERT(DATETIME2, '2026-05-28 10:00:00', 126), CONVERT(DATETIME2, '2026-10-28 10:00:00', 126));
INSERT INTO [Garantias] ([id_garantia], [factura_id], [condiciones], [duracion_meses], [fecha_inicio], [fecha_vencimiento]) VALUES (47, 47, N'Garantia sobre mano de obra y ajuste final del equipo.', 6, CONVERT(DATETIME2, '2026-05-28 18:00:00', 126), CONVERT(DATETIME2, '2026-11-28 18:00:00', 126));
INSERT INTO [Garantias] ([id_garantia], [factura_id], [condiciones], [duracion_meses], [fecha_inicio], [fecha_vencimiento]) VALUES (48, 48, N'Garantia condicionada a uso correcto y regulacion electrica.', 1, CONVERT(DATETIME2, '2026-05-29 02:00:00', 126), CONVERT(DATETIME2, '2026-06-29 02:00:00', 126));
INSERT INTO [Garantias] ([id_garantia], [factura_id], [condiciones], [duracion_meses], [fecha_inicio], [fecha_vencimiento]) VALUES (49, 49, N'Servicio de diagnostico con garantia limitada por revision.', 2, CONVERT(DATETIME2, '2026-05-29 10:00:00', 126), CONVERT(DATETIME2, '2026-07-29 10:00:00', 126));
INSERT INTO [Garantias] ([id_garantia], [factura_id], [condiciones], [duracion_meses], [fecha_inicio], [fecha_vencimiento]) VALUES (50, 50, N'Garantia sobre limpieza, calibracion y pruebas funcionales.', 3, CONVERT(DATETIME2, '2026-05-29 18:00:00', 126), CONVERT(DATETIME2, '2026-08-29 18:00:00', 126));
INSERT INTO [Garantias] ([id_garantia], [factura_id], [condiciones], [duracion_meses], [fecha_inicio], [fecha_vencimiento]) VALUES (51, 51, N'Garantia limitada sobre repuesto instalado; no cubre humedad ni golpes.', 4, CONVERT(DATETIME2, '2026-05-30 02:00:00', 126), CONVERT(DATETIME2, '2026-09-30 02:00:00', 126));
INSERT INTO [Garantias] ([id_garantia], [factura_id], [condiciones], [duracion_meses], [fecha_inicio], [fecha_vencimiento]) VALUES (52, 52, N'Garantia sobre mano de obra y ajuste final del equipo.', 5, CONVERT(DATETIME2, '2026-05-30 10:00:00', 126), CONVERT(DATETIME2, '2026-10-30 10:00:00', 126));
INSERT INTO [Garantias] ([id_garantia], [factura_id], [condiciones], [duracion_meses], [fecha_inicio], [fecha_vencimiento]) VALUES (53, 53, N'Garantia condicionada a uso correcto y regulacion electrica.', 6, CONVERT(DATETIME2, '2026-05-30 18:00:00', 126), CONVERT(DATETIME2, '2026-11-30 18:00:00', 126));
INSERT INTO [Garantias] ([id_garantia], [factura_id], [condiciones], [duracion_meses], [fecha_inicio], [fecha_vencimiento]) VALUES (54, 54, N'Servicio de diagnostico con garantia limitada por revision.', 1, CONVERT(DATETIME2, '2026-05-31 02:00:00', 126), CONVERT(DATETIME2, '2026-06-30 02:00:00', 126));
INSERT INTO [Garantias] ([id_garantia], [factura_id], [condiciones], [duracion_meses], [fecha_inicio], [fecha_vencimiento]) VALUES (55, 55, N'Garantia sobre limpieza, calibracion y pruebas funcionales.', 2, CONVERT(DATETIME2, '2026-05-31 10:00:00', 126), CONVERT(DATETIME2, '2026-07-31 10:00:00', 126));
INSERT INTO [Garantias] ([id_garantia], [factura_id], [condiciones], [duracion_meses], [fecha_inicio], [fecha_vencimiento]) VALUES (56, 56, N'Garantia limitada sobre repuesto instalado; no cubre humedad ni golpes.', 3, CONVERT(DATETIME2, '2026-05-31 18:00:00', 126), CONVERT(DATETIME2, '2026-08-31 18:00:00', 126));
INSERT INTO [Garantias] ([id_garantia], [factura_id], [condiciones], [duracion_meses], [fecha_inicio], [fecha_vencimiento]) VALUES (57, 57, N'Garantia sobre mano de obra y ajuste final del equipo.', 4, CONVERT(DATETIME2, '2026-06-01 02:00:00', 126), CONVERT(DATETIME2, '2026-10-01 02:00:00', 126));
INSERT INTO [Garantias] ([id_garantia], [factura_id], [condiciones], [duracion_meses], [fecha_inicio], [fecha_vencimiento]) VALUES (58, 58, N'Garantia condicionada a uso correcto y regulacion electrica.', 5, CONVERT(DATETIME2, '2026-06-01 10:00:00', 126), CONVERT(DATETIME2, '2026-11-01 10:00:00', 126));
INSERT INTO [Garantias] ([id_garantia], [factura_id], [condiciones], [duracion_meses], [fecha_inicio], [fecha_vencimiento]) VALUES (59, 59, N'Servicio de diagnostico con garantia limitada por revision.', 6, CONVERT(DATETIME2, '2026-06-01 18:00:00', 126), CONVERT(DATETIME2, '2026-12-01 18:00:00', 126));
INSERT INTO [Garantias] ([id_garantia], [factura_id], [condiciones], [duracion_meses], [fecha_inicio], [fecha_vencimiento]) VALUES (60, 60, N'Garantia sobre limpieza, calibracion y pruebas funcionales.', 1, CONVERT(DATETIME2, '2026-06-02 02:00:00', 126), CONVERT(DATETIME2, '2026-07-02 02:00:00', 126));
INSERT INTO [Garantias] ([id_garantia], [factura_id], [condiciones], [duracion_meses], [fecha_inicio], [fecha_vencimiento]) VALUES (61, 61, N'Garantia limitada sobre repuesto instalado; no cubre humedad ni golpes.', 2, CONVERT(DATETIME2, '2026-06-02 10:00:00', 126), CONVERT(DATETIME2, '2026-08-02 10:00:00', 126));
INSERT INTO [Garantias] ([id_garantia], [factura_id], [condiciones], [duracion_meses], [fecha_inicio], [fecha_vencimiento]) VALUES (62, 62, N'Garantia sobre mano de obra y ajuste final del equipo.', 3, CONVERT(DATETIME2, '2026-06-02 18:00:00', 126), CONVERT(DATETIME2, '2026-09-02 18:00:00', 126));
INSERT INTO [Garantias] ([id_garantia], [factura_id], [condiciones], [duracion_meses], [fecha_inicio], [fecha_vencimiento]) VALUES (63, 63, N'Garantia condicionada a uso correcto y regulacion electrica.', 4, CONVERT(DATETIME2, '2026-06-03 02:00:00', 126), CONVERT(DATETIME2, '2026-10-03 02:00:00', 126));
INSERT INTO [Garantias] ([id_garantia], [factura_id], [condiciones], [duracion_meses], [fecha_inicio], [fecha_vencimiento]) VALUES (64, 64, N'Servicio de diagnostico con garantia limitada por revision.', 5, CONVERT(DATETIME2, '2026-06-03 10:00:00', 126), CONVERT(DATETIME2, '2026-11-03 10:00:00', 126));
INSERT INTO [Garantias] ([id_garantia], [factura_id], [condiciones], [duracion_meses], [fecha_inicio], [fecha_vencimiento]) VALUES (65, 65, N'Garantia sobre limpieza, calibracion y pruebas funcionales.', 6, CONVERT(DATETIME2, '2026-06-03 18:00:00', 126), CONVERT(DATETIME2, '2026-12-03 18:00:00', 126));
INSERT INTO [Garantias] ([id_garantia], [factura_id], [condiciones], [duracion_meses], [fecha_inicio], [fecha_vencimiento]) VALUES (66, 66, N'Garantia limitada sobre repuesto instalado; no cubre humedad ni golpes.', 1, CONVERT(DATETIME2, '2026-06-04 02:00:00', 126), CONVERT(DATETIME2, '2026-07-04 02:00:00', 126));
INSERT INTO [Garantias] ([id_garantia], [factura_id], [condiciones], [duracion_meses], [fecha_inicio], [fecha_vencimiento]) VALUES (67, 67, N'Garantia sobre mano de obra y ajuste final del equipo.', 2, CONVERT(DATETIME2, '2026-06-04 10:00:00', 126), CONVERT(DATETIME2, '2026-08-04 10:00:00', 126));
INSERT INTO [Garantias] ([id_garantia], [factura_id], [condiciones], [duracion_meses], [fecha_inicio], [fecha_vencimiento]) VALUES (68, 68, N'Garantia condicionada a uso correcto y regulacion electrica.', 3, CONVERT(DATETIME2, '2026-06-04 18:00:00', 126), CONVERT(DATETIME2, '2026-09-04 18:00:00', 126));
INSERT INTO [Garantias] ([id_garantia], [factura_id], [condiciones], [duracion_meses], [fecha_inicio], [fecha_vencimiento]) VALUES (69, 69, N'Servicio de diagnostico con garantia limitada por revision.', 4, CONVERT(DATETIME2, '2026-06-05 02:00:00', 126), CONVERT(DATETIME2, '2026-10-05 02:00:00', 126));
INSERT INTO [Garantias] ([id_garantia], [factura_id], [condiciones], [duracion_meses], [fecha_inicio], [fecha_vencimiento]) VALUES (70, 70, N'Garantia sobre limpieza, calibracion y pruebas funcionales.', 5, CONVERT(DATETIME2, '2026-06-05 10:00:00', 126), CONVERT(DATETIME2, '2026-11-05 10:00:00', 126));
INSERT INTO [Garantias] ([id_garantia], [factura_id], [condiciones], [duracion_meses], [fecha_inicio], [fecha_vencimiento]) VALUES (71, 71, N'Garantia limitada sobre repuesto instalado; no cubre humedad ni golpes.', 6, CONVERT(DATETIME2, '2026-06-05 18:00:00', 126), CONVERT(DATETIME2, '2026-12-05 18:00:00', 126));
INSERT INTO [Garantias] ([id_garantia], [factura_id], [condiciones], [duracion_meses], [fecha_inicio], [fecha_vencimiento]) VALUES (72, 72, N'Garantia sobre mano de obra y ajuste final del equipo.', 1, CONVERT(DATETIME2, '2026-06-06 02:00:00', 126), CONVERT(DATETIME2, '2026-07-06 02:00:00', 126));
INSERT INTO [Garantias] ([id_garantia], [factura_id], [condiciones], [duracion_meses], [fecha_inicio], [fecha_vencimiento]) VALUES (73, 73, N'Garantia condicionada a uso correcto y regulacion electrica.', 2, CONVERT(DATETIME2, '2026-06-06 10:00:00', 126), CONVERT(DATETIME2, '2026-08-06 10:00:00', 126));
INSERT INTO [Garantias] ([id_garantia], [factura_id], [condiciones], [duracion_meses], [fecha_inicio], [fecha_vencimiento]) VALUES (74, 74, N'Servicio de diagnostico con garantia limitada por revision.', 3, CONVERT(DATETIME2, '2026-06-06 18:00:00', 126), CONVERT(DATETIME2, '2026-09-06 18:00:00', 126));
INSERT INTO [Garantias] ([id_garantia], [factura_id], [condiciones], [duracion_meses], [fecha_inicio], [fecha_vencimiento]) VALUES (75, 75, N'Garantia sobre limpieza, calibracion y pruebas funcionales.', 4, CONVERT(DATETIME2, '2026-06-07 02:00:00', 126), CONVERT(DATETIME2, '2026-10-07 02:00:00', 126));
INSERT INTO [Garantias] ([id_garantia], [factura_id], [condiciones], [duracion_meses], [fecha_inicio], [fecha_vencimiento]) VALUES (76, 76, N'Garantia limitada sobre repuesto instalado; no cubre humedad ni golpes.', 5, CONVERT(DATETIME2, '2026-06-07 10:00:00', 126), CONVERT(DATETIME2, '2026-11-07 10:00:00', 126));
INSERT INTO [Garantias] ([id_garantia], [factura_id], [condiciones], [duracion_meses], [fecha_inicio], [fecha_vencimiento]) VALUES (77, 77, N'Garantia sobre mano de obra y ajuste final del equipo.', 6, CONVERT(DATETIME2, '2026-06-07 18:00:00', 126), CONVERT(DATETIME2, '2026-12-07 18:00:00', 126));
INSERT INTO [Garantias] ([id_garantia], [factura_id], [condiciones], [duracion_meses], [fecha_inicio], [fecha_vencimiento]) VALUES (78, 78, N'Garantia condicionada a uso correcto y regulacion electrica.', 1, CONVERT(DATETIME2, '2026-06-08 02:00:00', 126), CONVERT(DATETIME2, '2026-07-08 02:00:00', 126));
INSERT INTO [Garantias] ([id_garantia], [factura_id], [condiciones], [duracion_meses], [fecha_inicio], [fecha_vencimiento]) VALUES (79, 79, N'Servicio de diagnostico con garantia limitada por revision.', 2, CONVERT(DATETIME2, '2026-06-08 10:00:00', 126), CONVERT(DATETIME2, '2026-08-08 10:00:00', 126));
INSERT INTO [Garantias] ([id_garantia], [factura_id], [condiciones], [duracion_meses], [fecha_inicio], [fecha_vencimiento]) VALUES (80, 80, N'Garantia sobre limpieza, calibracion y pruebas funcionales.', 3, CONVERT(DATETIME2, '2026-06-08 18:00:00', 126), CONVERT(DATETIME2, '2026-09-08 18:00:00', 126));
INSERT INTO [Garantias] ([id_garantia], [factura_id], [condiciones], [duracion_meses], [fecha_inicio], [fecha_vencimiento]) VALUES (81, 81, N'Garantia limitada sobre repuesto instalado; no cubre humedad ni golpes.', 4, CONVERT(DATETIME2, '2026-06-09 02:00:00', 126), CONVERT(DATETIME2, '2026-10-09 02:00:00', 126));
INSERT INTO [Garantias] ([id_garantia], [factura_id], [condiciones], [duracion_meses], [fecha_inicio], [fecha_vencimiento]) VALUES (82, 82, N'Garantia sobre mano de obra y ajuste final del equipo.', 5, CONVERT(DATETIME2, '2026-06-09 10:00:00', 126), CONVERT(DATETIME2, '2026-11-09 10:00:00', 126));
INSERT INTO [Garantias] ([id_garantia], [factura_id], [condiciones], [duracion_meses], [fecha_inicio], [fecha_vencimiento]) VALUES (83, 83, N'Garantia condicionada a uso correcto y regulacion electrica.', 6, CONVERT(DATETIME2, '2026-06-09 18:00:00', 126), CONVERT(DATETIME2, '2026-12-09 18:00:00', 126));
INSERT INTO [Garantias] ([id_garantia], [factura_id], [condiciones], [duracion_meses], [fecha_inicio], [fecha_vencimiento]) VALUES (84, 84, N'Servicio de diagnostico con garantia limitada por revision.', 1, CONVERT(DATETIME2, '2026-06-10 02:00:00', 126), CONVERT(DATETIME2, '2026-07-10 02:00:00', 126));
INSERT INTO [Garantias] ([id_garantia], [factura_id], [condiciones], [duracion_meses], [fecha_inicio], [fecha_vencimiento]) VALUES (85, 85, N'Garantia sobre limpieza, calibracion y pruebas funcionales.', 2, CONVERT(DATETIME2, '2026-06-10 10:00:00', 126), CONVERT(DATETIME2, '2026-08-10 10:00:00', 126));
INSERT INTO [Garantias] ([id_garantia], [factura_id], [condiciones], [duracion_meses], [fecha_inicio], [fecha_vencimiento]) VALUES (86, 86, N'Garantia limitada sobre repuesto instalado; no cubre humedad ni golpes.', 3, CONVERT(DATETIME2, '2026-06-10 18:00:00', 126), CONVERT(DATETIME2, '2026-09-10 18:00:00', 126));
INSERT INTO [Garantias] ([id_garantia], [factura_id], [condiciones], [duracion_meses], [fecha_inicio], [fecha_vencimiento]) VALUES (87, 87, N'Garantia sobre mano de obra y ajuste final del equipo.', 4, CONVERT(DATETIME2, '2026-06-11 02:00:00', 126), CONVERT(DATETIME2, '2026-10-11 02:00:00', 126));
INSERT INTO [Garantias] ([id_garantia], [factura_id], [condiciones], [duracion_meses], [fecha_inicio], [fecha_vencimiento]) VALUES (88, 88, N'Garantia condicionada a uso correcto y regulacion electrica.', 5, CONVERT(DATETIME2, '2026-06-11 10:00:00', 126), CONVERT(DATETIME2, '2026-11-11 10:00:00', 126));
INSERT INTO [Garantias] ([id_garantia], [factura_id], [condiciones], [duracion_meses], [fecha_inicio], [fecha_vencimiento]) VALUES (89, 89, N'Servicio de diagnostico con garantia limitada por revision.', 6, CONVERT(DATETIME2, '2026-06-11 18:00:00', 126), CONVERT(DATETIME2, '2026-12-11 18:00:00', 126));
INSERT INTO [Garantias] ([id_garantia], [factura_id], [condiciones], [duracion_meses], [fecha_inicio], [fecha_vencimiento]) VALUES (90, 90, N'Garantia sobre limpieza, calibracion y pruebas funcionales.', 1, CONVERT(DATETIME2, '2026-06-12 02:00:00', 126), CONVERT(DATETIME2, '2026-07-12 02:00:00', 126));
INSERT INTO [Garantias] ([id_garantia], [factura_id], [condiciones], [duracion_meses], [fecha_inicio], [fecha_vencimiento]) VALUES (91, 91, N'Garantia limitada sobre repuesto instalado; no cubre humedad ni golpes.', 2, CONVERT(DATETIME2, '2026-06-12 10:00:00', 126), CONVERT(DATETIME2, '2026-08-12 10:00:00', 126));
INSERT INTO [Garantias] ([id_garantia], [factura_id], [condiciones], [duracion_meses], [fecha_inicio], [fecha_vencimiento]) VALUES (92, 92, N'Garantia sobre mano de obra y ajuste final del equipo.', 3, CONVERT(DATETIME2, '2026-06-12 18:00:00', 126), CONVERT(DATETIME2, '2026-09-12 18:00:00', 126));
INSERT INTO [Garantias] ([id_garantia], [factura_id], [condiciones], [duracion_meses], [fecha_inicio], [fecha_vencimiento]) VALUES (93, 93, N'Garantia condicionada a uso correcto y regulacion electrica.', 4, CONVERT(DATETIME2, '2026-06-13 02:00:00', 126), CONVERT(DATETIME2, '2026-10-13 02:00:00', 126));
INSERT INTO [Garantias] ([id_garantia], [factura_id], [condiciones], [duracion_meses], [fecha_inicio], [fecha_vencimiento]) VALUES (94, 94, N'Servicio de diagnostico con garantia limitada por revision.', 5, CONVERT(DATETIME2, '2026-06-13 10:00:00', 126), CONVERT(DATETIME2, '2026-11-13 10:00:00', 126));
INSERT INTO [Garantias] ([id_garantia], [factura_id], [condiciones], [duracion_meses], [fecha_inicio], [fecha_vencimiento]) VALUES (95, 95, N'Garantia sobre limpieza, calibracion y pruebas funcionales.', 6, CONVERT(DATETIME2, '2026-06-13 18:00:00', 126), CONVERT(DATETIME2, '2026-12-13 18:00:00', 126));
INSERT INTO [Garantias] ([id_garantia], [factura_id], [condiciones], [duracion_meses], [fecha_inicio], [fecha_vencimiento]) VALUES (96, 96, N'Garantia limitada sobre repuesto instalado; no cubre humedad ni golpes.', 1, CONVERT(DATETIME2, '2026-06-14 02:00:00', 126), CONVERT(DATETIME2, '2026-07-14 02:00:00', 126));
INSERT INTO [Garantias] ([id_garantia], [factura_id], [condiciones], [duracion_meses], [fecha_inicio], [fecha_vencimiento]) VALUES (97, 97, N'Garantia sobre mano de obra y ajuste final del equipo.', 2, CONVERT(DATETIME2, '2026-06-14 10:00:00', 126), CONVERT(DATETIME2, '2026-08-14 10:00:00', 126));
INSERT INTO [Garantias] ([id_garantia], [factura_id], [condiciones], [duracion_meses], [fecha_inicio], [fecha_vencimiento]) VALUES (98, 98, N'Garantia condicionada a uso correcto y regulacion electrica.', 3, CONVERT(DATETIME2, '2026-06-14 18:00:00', 126), CONVERT(DATETIME2, '2026-09-14 18:00:00', 126));
INSERT INTO [Garantias] ([id_garantia], [factura_id], [condiciones], [duracion_meses], [fecha_inicio], [fecha_vencimiento]) VALUES (99, 99, N'Servicio de diagnostico con garantia limitada por revision.', 4, CONVERT(DATETIME2, '2026-06-15 02:00:00', 126), CONVERT(DATETIME2, '2026-10-15 02:00:00', 126));
INSERT INTO [Garantias] ([id_garantia], [factura_id], [condiciones], [duracion_meses], [fecha_inicio], [fecha_vencimiento]) VALUES (100, 100, N'Garantia sobre limpieza, calibracion y pruebas funcionales.', 5, CONVERT(DATETIME2, '2026-06-15 10:00:00', 126), CONVERT(DATETIME2, '2026-11-15 10:00:00', 126));
INSERT INTO [Garantias] ([id_garantia], [factura_id], [condiciones], [duracion_meses], [fecha_inicio], [fecha_vencimiento]) VALUES (101, 101, N'Garantia limitada sobre repuesto instalado; no cubre humedad ni golpes.', 6, CONVERT(DATETIME2, '2026-06-15 18:00:00', 126), CONVERT(DATETIME2, '2026-12-15 18:00:00', 126));
INSERT INTO [Garantias] ([id_garantia], [factura_id], [condiciones], [duracion_meses], [fecha_inicio], [fecha_vencimiento]) VALUES (102, 102, N'Garantia sobre mano de obra y ajuste final del equipo.', 1, CONVERT(DATETIME2, '2026-06-16 02:00:00', 126), CONVERT(DATETIME2, '2026-07-16 02:00:00', 126));
INSERT INTO [Garantias] ([id_garantia], [factura_id], [condiciones], [duracion_meses], [fecha_inicio], [fecha_vencimiento]) VALUES (103, 103, N'Garantia condicionada a uso correcto y regulacion electrica.', 2, CONVERT(DATETIME2, '2026-06-16 10:00:00', 126), CONVERT(DATETIME2, '2026-08-16 10:00:00', 126));
INSERT INTO [Garantias] ([id_garantia], [factura_id], [condiciones], [duracion_meses], [fecha_inicio], [fecha_vencimiento]) VALUES (104, 104, N'Servicio de diagnostico con garantia limitada por revision.', 3, CONVERT(DATETIME2, '2026-06-16 18:00:00', 126), CONVERT(DATETIME2, '2026-09-16 18:00:00', 126));
INSERT INTO [Garantias] ([id_garantia], [factura_id], [condiciones], [duracion_meses], [fecha_inicio], [fecha_vencimiento]) VALUES (105, 105, N'Garantia sobre limpieza, calibracion y pruebas funcionales.', 4, CONVERT(DATETIME2, '2026-06-17 02:00:00', 126), CONVERT(DATETIME2, '2026-10-17 02:00:00', 126));
INSERT INTO [Garantias] ([id_garantia], [factura_id], [condiciones], [duracion_meses], [fecha_inicio], [fecha_vencimiento]) VALUES (106, 106, N'Garantia limitada sobre repuesto instalado; no cubre humedad ni golpes.', 5, CONVERT(DATETIME2, '2026-06-17 10:00:00', 126), CONVERT(DATETIME2, '2026-11-17 10:00:00', 126));
INSERT INTO [Garantias] ([id_garantia], [factura_id], [condiciones], [duracion_meses], [fecha_inicio], [fecha_vencimiento]) VALUES (107, 107, N'Garantia sobre mano de obra y ajuste final del equipo.', 6, CONVERT(DATETIME2, '2026-06-17 18:00:00', 126), CONVERT(DATETIME2, '2026-12-17 18:00:00', 126));
INSERT INTO [Garantias] ([id_garantia], [factura_id], [condiciones], [duracion_meses], [fecha_inicio], [fecha_vencimiento]) VALUES (108, 108, N'Garantia condicionada a uso correcto y regulacion electrica.', 1, CONVERT(DATETIME2, '2026-06-18 02:00:00', 126), CONVERT(DATETIME2, '2026-07-18 02:00:00', 126));
INSERT INTO [Garantias] ([id_garantia], [factura_id], [condiciones], [duracion_meses], [fecha_inicio], [fecha_vencimiento]) VALUES (109, 109, N'Servicio de diagnostico con garantia limitada por revision.', 2, CONVERT(DATETIME2, '2026-06-18 10:00:00', 126), CONVERT(DATETIME2, '2026-08-18 10:00:00', 126));
INSERT INTO [Garantias] ([id_garantia], [factura_id], [condiciones], [duracion_meses], [fecha_inicio], [fecha_vencimiento]) VALUES (110, 110, N'Garantia sobre limpieza, calibracion y pruebas funcionales.', 3, CONVERT(DATETIME2, '2026-06-18 18:00:00', 126), CONVERT(DATETIME2, '2026-09-18 18:00:00', 126));
INSERT INTO [Garantias] ([id_garantia], [factura_id], [condiciones], [duracion_meses], [fecha_inicio], [fecha_vencimiento]) VALUES (111, 111, N'Garantia limitada sobre repuesto instalado; no cubre humedad ni golpes.', 4, CONVERT(DATETIME2, '2026-06-19 02:00:00', 126), CONVERT(DATETIME2, '2026-10-19 02:00:00', 126));
INSERT INTO [Garantias] ([id_garantia], [factura_id], [condiciones], [duracion_meses], [fecha_inicio], [fecha_vencimiento]) VALUES (112, 112, N'Garantia sobre mano de obra y ajuste final del equipo.', 5, CONVERT(DATETIME2, '2026-06-19 10:00:00', 126), CONVERT(DATETIME2, '2026-11-19 10:00:00', 126));
INSERT INTO [Garantias] ([id_garantia], [factura_id], [condiciones], [duracion_meses], [fecha_inicio], [fecha_vencimiento]) VALUES (113, 113, N'Garantia condicionada a uso correcto y regulacion electrica.', 6, CONVERT(DATETIME2, '2026-06-19 18:00:00', 126), CONVERT(DATETIME2, '2026-12-19 18:00:00', 126));
INSERT INTO [Garantias] ([id_garantia], [factura_id], [condiciones], [duracion_meses], [fecha_inicio], [fecha_vencimiento]) VALUES (114, 114, N'Servicio de diagnostico con garantia limitada por revision.', 1, CONVERT(DATETIME2, '2026-06-20 02:00:00', 126), CONVERT(DATETIME2, '2026-07-20 02:00:00', 126));
INSERT INTO [Garantias] ([id_garantia], [factura_id], [condiciones], [duracion_meses], [fecha_inicio], [fecha_vencimiento]) VALUES (115, 115, N'Garantia sobre limpieza, calibracion y pruebas funcionales.', 2, CONVERT(DATETIME2, '2026-06-20 10:00:00', 126), CONVERT(DATETIME2, '2026-08-20 10:00:00', 126));
INSERT INTO [Garantias] ([id_garantia], [factura_id], [condiciones], [duracion_meses], [fecha_inicio], [fecha_vencimiento]) VALUES (116, 116, N'Garantia limitada sobre repuesto instalado; no cubre humedad ni golpes.', 3, CONVERT(DATETIME2, '2026-06-20 18:00:00', 126), CONVERT(DATETIME2, '2026-09-20 18:00:00', 126));
INSERT INTO [Garantias] ([id_garantia], [factura_id], [condiciones], [duracion_meses], [fecha_inicio], [fecha_vencimiento]) VALUES (117, 117, N'Garantia sobre mano de obra y ajuste final del equipo.', 4, CONVERT(DATETIME2, '2026-06-21 02:00:00', 126), CONVERT(DATETIME2, '2026-10-21 02:00:00', 126));
INSERT INTO [Garantias] ([id_garantia], [factura_id], [condiciones], [duracion_meses], [fecha_inicio], [fecha_vencimiento]) VALUES (118, 118, N'Garantia condicionada a uso correcto y regulacion electrica.', 5, CONVERT(DATETIME2, '2026-06-21 10:00:00', 126), CONVERT(DATETIME2, '2026-11-21 10:00:00', 126));
INSERT INTO [Garantias] ([id_garantia], [factura_id], [condiciones], [duracion_meses], [fecha_inicio], [fecha_vencimiento]) VALUES (119, 119, N'Servicio de diagnostico con garantia limitada por revision.', 6, CONVERT(DATETIME2, '2026-06-21 18:00:00', 126), CONVERT(DATETIME2, '2026-12-21 18:00:00', 126));
INSERT INTO [Garantias] ([id_garantia], [factura_id], [condiciones], [duracion_meses], [fecha_inicio], [fecha_vencimiento]) VALUES (120, 120, N'Garantia sobre limpieza, calibracion y pruebas funcionales.', 1, CONVERT(DATETIME2, '2026-06-22 02:00:00', 126), CONVERT(DATETIME2, '2026-07-22 02:00:00', 126));
GO

-- Llaves foraneas y restricciones
ALTER TABLE [Tecnicos] ADD CONSTRAINT [FK_Tecnicos_Usuarios] FOREIGN KEY ([usuario_id]) REFERENCES [Usuarios]([id_usuario]);
ALTER TABLE [Equipos] ADD CONSTRAINT [FK_Equipos_Clientes] FOREIGN KEY ([cliente_id]) REFERENCES [Clientes]([id_cliente]);
ALTER TABLE [Repuestos] ADD CONSTRAINT [FK_Repuestos_Categorias] FOREIGN KEY ([tipo_repuesto_id]) REFERENCES [Categorias_Repuestos]([id_tipo_repuesto]);
ALTER TABLE [Repuestos] ADD CONSTRAINT [FK_Repuestos_Proveedores] FOREIGN KEY ([proveedor_id]) REFERENCES [Proveedores]([id_proveedor]);
ALTER TABLE [Compras] ADD CONSTRAINT [FK_Compras_Repuestos] FOREIGN KEY ([repuesto_id]) REFERENCES [Repuestos]([id_repuesto]);
ALTER TABLE [Compras] ADD CONSTRAINT [FK_Compras_Proveedores] FOREIGN KEY ([proveedor_id]) REFERENCES [Proveedores]([id_proveedor]);
ALTER TABLE [Diagnosticos] ADD CONSTRAINT [FK_Diagnosticos_Equipos] FOREIGN KEY ([equipo_id]) REFERENCES [Equipos]([id_equipo]);
ALTER TABLE [Diagnosticos] ADD CONSTRAINT [FK_Diagnosticos_Tecnicos] FOREIGN KEY ([tecnico_id]) REFERENCES [Tecnicos]([id_tecnico]);
ALTER TABLE [Ordenes] ADD CONSTRAINT [FK_Ordenes_Diagnosticos] FOREIGN KEY ([diagnostico_id]) REFERENCES [Diagnosticos]([id_diagnostico]);
ALTER TABLE [Ordenes] ADD CONSTRAINT [FK_Ordenes_Tecnicos] FOREIGN KEY ([tecnico_id]) REFERENCES [Tecnicos]([id_tecnico]);
ALTER TABLE [Ordenes_Repuestos] ADD CONSTRAINT [FK_Ordenes_Repuestos_Ordenes] FOREIGN KEY ([orden_id]) REFERENCES [Ordenes]([id_orden]);
ALTER TABLE [Ordenes_Repuestos] ADD CONSTRAINT [FK_Ordenes_Repuestos_Repuestos] FOREIGN KEY ([repuesto_id]) REFERENCES [Repuestos]([id_repuesto]);
ALTER TABLE [Facturas] ADD CONSTRAINT [FK_Facturas_Ordenes] FOREIGN KEY ([orden_id]) REFERENCES [Ordenes]([id_orden]);
ALTER TABLE [Garantias] ADD CONSTRAINT [FK_Garantias_Facturas] FOREIGN KEY ([factura_id]) REFERENCES [Facturas]([id_factura]);
ALTER TABLE [Facturas] ADD CONSTRAINT [UQ_Facturas_Orden] UNIQUE ([orden_id]);
ALTER TABLE [Garantias] ADD CONSTRAINT [UQ_Garantias_Factura] UNIQUE ([factura_id]);
GO

-- Conteo rapido
SELECT 'Usuarios' AS tabla, COUNT(*) AS registros FROM [Usuarios]
UNION ALL
SELECT 'Tecnicos' AS tabla, COUNT(*) AS registros FROM [Tecnicos]
UNION ALL
SELECT 'Clientes' AS tabla, COUNT(*) AS registros FROM [Clientes]
UNION ALL
SELECT 'Equipos' AS tabla, COUNT(*) AS registros FROM [Equipos]
UNION ALL
SELECT 'Proveedores' AS tabla, COUNT(*) AS registros FROM [Proveedores]
UNION ALL
SELECT 'Categorias_Repuestos' AS tabla, COUNT(*) AS registros FROM [Categorias_Repuestos]
UNION ALL
SELECT 'Repuestos' AS tabla, COUNT(*) AS registros FROM [Repuestos]
UNION ALL
SELECT 'Compras' AS tabla, COUNT(*) AS registros FROM [Compras]
UNION ALL
SELECT 'Diagnosticos' AS tabla, COUNT(*) AS registros FROM [Diagnosticos]
UNION ALL
SELECT 'Ordenes' AS tabla, COUNT(*) AS registros FROM [Ordenes]
UNION ALL
SELECT 'Ordenes_Repuestos' AS tabla, COUNT(*) AS registros FROM [Ordenes_Repuestos]
UNION ALL
SELECT 'Facturas' AS tabla, COUNT(*) AS registros FROM [Facturas]
UNION ALL
SELECT 'Garantias' AS tabla, COUNT(*) AS registros FROM [Garantias];
GO
